file,line,status_code,enclosing_handler,classification
server/src/controllers/aiRmfController.ts,29,201,?,SUCCESS_2xx
server/src/controllers/aiRmfController.ts,272,201,?,SUCCESS_2xx
server/src/controllers/aiRmfController.ts,316,201,?,SUCCESS_2xx
server/src/controllers/aiRmfController.ts,375,201,?,SUCCESS_2xx
server/src/controllers/aiRmfController.ts,403,201,?,SUCCESS_2xx
server/src/controllers/auditController.ts,135,201,?,SUCCESS_2xx
server/src/controllers/controlMappingsController.ts,90,201,?,SUCCESS_2xx
server/src/controllers/authController.ts,747,200,?,SUCCESS_2xx
server/src/controllers/authController.ts,822,201,?,SUCCESS_2xx
server/src/controllers/euRegulationsController.ts,31,201,?,SUCCESS_2xx
server/src/controllers/euRegulationsController.ts,76,201,?,SUCCESS_2xx
server/src/controllers/euRegulationsController.ts,90,201,?,SUCCESS_2xx
server/src/controllers/euRegulationsController.ts,119,204,?,SUCCESS_2xx
server/src/controllers/euRegulationsController.ts,131,201,?,SUCCESS_2xx
server/src/controllers/euRegulationsController.ts,193,201,?,SUCCESS_2xx
server/src/controllers/euRegulationsController.ts,211,204,?,SUCCESS_2xx
server/src/controllers/euRegulationsController.ts,223,201,?,SUCCESS_2xx
server/src/controllers/euRegulationsController.ts,249,201,?,SUCCESS_2xx
server/src/controllers/euRegulationsController.ts,267,201,?,SUCCESS_2xx
server/src/controllers/euRegulationsController.ts,285,201,?,SUCCESS_2xx
server/src/controllers/euRegulationsController.ts,303,201,?,SUCCESS_2xx
server/src/controllers/euRegulationsController.ts,322,201,?,SUCCESS_2xx
server/src/controllers/euRegulationsController.ts,358,201,?,SUCCESS_2xx
server/src/controllers/euRegulationsController.ts,394,204,?,SUCCESS_2xx
server/src/controllers/evidenceVersioningController.ts,170,201,?,SUCCESS_2xx
server/src/controllers/demoController.ts,121,201,?,SUCCESS_2xx
server/src/controllers/onboardingController.ts,161,201,?,SUCCESS_2xx
server/src/controllers/featureModulesController.ts,47,201,?,SUCCESS_2xx
server/src/controllers/featureModulesController.ts,72,201,?,SUCCESS_2xx
server/src/controllers/featureModulesController.ts,94,201,?,SUCCESS_2xx
server/src/controllers/featureModulesController.ts,112,201,?,SUCCESS_2xx
server/src/controllers/featureModulesController.ts,170,201,?,SUCCESS_2xx
server/src/controllers/featureModulesController.ts,206,201,?,SUCCESS_2xx
server/src/controllers/featureModulesController.ts,234,201,?,SUCCESS_2xx
server/src/controllers/featureModulesController.ts,264,201,?,SUCCESS_2xx
server/src/controllers/featureModulesController.ts,300,201,?,SUCCESS_2xx
server/src/controllers/featureModulesController.ts,471,201,?,SUCCESS_2xx
server/src/controllers/featureModulesController.ts,641,201,?,SUCCESS_2xx
server/src/controllers/featureModulesController.ts,668,201,?,SUCCESS_2xx
server/src/controllers/featureModulesController.ts,741,201,?,SUCCESS_2xx
server/src/controllers/featureModulesController.ts,792,201,?,SUCCESS_2xx
server/src/controllers/featureModulesController.ts,813,201,?,SUCCESS_2xx
server/src/controllers/featureModulesController.ts,830,201,?,SUCCESS_2xx
server/src/controllers/featureModulesController.ts,930,201,?,SUCCESS_2xx
server/src/controllers/featureModulesController.ts,958,201,?,SUCCESS_2xx
server/src/controllers/featureModulesController.ts,993,201,?,SUCCESS_2xx
server/src/controllers/featureModulesController.ts,1029,201,?,SUCCESS_2xx
server/src/controllers/featureModulesController.ts,1065,201,?,SUCCESS_2xx
server/src/controllers/featureModulesController.ts,1110,201,?,SUCCESS_2xx
server/src/controllers/featureModulesController.ts,1153,201,?,SUCCESS_2xx
server/src/controllers/featureModulesController.ts,1313,404,?,ERROR_should_use_AppError
server/src/controllers/featureModulesController.ts,1393,201,?,SUCCESS_2xx
server/src/controllers/frameworksController.ts,191,201,?,SUCCESS_2xx
server/src/controllers/frameworksController.ts,565,201,?,SUCCESS_2xx
server/src/controllers/risksController.ts,164,201,?,SUCCESS_2xx
server/src/controllers/webhookController.ts,104,201,?,SUCCESS_2xx
server/src/controllers/webhookController.ts,205,422,?,ERROR_should_use_AppError
server/src/controllers/webhookController.ts,383,201,?,SUCCESS_2xx
