row_number,file,line,snippet,verdict,evidence_lines_read,evidence_quote,verified_at,verified_by
1,server/src/controllers/euRegulationsController.ts,31,res.status(201).json({ system });,STATUS_2XX_SUCCESS,server/src/controllers/euRegulationsController.ts:25-32,"registerAISystem: RequestHandler = asyncHandler(async (req: Request; res: Response): Promise<void> => { ... res.status(201).json({ system }); });",2026-05-25T00:00:00Z,controllers_chunk_01
2,server/src/controllers/euRegulationsController.ts,76,res.status(201).json({ assessment });,STATUS_2XX_SUCCESS,server/src/controllers/euRegulationsController.ts:69-77,"conductRiskAssessment asyncHandler wrapper auto-forwards errors to express; this is happy-path 201 after service call.",2026-05-25T00:00:00Z,controllers_chunk_01
3,server/src/controllers/euRegulationsController.ts,90,res.status(201).json({ report });,STATUS_2XX_SUCCESS,server/src/controllers/euRegulationsController.ts:79-91,"generateTransparencyReport asyncHandler wrapper; happy-path 201 after euAiActService.generateTransparencyReport().",2026-05-25T00:00:00Z,controllers_chunk_01
4,server/src/controllers/euRegulationsController.ts,119,res.status(204).send();,STATUS_2XX_SUCCESS,server/src/controllers/euRegulationsController.ts:113-120,"deleteAISystem asyncHandler wrapper; happy-path 204 No Content after delete.",2026-05-25T00:00:00Z,controllers_chunk_01
5,server/src/controllers/euRegulationsController.ts,131,res.status(201).json({ gatekeeper });,STATUS_2XX_SUCCESS,server/src/controllers/euRegulationsController.ts:126-132,"registerGatekeeper asyncHandler wrapper; happy-path 201.",2026-05-25T00:00:00Z,controllers_chunk_01
6,server/src/controllers/euRegulationsController.ts,193,res.status(201).json({ report });,STATUS_2XX_SUCCESS,server/src/controllers/euRegulationsController.ts:187-194,"generateComplianceReport asyncHandler wrapper; happy-path 201 after dmaService.generateComplianceReport().",2026-05-25T00:00:00Z,controllers_chunk_01
7,server/src/controllers/euRegulationsController.ts,211,res.status(204).send();,STATUS_2XX_SUCCESS,server/src/controllers/euRegulationsController.ts:205-212,"deleteGatekeeper asyncHandler wrapper; happy-path 204 No Content after delete.",2026-05-25T00:00:00Z,controllers_chunk_01
8,server/src/controllers/euRegulationsController.ts,223,res.status(201).json({ platform });,STATUS_2XX_SUCCESS,server/src/controllers/euRegulationsController.ts:218-224,"registerPlatform asyncHandler wrapper; happy-path 201 after dsaService.registerPlatform().",2026-05-25T00:00:00Z,controllers_chunk_01
9,server/src/controllers/euRegulationsController.ts,249,res.status(201).json({ moderation });,STATUS_2XX_SUCCESS,server/src/controllers/euRegulationsController.ts:243-250,"recordContentModeration asyncHandler wrapper; happy-path 201.",2026-05-25T00:00:00Z,controllers_chunk_01
10,server/src/controllers/euRegulationsController.ts,267,res.status(201).json({ report });,STATUS_2XX_SUCCESS,server/src/controllers/euRegulationsController.ts:261-268,"reportIllegalContent asyncHandler wrapper; happy-path 201.",2026-05-25T00:00:00Z,controllers_chunk_01
11,server/src/controllers/euRegulationsController.ts,285,res.status(201).json({ adEntry });,STATUS_2XX_SUCCESS,server/src/controllers/euRegulationsController.ts:279-286,"addAdToRepository asyncHandler wrapper; happy-path 201.",2026-05-25T00:00:00Z,controllers_chunk_01
12,server/src/controllers/euRegulationsController.ts,303,res.status(201).json({ report });,STATUS_2XX_SUCCESS,server/src/controllers/euRegulationsController.ts:297-304,"generateDSATransparencyReport asyncHandler wrapper; happy-path 201.",2026-05-25T00:00:00Z,controllers_chunk_01
13,server/src/controllers/euRegulationsController.ts,322,res.status(201).json({ assessment });,STATUS_2XX_SUCCESS,server/src/controllers/euRegulationsController.ts:315-323,"conductDSARiskAssessment asyncHandler wrapper; happy-path 201.",2026-05-25T00:00:00Z,controllers_chunk_01
14,server/src/controllers/euRegulationsController.ts,358,res.status(201).json({ feedConfig });,STATUS_2XX_SUCCESS,server/src/controllers/euRegulationsController.ts:352-359,"configureNonPersonalizedFeed asyncHandler wrapper; happy-path 201.",2026-05-25T00:00:00Z,controllers_chunk_01
15,server/src/controllers/euRegulationsController.ts,394,res.status(204).send();,STATUS_2XX_SUCCESS,server/src/controllers/euRegulationsController.ts:388-395,"deletePlatform asyncHandler wrapper; happy-path 204 No Content after delete.",2026-05-25T00:00:00Z,controllers_chunk_01
16,server/src/controllers/evidenceVersioningController.ts,170,res.status(201).json({ version });,STATUS_2XX_SUCCESS,server/src/controllers/evidenceVersioningController.ts:150-176,"res.status(201).json({ version }); } catch (error) { logger.error(...); if (error instanceof AppError) throw error; throw new AppError(...; 500); }",2026-05-25T00:00:00Z,controllers_chunk_01
17,server/src/controllers/auditController.ts,135,res.status(201).json(auditLog);,STATUS_2XX_SUCCESS,server/src/controllers/auditController.ts:115-141,"res.status(201).json(auditLog); } catch (error) { logger.error(...); if (error instanceof AppError) throw error; throw new AppError(...; 500); }",2026-05-25T00:00:00Z,controllers_chunk_01
18,server/src/controllers/controlMappingsController.ts,90,"res.status(201).json({ message: 'Mapping created successfully'; mapping });",STATUS_2XX_SUCCESS,server/src/controllers/controlMappingsController.ts:80-96,"res.status(201).json({ message: 'Mapping created successfully'; mapping }); } catch (error) { logger.error(...); throw new AppError(...; 500); }",2026-05-25T00:00:00Z,controllers_chunk_01
19,server/src/controllers/webhookController.ts,104,res.status(201).json({,STATUS_2XX_SUCCESS,server/src/controllers/webhookController.ts:70-116,"createWebhook: res.status(201).json({ webhook; message: 'Webhook created successfully...' }); catch block re-throws AppError to global handler.",2026-05-25T00:00:00Z,controllers_chunk_01
20,server/src/controllers/webhookController.ts,205,"res.status(422).json({",STATUS_4XX_VALIDATION_OK,server/src/controllers/webhookController.ts:189-220,"testWebhook normal control-flow: result.success ? res.json : res.status(422).json({ success: false; message: 'Webhook delivery failed'; ... }). Not a catch block — it's reporting webhook test result.",2026-05-25T00:00:00Z,controllers_chunk_01
21,server/src/controllers/webhookController.ts,383,res.status(201).json({,STATUS_2XX_SUCCESS,server/src/controllers/webhookController.ts:348-401,"createApiKey: res.status(201).json({ id: apiKey.id; ... key: keyRaw; ... }); catch block uses throw new AppError for proper delegation.",2026-05-25T00:00:00Z,controllers_chunk_01
22,server/src/controllers/authController.ts,747,res.status(200).json(response);,STATUS_2XX_SUCCESS,server/src/controllers/authController.ts:720-749,"Existing-user magic-link happy path: response includes message and email; 200 response then return; no error context.",2026-05-25T00:00:00Z,controllers_chunk_01
23,server/src/controllers/authController.ts,822,res.status(201).json(response);,STATUS_2XX_SUCCESS,server/src/controllers/authController.ts:807-829,"Successful user registration response (201). Surrounding try/catch re-throws AppError to global handler.",2026-05-25T00:00:00Z,controllers_chunk_01
24,server/src/controllers/risksController.ts,164,res.status(201).json(risk);,STATUS_2XX_SUCCESS,server/src/controllers/risksController.ts:140-171,"res.status(201).json(risk); logger.info(...); } catch (error) { ... if (error instanceof AppError) throw error; throw new AppError('Failed to create risk'; 500); }",2026-05-25T00:00:00Z,controllers_chunk_01
25,server/src/controllers/demoController.ts,121,res.status(201).json({,STATUS_2XX_SUCCESS,server/src/controllers/demoController.ts:100-129,"res.status(201).json({ success: true; message: 'Demo request submitted successfully!...'; requestId }); catch block delegates via next(error).",2026-05-25T00:00:00Z,controllers_chunk_01
26,server/src/controllers/frameworksController.ts,191,res.status(201).json(framework);,STATUS_2XX_SUCCESS,server/src/controllers/frameworksController.ts:180-198,"res.status(201).json(framework); logger.info(...); } catch (error) { ... if (error instanceof AppError) throw error; throw new AppError(...; 500); }",2026-05-25T00:00:00Z,controllers_chunk_01
27,server/src/controllers/frameworksController.ts,565,res.status(201).json(control);,STATUS_2XX_SUCCESS,server/src/controllers/frameworksController.ts:549-571,"res.status(201).json(control); } catch (error) { logger.error(...); if (error instanceof AppError) throw error; throw new AppError(...; 500); }",2026-05-25T00:00:00Z,controllers_chunk_01
28,server/src/controllers/featureModulesController.ts,47,res.status(201).json(body);,STATUS_2XX_SUCCESS,server/src/controllers/featureModulesController.ts:40-48,"createGovernanceBody RequestHandler: validates input then res.status(201).json(body). Throws AppError on validation; async errors propagated via Express 5 promise auto-catch.",2026-05-25T00:00:00Z,controllers_chunk_01
29,server/src/controllers/featureModulesController.ts,72,res.status(201).json(meeting);,STATUS_2XX_SUCCESS,server/src/controllers/featureModulesController.ts:66-73,"createMeeting: validates governanceBodyId/title/date then res.status(201).json(meeting). Happy-path 201.",2026-05-25T00:00:00Z,controllers_chunk_01
30,server/src/controllers/featureModulesController.ts,94,res.status(201).json(decision);,STATUS_2XX_SUCCESS,server/src/controllers/featureModulesController.ts:88-95,"createDecision: validates inputs then prisma.create + res.status(201).json(decision). Happy-path 201.",2026-05-25T00:00:00Z,controllers_chunk_01
31,server/src/controllers/featureModulesController.ts,112,res.status(201).json(path);,STATUS_2XX_SUCCESS,server/src/controllers/featureModulesController.ts:106-113,"createEscalationPath: validates governanceBodyId/name then res.status(201).json(path). Happy-path 201.",2026-05-25T00:00:00Z,controllers_chunk_01
32,server/src/controllers/featureModulesController.ts,170,res.status(201).json(incident);,STATUS_2XX_SUCCESS,server/src/controllers/featureModulesController.ts:156-171,"createBreachIncident: validates inputs then prisma.create + res.status(201).json(incident). Happy-path 201.",2026-05-25T00:00:00Z,controllers_chunk_01
33,server/src/controllers/featureModulesController.ts,206,res.status(201).json(notification);,STATUS_2XX_SUCCESS,server/src/controllers/featureModulesController.ts:200-207,"createBreachNotification: validates breachId/recipientType then prisma.create + res.status(201).json(notification). Happy-path 201.",2026-05-25T00:00:00Z,controllers_chunk_01
34,server/src/controllers/featureModulesController.ts,234,res.status(201).json(template);,STATUS_2XX_SUCCESS,server/src/controllers/featureModulesController.ts:226-235,"createBreachTemplate: validates inputs then res.status(201).json(template). Happy-path 201.",2026-05-25T00:00:00Z,controllers_chunk_01
35,server/src/controllers/featureModulesController.ts,264,res.status(201).json(contact);,STATUS_2XX_SUCCESS,server/src/controllers/featureModulesController.ts:256-265,"createRegulatoryContact: validates inputs then res.status(201).json(contact). Happy-path 201.",2026-05-25T00:00:00Z,controllers_chunk_01
36,server/src/controllers/featureModulesController.ts,300,res.status(201).json(product);,STATUS_2XX_SUCCESS,server/src/controllers/featureModulesController.ts:294-301,"createCEProduct: validates name/category then res.status(201).json(product). Happy-path 201.",2026-05-25T00:00:00Z,controllers_chunk_01
37,server/src/controllers/featureModulesController.ts,471,res.status(201).json(passport);,STATUS_2XX_SUCCESS,server/src/controllers/featureModulesController.ts:465-472,"createDPP: validates productName then prisma.digitalProductPassport.create + res.status(201).json(passport). Happy-path 201.",2026-05-25T00:00:00Z,controllers_chunk_01
38,server/src/controllers/featureModulesController.ts,641,res.status(201).json(metric);,STATUS_2XX_SUCCESS,server/src/controllers/featureModulesController.ts:633-642,"createESGMetric: validates inputs then res.status(201).json(metric). Happy-path 201.",2026-05-25T00:00:00Z,controllers_chunk_01
39,server/src/controllers/featureModulesController.ts,668,res.status(201).json(assessment);,STATUS_2XX_SUCCESS,server/src/controllers/featureModulesController.ts:662-669,"createMaterialityAssessment: validates topic then res.status(201).json(assessment). Happy-path 201.",2026-05-25T00:00:00Z,controllers_chunk_01
40,server/src/controllers/featureModulesController.ts,741,res.status(201).json(report);,STATUS_2XX_SUCCESS,server/src/controllers/featureModulesController.ts:692-742,"generateESGReport: aggregates metrics + materiality into computed report object then res.status(201).json(report). Happy-path 201.",2026-05-25T00:00:00Z,controllers_chunk_01
41,server/src/controllers/featureModulesController.ts,792,res.status(201).json(entry);,STATUS_2XX_SUCCESS,server/src/controllers/featureModulesController.ts:784-793,"createSBOMEntry: validates inputs then res.status(201).json(entry). Happy-path 201.",2026-05-25T00:00:00Z,controllers_chunk_01
42,server/src/controllers/featureModulesController.ts,813,res.status(201).json({ created: result.count });,STATUS_2XX_SUCCESS,server/src/controllers/featureModulesController.ts:805-814,"bulkCreateSBOMEntries: validates array then prisma.sBOMEntry.createMany + res.status(201).json({ created: result.count }). Happy-path 201.",2026-05-25T00:00:00Z,controllers_chunk_01
43,server/src/controllers/featureModulesController.ts,830,res.status(201).json(repo);,STATUS_2XX_SUCCESS,server/src/controllers/featureModulesController.ts:824-831,"createSBOMRepository: validates name then res.status(201).json(repo). Happy-path 201.",2026-05-25T00:00:00Z,controllers_chunk_01
44,server/src/controllers/featureModulesController.ts,930,res.status(201).json(plan);,STATUS_2XX_SUCCESS,server/src/controllers/featureModulesController.ts:921-931,"createSurveillancePlan: validates productName/planType/frequency then res.status(201).json(plan). Happy-path 201.",2026-05-25T00:00:00Z,controllers_chunk_01
45,server/src/controllers/featureModulesController.ts,958,res.status(201).json(incident);,STATUS_2XX_SUCCESS,server/src/controllers/featureModulesController.ts:950-959,"createSurveillanceIncident: validates inputs then res.status(201).json(incident). Happy-path 201.",2026-05-25T00:00:00Z,controllers_chunk_01
46,server/src/controllers/featureModulesController.ts,993,res.status(201).json(recall);,STATUS_2XX_SUCCESS,server/src/controllers/featureModulesController.ts:982-994,"createProductRecall: validates inputs then res.status(201).json(recall). Happy-path 201.",2026-05-25T00:00:00Z,controllers_chunk_01
47,server/src/controllers/featureModulesController.ts,1029,res.status(201).json(product);,STATUS_2XX_SUCCESS,server/src/controllers/featureModulesController.ts:1017-1030,"createProductDecommission: validates productName then res.status(201).json(product). Happy-path 201.",2026-05-25T00:00:00Z,controllers_chunk_01
48,server/src/controllers/featureModulesController.ts,1065,res.status(201).json(assessment);,STATUS_2XX_SUCCESS,server/src/controllers/featureModulesController.ts:1059-1066,"createLifecycleAssessment: validates productName then res.status(201).json(assessment). Happy-path 201.",2026-05-25T00:00:00Z,controllers_chunk_01
49,server/src/controllers/featureModulesController.ts,1110,res.status(201).json(product);,STATUS_2XX_SUCCESS,server/src/controllers/featureModulesController.ts:1100-1111,"createProductLifecycle: validates productName then res.status(201).json(product). Happy-path 201.",2026-05-25T00:00:00Z,controllers_chunk_01
50,server/src/controllers/featureModulesController.ts,1153,res.status(201).json(map);,STATUS_2XX_SUCCESS,server/src/controllers/featureModulesController.ts:1147-1154,"createProcessMap: validates name/nodes/edges then res.status(201).json(map). Happy-path 201.",2026-05-25T00:00:00Z,controllers_chunk_01
51,server/src/controllers/featureModulesController.ts,1313,"res.status(404).json({ connected: false; error: `No active ${provider} integration found` });",STATUS_4XX_VALIDATION_OK,server/src/controllers/featureModulesController.ts:1304-1333,"if (!integration) { res.status(404).json({ connected: false; error: `No active ${provider} integration found` }); return; }  // early-return when no resource found — not inside catch",2026-05-25T00:00:00Z,controllers_chunk_02
52,server/src/controllers/featureModulesController.ts,1393,res.status(201).json(record);,STATUS_2XX_SUCCESS,server/src/controllers/featureModulesController.ts:1386-1394,"const record = await prisma.metricsHistory.create({...}); res.status(201).json(record);  // happy-path create response; not in catch",2026-05-25T00:00:00Z,controllers_chunk_02
53,server/src/controllers/aiRmfController.ts,29,res.status(201).json(aiSystem);,STATUS_2XX_SUCCESS,server/src/controllers/aiRmfController.ts:12-35,"try { ... const aiSystem = await aiRmfService.createAISystem(...); res.status(201).json(aiSystem); } catch (error) { ... throw new AppError(...) }",2026-05-25T00:00:00Z,controllers_chunk_02
54,server/src/controllers/aiRmfController.ts,272,res.status(201).json(actor);,STATUS_2XX_SUCCESS,server/src/controllers/aiRmfController.ts:264-278,"try { ... const actor = await aiRmfService.addActor(...); res.status(201).json(actor); } catch { throw new AppError(...) }",2026-05-25T00:00:00Z,controllers_chunk_02
55,server/src/controllers/aiRmfController.ts,316,res.status(201).json(assessment);,STATUS_2XX_SUCCESS,server/src/controllers/aiRmfController.ts:300-322,"try { ... const assessment = await aiRmfService.createAssessment(...); res.status(201).json(assessment); } catch { throw new AppError(...) }",2026-05-25T00:00:00Z,controllers_chunk_02
56,server/src/controllers/aiRmfController.ts,375,res.status(201).json(profile);,STATUS_2XX_SUCCESS,server/src/controllers/aiRmfController.ts:367-381,"try { ... const profile = await aiRmfService.createProfile(...); res.status(201).json(profile); } catch { throw new AppError(...) }",2026-05-25T00:00:00Z,controllers_chunk_02
57,server/src/controllers/aiRmfController.ts,403,res.status(201).json(riskActivity);,STATUS_2XX_SUCCESS,server/src/controllers/aiRmfController.ts:387-409,"try { ... const riskActivity = await aiRmfService.createRiskActivity(...); res.status(201).json(riskActivity); } catch { throw new AppError(...) }",2026-05-25T00:00:00Z,controllers_chunk_02
58,server/src/controllers/onboardingController.ts,161,"res.status(201).json({ event });",STATUS_2XX_SUCCESS,server/src/controllers/onboardingController.ts:141-167,"try { ... const event = await prisma.onboardingEvent.create({...}); res.status(201).json({ event }); } catch { throw new AppError(...) }",2026-05-25T00:00:00Z,controllers_chunk_02
59,server/src/routes/privacy.ts,252,res.status(201).json(dsar);,STATUS_2XX_SUCCESS,server/src/routes/privacy.ts:240-258,"... res.status(201).json(dsar); } catch (error) { if (error instanceof AppError) throw error; logger.error(...); throw new AppError('Failed to create DSAR'; 500); }",2026-05-25T00:00:00Z,controllers_chunk_02
60,server/src/routes/privacy.ts,499,res.status(201).json(record);,STATUS_2XX_SUCCESS,server/src/routes/privacy.ts:487-505,"... }); res.status(201).json(record); } catch (error) { if (error instanceof AppError) throw error; logger.error(...); throw new AppError('Failed to create consent record'; 500); }",2026-05-25T00:00:00Z,controllers_chunk_02
61,server/src/routes/privacy.ts,818,res.status(201).json(policy);,STATUS_2XX_SUCCESS,server/src/routes/privacy.ts:805-824,"... res.status(201).json(policy); } catch (error) { if (error instanceof AppError) throw error; logger.error(...); throw new AppError('Failed to create retention policy'; 500); }",2026-05-25T00:00:00Z,controllers_chunk_02
62,server/src/routes/privacy.ts,882,res.status(204).send();,STATUS_2XX_SUCCESS,server/src/routes/privacy.ts:867-889,"await prisma.retentionPolicy.delete({ where: { id: req.params.id } }); res.status(204).send();  // 204 No Content on successful delete; not in catch",2026-05-25T00:00:00Z,controllers_chunk_02
63,server/src/routes/privacy.ts,1045,res.status(201).json(template);,STATUS_2XX_SUCCESS,server/src/routes/privacy.ts:1030-1051,"... res.status(201).json(template); } catch (error) { if (error instanceof AppError) throw error; logger.error(...); throw new AppError('Failed to create SCC template'; 500); }",2026-05-25T00:00:00Z,controllers_chunk_02
64,server/src/routes/privacy.ts,1253,res.status(201).json(program);,STATUS_2XX_SUCCESS,server/src/routes/privacy.ts:1240-1259,"... res.status(201).json(program); } catch (error) { if (error instanceof AppError) throw error; logger.error(...); throw new AppError('Failed to create BCR program'; 500); }",2026-05-25T00:00:00Z,controllers_chunk_02
65,server/src/routes/privacy.ts,1367,res.status(201).json(preference);,STATUS_2XX_SUCCESS,server/src/routes/privacy.ts:1355-1373,"... res.status(201).json(preference); } catch (error) { if (error instanceof AppError) throw error; logger.error(...); throw new AppError('Failed to process marketing opt-out'; 500); }",2026-05-25T00:00:00Z,controllers_chunk_02
66,server/src/routes/privacy.ts,1452,res.status(201).json(entry);,STATUS_2XX_SUCCESS,server/src/routes/privacy.ts:1440-1458,"... res.status(201).json(entry); } catch (error) { if (error instanceof AppError) throw error; logger.error(...); throw new AppError('Failed to add to suppression list'; 500); }",2026-05-25T00:00:00Z,controllers_chunk_02
67,server/src/routes/privacy.ts,1587,res.status(201).json(request);,STATUS_2XX_SUCCESS,server/src/routes/privacy.ts:1575-1593,"... res.status(201).json(request); } catch (error) { if (error instanceof AppError) throw error; logger.error(...); throw new AppError('Failed to create deletion request'; 500); }",2026-05-25T00:00:00Z,controllers_chunk_02
68,server/src/routes/privacy.ts,1808,res.status(201).json(restriction);,STATUS_2XX_SUCCESS,server/src/routes/privacy.ts:1795-1814,"... res.status(201).json(restriction); } catch (error) { if (error instanceof AppError) throw error; logger.error(...); throw new AppError('Failed to create processing restriction'; 500); }",2026-05-25T00:00:00Z,controllers_chunk_02
69,server/src/routes/privacy.ts,1951,res.status(201).json(notice);,STATUS_2XX_SUCCESS,server/src/routes/privacy.ts:1935-1957,"... res.status(201).json(notice); } catch (error) { if (error instanceof AppError) throw error; logger.error(...); throw new AppError('Failed to create AI transparency notice'; 500); }",2026-05-25T00:00:00Z,controllers_chunk_02
70,server/src/routes/privacy.ts,2098,res.status(201).json(notice);,STATUS_2XX_SUCCESS,server/src/routes/privacy.ts:2080-2104,"... res.status(201).json(notice); } catch (error) { if (error instanceof AppError) throw error; logger.error(...); throw new AppError('Failed to create JIT privacy notice'; 500); }",2026-05-25T00:00:00Z,controllers_chunk_02
71,server/src/routes/privacy.ts,2254,res.status(201).json(notice);,STATUS_2XX_SUCCESS,server/src/routes/privacy.ts:2248-2255,"router.post('/notices'; asyncHandler(async (req; res) => { ... const notice = await prisma.jITPrivacyNotice.create({...}); res.status(201).json(notice); }));  // wrapped in asyncHandler; no catch — errors delegate to global",2026-05-25T00:00:00Z,controllers_chunk_02
72,server/src/routes/dpo.ts,103,res.status(201).json(profile);,STATUS_2XX_SUCCESS,server/src/routes/dpo.ts:90-109,"... res.status(201).json(profile); } catch (error) { if (error instanceof AppError) throw error; logger.error(...); throw new AppError('Failed to create DPO profile'; 500); }",2026-05-25T00:00:00Z,controllers_chunk_02
73,server/src/routes/dpo.ts,272,res.status(201).json(newTask);,STATUS_2XX_SUCCESS,server/src/routes/dpo.ts:260-278,"... res.status(201).json(newTask); } catch (error) { if (error instanceof AppError) throw error; logger.error(...); throw new AppError('Failed to add DPO task'; 500); }",2026-05-25T00:00:00Z,controllers_chunk_02
74,server/src/routes/dpo.ts,457,res.status(201).json(newEntry);,STATUS_2XX_SUCCESS,server/src/routes/dpo.ts:445-463,"... res.status(201).json(newEntry); } catch (error) { if (error instanceof AppError) throw error; logger.error(...); throw new AppError('Failed to record DPO activity'; 500); }",2026-05-25T00:00:00Z,controllers_chunk_02
75,server/src/routes/hipaa.ts,55,"res.status(201).json({ status: 'success'; data });",STATUS_2XX_SUCCESS,server/src/routes/hipaa.ts:45-57,"router.post('/phi-records'; ... authAsyncHandler(async (req; res) => { const data = await hipaaService.createPHIRecord({...}); res.status(201).json({ status: 'success'; data }); }));  // authAsyncHandler delegates errors to global",2026-05-25T00:00:00Z,controllers_chunk_02
76,server/src/routes/hipaa.ts,91,"res.status(201).json({ status: 'success'; data });",STATUS_2XX_SUCCESS,server/src/routes/hipaa.ts:81-93,"router.post('/access-grants'; ... authAsyncHandler(async (req; res) => { const data = await hipaaService.grantPHIAccess({...}); res.status(201).json({ status: 'success'; data }); }));  // delegated error handling",2026-05-25T00:00:00Z,controllers_chunk_02
77,server/src/routes/hipaa.ts,131,"res.status(201).json({ status: 'success'; data });",STATUS_2XX_SUCCESS,server/src/routes/hipaa.ts:121-133,"router.post('/baas'; ... authAsyncHandler(async (req; res) => { const data = await hipaaService.createBAA({...}); res.status(201).json({ status: 'success'; data }); }));",2026-05-25T00:00:00Z,controllers_chunk_02
78,server/src/routes/hipaa.ts,183,"res.status(201).json({ status: 'success'; data });",STATUS_2XX_SUCCESS,server/src/routes/hipaa.ts:173-185,"router.post('/breach-assessments'; ... authAsyncHandler(async (req; res) => { const data = await hipaaService.assessBreachRisk({...}); res.status(201).json({ status: 'success'; data }); }));",2026-05-25T00:00:00Z,controllers_chunk_02
79,server/src/routes/incidents.ts,256,"res.status(201).json({ status: 'success'; data: incident });",STATUS_2XX_SUCCESS,server/src/routes/incidents.ts:240-262,"... res.status(201).json({ status: 'success'; data: incident }); } catch (error) { logger.error(...); throw error instanceof AppError ? error : new AppError('Failed to create incident'; 500); }",2026-05-25T00:00:00Z,controllers_chunk_02
80,server/src/routes/incidents.ts,441,"res.status(201).json({ status: 'success'; data: entry });",STATUS_2XX_SUCCESS,server/src/routes/incidents.ts:425-446,"... res.status(201).json({ status: 'success'; data: entry }); } catch (error) { logger.error(...); throw error instanceof AppError ? error : new AppError('Failed to add timeline entry'; 500); }",2026-05-25T00:00:00Z,controllers_chunk_02
81,server/src/routes/incidents.ts,480,"res.status(201).json({ status: 'success'; data: task });",STATUS_2XX_SUCCESS,server/src/routes/incidents.ts:453-485,"... res.status(201).json({ status: 'success'; data: task }); } catch (error) { logger.error(...); throw error instanceof AppError ? error : new AppError('Failed to create incident task'; 500); }",2026-05-25T00:00:00Z,controllers_chunk_02
82,server/src/routes/maturity.ts,259,"res.status(201).json({ status: 'success'; data: assessment });",STATUS_2XX_SUCCESS,server/src/routes/maturity.ts:245-265,"... res.status(201).json({ status: 'success'; data: assessment }); } catch (error) { if (error instanceof AppError) throw error; logger.error(...); throw new AppError('Failed to create assessment'; 500); }",2026-05-25T00:00:00Z,controllers_chunk_02
83,server/src/routes/controlEffectiveness.ts,431,"res.status(201).json({ status: 'success'; data: record });",STATUS_2XX_SUCCESS,server/src/routes/controlEffectiveness.ts:415-438,"... res.status(201).json({ status: 'success'; data: record }); } catch (error) { if (error instanceof AppError) throw error; logger.error(...); throw new AppError('Failed to create effectiveness assessment'; 500); }",2026-05-25T00:00:00Z,controllers_chunk_02
84,server/src/routes/soc2.ts,61,"res.status(201).json({ status: 'success'; data });",STATUS_2XX_SUCCESS,server/src/routes/soc2.ts:51-63,"router.post('/engagements'; ... authAsyncHandler(async (req; res) => { const data = await soc2Service.createEngagement({...}); res.status(201).json({ status: 'success'; data }); }));  // delegated error handling",2026-05-25T00:00:00Z,controllers_chunk_02
85,server/src/routes/soc2.ts,107,"res.status(201).json({ status: 'success'; data });",STATUS_2XX_SUCCESS,server/src/routes/soc2.ts:98-109,"router.post('/engagements/:id/seed-controls'; ... authAsyncHandler(async (req; res) => { const data = await soc2Service.bulkSeedControls(...); res.status(201).json({ status: 'success'; data }); }));",2026-05-25T00:00:00Z,controllers_chunk_02
86,server/src/routes/soc2.ts,123,"res.status(201).json({ status: 'success'; data });",STATUS_2XX_SUCCESS,server/src/routes/soc2.ts:113-125,"router.post('/controls'; ... authAsyncHandler(async (req; res) => { const data = await soc2Service.upsertControl({...}); res.status(201).json({ status: 'success'; data }); }));",2026-05-25T00:00:00Z,controllers_chunk_02
87,server/src/routes/soc2.ts,219,"res.status(201).json({ status: 'success'; data });",STATUS_2XX_SUCCESS,server/src/routes/soc2.ts:209-221,"router.post('/evidence-samples'; ... authAsyncHandler(async (req; res) => { const data = await soc2Service.createEvidenceSample({...}); res.status(201).json({ status: 'success'; data }); }));",2026-05-25T00:00:00Z,controllers_chunk_02
88,server/src/routes/soc2.ts,260,"res.status(201).json({ status: 'success'; data });",STATUS_2XX_SUCCESS,server/src/routes/soc2.ts:250-262,"router.post('/exceptions'; ... authAsyncHandler(async (req; res) => { const data = await soc2Service.createException({...}); res.status(201).json({ status: 'success'; data }); }));",2026-05-25T00:00:00Z,controllers_chunk_02
89,server/src/routes/soc2.ts,313,"res.status(201).json({ status: 'success'; data });",STATUS_2XX_SUCCESS,server/src/routes/soc2.ts:303-315,"router.post('/cuecs'; ... authAsyncHandler(async (req; res) => { const data = await soc2Service.createCUEC({...}); res.status(201).json({ status: 'success'; data }); }));",2026-05-25T00:00:00Z,controllers_chunk_02
90,server/src/routes/soc2.ts,339,"res.status(201).json({ status: 'success'; data });",STATUS_2XX_SUCCESS,server/src/routes/soc2.ts:329-341,"router.post('/assertions'; ... authAsyncHandler(async (req; res) => { const data = await soc2Service.createManagementAssertion({...}); res.status(201).json({ status: 'success'; data }); }));",2026-05-25T00:00:00Z,controllers_chunk_02
91,server/src/routes/enterprise.ts,67,res.status(201).json(assessment);,STATUS_2XX_SUCCESS,server/src/routes/enterprise.ts:57-69,"riskRouter.post('/assessments'; ... authAsyncHandler(async (req; res) => { const assessment = await riskManagementService.createRiskAssessment({...}); res.status(201).json(assessment); }));",2026-05-25T00:00:00Z,controllers_chunk_02
92,server/src/routes/enterprise.ts,120,res.status(201).json(questionnaire);,STATUS_2XX_SUCCESS,server/src/routes/enterprise.ts:110-122,"questionnaireRouter.post('/'; ... authAsyncHandler(async (req; res) => { const questionnaire = await questionnaireService.createQuestionnaire({...}); res.status(201).json(questionnaire); }));",2026-05-25T00:00:00Z,controllers_chunk_02
93,server/src/routes/enterprise.ts,208,return res.status(201).json(created || questionnaire);,STATUS_2XX_SUCCESS,server/src/routes/enterprise.ts:185-210,"... const created = full.find((q) => q.id === questionnaire.id); return res.status(201).json(created || questionnaire); })); // wrapped in authAsyncHandler; no catch",2026-05-25T00:00:00Z,controllers_chunk_02
94,server/src/routes/enterprise.ts,313,res.status(201).json(policy);,STATUS_2XX_SUCCESS,server/src/routes/enterprise.ts:303-315,"policyRouter.post('/'; ... authAsyncHandler(async (req; res) => { const policy = await policyLibraryService.createPolicy({...}); res.status(201).json(policy); }));",2026-05-25T00:00:00Z,controllers_chunk_02
95,server/src/routes/enterprise.ts,438,res.status(201).json(policy);,STATUS_2XX_SUCCESS,server/src/routes/enterprise.ts:429-440,"policyRouter.post('/:id/duplicate'; ... authAsyncHandler(async (req; res) => { const policy = await policyLibraryService.duplicatePolicy(...); res.status(201).json(policy); }));",2026-05-25T00:00:00Z,controllers_chunk_02
96,server/src/routes/enterprise.ts,472,res.status(201).json(certificate);,STATUS_2XX_SUCCESS,server/src/routes/enterprise.ts:463-474,"trustCenterRouter.post('/certificates'; ... authAsyncHandler(async (req; res) => { const certificate = await trustCenterService.createCertificate({...}); res.status(201).json(certificate); }));",2026-05-25T00:00:00Z,controllers_chunk_02
97,server/src/routes/enterprise.ts,507,res.status(201).json(child);,STATUS_2XX_SUCCESS,server/src/routes/enterprise.ts:497-509,"workspaceRouter.post('/child-organizations'; ... authAsyncHandler(async (req; res) => { const child = await multiWorkspaceService.createChildOrganization(...); res.status(201).json(child); }));",2026-05-25T00:00:00Z,controllers_chunk_02
98,server/src/routes/enterprise.ts,589,res.status(201).json(report);,STATUS_2XX_SUCCESS,server/src/routes/enterprise.ts:579-591,"reportRouter.post('/'; ... authAsyncHandler(async (req; res) => { const report = await reportingService.createReport({...}); res.status(201).json(report); }));",2026-05-25T00:00:00Z,controllers_chunk_02
99,server/src/routes/enterprise.ts,652,res.status(201).json(monitor);,STATUS_2XX_SUCCESS,server/src/routes/enterprise.ts:642-654,"monitorRouter.post('/'; ... authAsyncHandler(async (req; res) => { const monitor = await monitoringService.createMonitor({...}); res.status(201).json(monitor); }));",2026-05-25T00:00:00Z,controllers_chunk_02
100,server/src/routes/enterprise.ts,811,res.status(201).json(issue);,STATUS_2XX_SUCCESS,server/src/routes/enterprise.ts:801-813,"issueRouter.post('/'; ... authAsyncHandler(async (req; res) => { const issue = await issueManagementService.createIssue({...}); res.status(201).json(issue); }));",2026-05-25T00:00:00Z,controllers_chunk_02
101,server/src/routes/workflow.ts,103,res.status(201).json(workflow);,STATUS_2XX_SUCCESS,server/src/routes/workflow.ts:85-105,"const workflow = await prisma.gRCWorkflow.create({...}); res.status(201).json(workflow);  -- inside asyncHandler; no inline catch",2026-05-25T00:00:00Z,controllers_chunk_03
102,server/src/routes/workflow.ts,180,res.status(204).send();,STATUS_2XX_SUCCESS,server/src/routes/workflow.ts:165-182,"await prisma.gRCWorkflow.delete({ where: { id: req.params.id } }); res.status(204).send();  -- happy-path delete success",2026-05-25T00:00:00Z,controllers_chunk_03
103,server/src/routes/workflow.ts,213,res.status(201).json(copy);,STATUS_2XX_SUCCESS,server/src/routes/workflow.ts:198-215,"const copy = await prisma.gRCWorkflow.create({...}); res.status(201).json(copy);  -- duplicate workflow happy-path",2026-05-25T00:00:00Z,controllers_chunk_03
104,server/src/routes/workflow.ts,343,res.status(201).json(workflow);,STATUS_2XX_SUCCESS,server/src/routes/workflow.ts:325-345,"const workflow = await prisma.gRCWorkflow.create({...}); res.status(201).json(workflow);  -- create-from-template success",2026-05-25T00:00:00Z,controllers_chunk_03
105,server/src/routes/workflow.ts,486,res.status(201).json(rule);,STATUS_2XX_SUCCESS,server/src/routes/workflow.ts:470-488,"const rule = await prisma.gRCWorkflow.create({...}); res.status(201).json(rule);  -- workflow rule create success",2026-05-25T00:00:00Z,controllers_chunk_03
106,server/src/routes/workflow.ts,538,res.status(204).send();,STATUS_2XX_SUCCESS,server/src/routes/workflow.ts:523-540,"await prisma.gRCWorkflow.delete({ where: { id: req.params.id } }); res.status(204).send();  -- rule delete success",2026-05-25T00:00:00Z,controllers_chunk_03
107,server/src/routes/ropa.ts,352,res.status(201).json(record);,STATUS_2XX_SUCCESS,server/src/routes/ropa.ts:335-358,"res.status(201).json(record); } catch (error) { if (error instanceof AppError) throw error; logger.error(...); throw new AppError(...) }  -- 2xx success; catch re-throws via AppError",2026-05-25T00:00:00Z,controllers_chunk_03
108,server/src/routes/auditor.ts,82,res.status(201).json(profile);,STATUS_2XX_SUCCESS,server/src/routes/auditor.ts:74-84,"const profile = await auditorService.createAuditorProfile(...); res.status(201).json(profile);  -- asyncHandler success path",2026-05-25T00:00:00Z,controllers_chunk_03
109,server/src/routes/auditor.ts,141,res.status(201).json(engagement);,STATUS_2XX_SUCCESS,server/src/routes/auditor.ts:133-143,"const engagement = await auditorService.createEngagement(...); res.status(201).json(engagement);  -- asyncHandler success",2026-05-25T00:00:00Z,controllers_chunk_03
110,server/src/routes/auditor.ts,203,res.status(201).json(finding);,STATUS_2XX_SUCCESS,server/src/routes/auditor.ts:192-205,"const finding = await auditorService.createFinding(...); res.status(201).json(finding);  -- asyncHandler success",2026-05-25T00:00:00Z,controllers_chunk_03
111,server/src/routes/auditor.ts,265,res.status(201).json(workpaper);,STATUS_2XX_SUCCESS,server/src/routes/auditor.ts:254-267,"const workpaper = await auditorService.createWorkpaper(...); res.status(201).json(workpaper);  -- asyncHandler success",2026-05-25T00:00:00Z,controllers_chunk_03
112,server/src/routes/auditor.ts,327,res.status(201).json(request);,STATUS_2XX_SUCCESS,server/src/routes/auditor.ts:316-329,"const request = await auditorService.createRequest(...); res.status(201).json(request);  -- asyncHandler success",2026-05-25T00:00:00Z,controllers_chunk_03
113,server/src/routes/exceptions.ts,249,"res.status(201).json({ status: 'success'; data: exception });",STATUS_2XX_SUCCESS,server/src/routes/exceptions.ts:235-256,"res.status(201).json({ status: 'success'; data: exception }); } catch (error) { if (error instanceof AppError) throw error; ... throw new AppError(...) }  -- 2xx success",2026-05-25T00:00:00Z,controllers_chunk_03
114,server/src/routes/dpia.ts,204,res.status(201).json(dpia);,STATUS_2XX_SUCCESS,server/src/routes/dpia.ts:190-211,"res.status(201).json(dpia); } catch (error) { if (error instanceof AppError) throw error; ... throw new AppError(...) }  -- 2xx success",2026-05-25T00:00:00Z,controllers_chunk_03
115,server/src/routes/dpia.ts,496,res.status(201).json(riskAssessment);,STATUS_2XX_SUCCESS,server/src/routes/dpia.ts:480-502,"res.status(201).json(riskAssessment); } catch (error) { if (error instanceof AppError) throw error; ... throw new AppError(...) }  -- 2xx success",2026-05-25T00:00:00Z,controllers_chunk_03
116,server/src/routes/reports.ts,290,"res.status(201).json({ status: 'success'; data: template });",STATUS_2XX_SUCCESS,server/src/routes/reports.ts:275-296,"const template = await prisma.reportTemplate.create({...}); res.status(201).json({ status: 'success'; data: template });  -- success path; catch re-throws AppError",2026-05-25T00:00:00Z,controllers_chunk_03
117,server/src/routes/nps.ts,65,"res.status(201).json({ status: 'success'; data });",STATUS_2XX_SUCCESS,server/src/routes/nps.ts:50-67,"const data = await npsService.createResponse({...}); res.status(201).json({ status: 'success'; data });  -- asyncHandler success",2026-05-25T00:00:00Z,controllers_chunk_03
118,server/src/routes/nps.ts,152,"res.status(201).json({ status: 'success'; data });",STATUS_2XX_SUCCESS,server/src/routes/nps.ts:132-154,"const data = await npsService.scheduleInvitation({...}); res.status(201).json({ status: 'success'; data });  -- asyncHandler success",2026-05-25T00:00:00Z,controllers_chunk_03
119,server/src/routes/costs.ts,369,"res.status(201).json({ status: 'success'; data: cost });",STATUS_2XX_SUCCESS,server/src/routes/costs.ts:355-376,"res.status(201).json({ status: 'success'; data: cost }); } catch (error) { if (error instanceof AppError) throw error; ... throw new AppError(...) }  -- 2xx success",2026-05-25T00:00:00Z,controllers_chunk_03
120,server/src/routes/marketplace/marketplaceRoutes.ts,537,res.status(201).json({,STATUS_2XX_SUCCESS,server/src/routes/marketplace/marketplaceRoutes.ts:520-541,"const installed = await prisma.integration.create({...}); res.status(201).json({ message: ...; integration: installed });  -- asyncHandler success",2026-05-25T00:00:00Z,controllers_chunk_03
121,server/src/routes/assets.ts,246,"res.status(201).json({ status: 'success'; data: asset });",STATUS_2XX_SUCCESS,server/src/routes/assets.ts:230-252,"res.status(201).json({ status: 'success'; data: asset }); } catch (error) { logger.error(...); throw error instanceof AppError ? error : new AppError(...) }  -- 2xx success",2026-05-25T00:00:00Z,controllers_chunk_03
122,server/src/routes/regulatoryChanges.ts,249,"res.status(201).json({ status: 'success'; data: result });",STATUS_2XX_SUCCESS,server/src/routes/regulatoryChanges.ts:235-256,"res.status(201).json({ status: 'success'; data: result }); } catch (error) { if (error instanceof AppError) throw error; ... throw new AppError(...) }  -- 2xx success",2026-05-25T00:00:00Z,controllers_chunk_03
123,server/src/routes/regulatoryChanges.ts,458,"res.status(201).json({ status: 'success'; data: impact });",STATUS_2XX_SUCCESS,server/src/routes/regulatoryChanges.ts:445-465,"res.status(201).json({ status: 'success'; data: impact }); } catch (error) { if (error instanceof AppError) throw error; ... throw new AppError(...) }  -- 2xx success",2026-05-25T00:00:00Z,controllers_chunk_03
124,server/src/routes/mdm.ts,68,res.status(201).json(device);,STATUS_2XX_SUCCESS,server/src/routes/mdm.ts:57-70,"const device = await mdmService.enrollDevice({...}); res.status(201).json(device);  -- asyncHandler success",2026-05-25T00:00:00Z,controllers_chunk_03
125,server/src/routes/mdm.ts,186,res.status(201).json(policy);,STATUS_2XX_SUCCESS,server/src/routes/mdm.ts:175-188,"const policy = await mdmService.createPolicy({...}); res.status(201).json(policy);  -- asyncHandler success",2026-05-25T00:00:00Z,controllers_chunk_03
126,server/src/routes/mdm.ts,219,res.status(204).send();,STATUS_2XX_SUCCESS,server/src/routes/mdm.ts:213-221,"await mdmService.deletePolicy(...); res.status(204).send();  -- delete success",2026-05-25T00:00:00Z,controllers_chunk_03
127,server/src/routes/sod.ts,69,res.status(201).json(rule);,STATUS_2XX_SUCCESS,server/src/routes/sod.ts:58-71,"const rule = await sodService.createSoDRule({...}); res.status(201).json(rule);  -- asyncHandler success",2026-05-25T00:00:00Z,controllers_chunk_03
128,server/src/routes/sod.ts,102,res.status(204).send();,STATUS_2XX_SUCCESS,server/src/routes/sod.ts:96-104,"await sodService.deleteSoDRule(...); res.status(204).send();  -- delete success",2026-05-25T00:00:00Z,controllers_chunk_03
129,server/src/routes/sod.ts,205,res.status(201).json(control);,STATUS_2XX_SUCCESS,server/src/routes/sod.ts:193-207,"const control = await sodService.addCompensatingControl(...); res.status(201).json(control);  -- asyncHandler success",2026-05-25T00:00:00Z,controllers_chunk_03
130,server/src/routes/sod.ts,237,res.status(204).send();,STATUS_2XX_SUCCESS,server/src/routes/sod.ts:226-239,"await sodService.deleteCompensatingControl(...); res.status(204).send();  -- delete success",2026-05-25T00:00:00Z,controllers_chunk_03
131,server/src/routes/cookieConsent.ts,172,res.status(201).json({,STATUS_2XX_SUCCESS,server/src/routes/cookieConsent.ts:155-182,"res.status(201).json({ message: 'Cookie preferences saved'; preference }); } catch (error) { if (error instanceof AppError) throw error; ... throw new AppError(...) }  -- 2xx success",2026-05-25T00:00:00Z,controllers_chunk_03
132,server/src/routes/cookieConsent.ts,326,res.status(201).json(record);,STATUS_2XX_SUCCESS,server/src/routes/cookieConsent.ts:310-333,"res.status(201).json(record); } catch (error) { if (error instanceof AppError) throw error; ... throw new AppError(...) }  -- 2xx success",2026-05-25T00:00:00Z,controllers_chunk_03
133,server/src/routes/scim.ts,88,res.status(401).json({,STATUS_4XX_VALIDATION_OK,server/src/routes/scim.ts:79-95,"if (!authHeader || !authHeader.startsWith('Bearer ')) { res.status(401).json({...; detail: 'Bearer token is required'; status: '401' }); return; }  -- auth middleware pre-validation 401",2026-05-25T00:00:00Z,controllers_chunk_03
134,server/src/routes/scim.ts,99,res.status(401).json({,STATUS_4XX_VALIDATION_OK,server/src/routes/scim.ts:96-105,"const token = authHeader.substring(7); if (!token) { res.status(401).json({...; detail: 'Invalid bearer token'; status: '401' }); return; }  -- auth middleware empty-token 401",2026-05-25T00:00:00Z,controllers_chunk_03
135,server/src/routes/scim.ts,131,res.status(401).json({,STATUS_4XX_VALIDATION_OK,server/src/routes/scim.ts:128-138,"if (!matchedConfig) { res.status(401).json({...; detail: 'Invalid or expired bearer token'; status: '401' }); return; }  -- auth middleware no-match 401",2026-05-25T00:00:00Z,controllers_chunk_03
136,server/src/routes/scim.ts,152,res.status(500).json({,STATUS_5XX_INLINE_ERROR_BYPASS,server/src/routes/scim.ts:149-158,"} catch (error) { logger.error('SCIM auth error:'; error); res.status(500).json({...; detail: 'Internal server error'; status: '500' }); }  -- 5xx inline in catch; no next(error); bypasses global handler",2026-05-25T00:00:00Z,controllers_chunk_03
137,server/src/routes/scim.ts,314,res.status(500).json({,STATUS_5XX_INLINE_ERROR_BYPASS,server/src/routes/scim.ts:312-320,"} catch (error) { logger.error('SCIM list users error:'; error); res.status(500).json({...; status: '500' }); }  -- 5xx inline in catch; no next(error); bypasses global handler",2026-05-25T00:00:00Z,controllers_chunk_03
138,server/src/routes/scim.ts,346,res.status(409).json({,STATUS_4XX_VALIDATION_OK,server/src/routes/scim.ts:340-353,"if (existing) { res.status(409).json({...; detail: 'User with userName \"' + email + '\" already exists'; scimType: 'uniqueness'; status: '409' }); return; }  -- uniqueness validation 409 on success path",2026-05-25T00:00:00Z,controllers_chunk_03
139,server/src/routes/scim.ts,374,"res.status(201).json(toSCIMUser(user; baseUrl));",STATUS_2XX_SUCCESS,server/src/routes/scim.ts:359-374,"const user = await prisma.user.create({...}); res.status(201).json(toSCIMUser(user; baseUrl));  -- 2xx success path",2026-05-25T00:00:00Z,controllers_chunk_03
140,server/src/routes/scim.ts,377,res.status(500).json({,STATUS_5XX_INLINE_ERROR_BYPASS,server/src/routes/scim.ts:375-382,"} catch (error) { logger.error('SCIM create user error:'; error); res.status(500).json({...; detail: 'Failed to create user'; status: '500' }); }  -- 5xx inline in catch; bypasses global handler",2026-05-25T00:00:00Z,controllers_chunk_03
141,server/src/routes/scim.ts,403,res.status(404).json({,STATUS_4XX_VALIDATION_OK,server/src/routes/scim.ts:398-409,"if (!user) { res.status(404).json({...; detail: 'User not found'; status: '404' }); return; }  -- not-found 404 in success path",2026-05-25T00:00:00Z,controllers_chunk_03
142,server/src/routes/scim.ts,414,res.status(500).json({,STATUS_5XX_INLINE_ERROR_BYPASS,server/src/routes/scim.ts:412-419,"} catch (error) { logger.error('SCIM get user error:'; error); res.status(500).json({...; status: '500' }); }  -- 5xx inline in catch; bypasses global handler",2026-05-25T00:00:00Z,controllers_chunk_03
143,server/src/routes/scim.ts,441,res.status(404).json({,STATUS_4XX_VALIDATION_OK,server/src/routes/scim.ts:436-447,"if (!existing) { res.status(404).json({...; detail: 'User not found'; status: '404' }); return; }  -- not-found 404 in PUT happy path",2026-05-25T00:00:00Z,controllers_chunk_03
144,server/src/routes/scim.ts,471,res.status(500).json({,STATUS_5XX_INLINE_ERROR_BYPASS,server/src/routes/scim.ts:469-476,"} catch (error) { logger.error('SCIM replace user error:'; error); res.status(500).json({...; status: '500' }); }  -- 5xx inline in catch; bypasses global handler",2026-05-25T00:00:00Z,controllers_chunk_03
145,server/src/routes/scim.ts,498,res.status(404).json({,STATUS_4XX_VALIDATION_OK,server/src/routes/scim.ts:493-504,"if (!existing) { res.status(404).json({...; detail: 'User not found'; status: '404' }); return; }  -- not-found 404 in PATCH happy path",2026-05-25T00:00:00Z,controllers_chunk_03
146,server/src/routes/scim.ts,509,res.status(400).json({,STATUS_4XX_VALIDATION_OK,server/src/routes/scim.ts:506-516,"if (!Operations || !Array.isArray(Operations)) { res.status(400).json({...; detail: 'Operations array is required for PATCH'; scimType: 'invalidValue'; status: '400' }); return; }  -- 400 input validation",2026-05-25T00:00:00Z,controllers_chunk_03
147,server/src/routes/scim.ts,576,res.status(500).json({,STATUS_5XX_INLINE_ERROR_BYPASS,server/src/routes/scim.ts:574-581,"} catch (error) { logger.error('SCIM patch user error:'; error); res.status(500).json({...; detail: 'Failed to update user'; status: '500' }); }  -- 5xx inline in catch; bypasses global handler",2026-05-25T00:00:00Z,controllers_chunk_03
148,server/src/routes/scim.ts,601,res.status(404).json({,STATUS_4XX_VALIDATION_OK,server/src/routes/scim.ts:596-607,"if (!existing) { res.status(404).json({...; detail: 'User not found'; status: '404' }); return; }  -- not-found 404 in DELETE happy path",2026-05-25T00:00:00Z,controllers_chunk_03
149,server/src/routes/scim.ts,615,res.status(204).send();,STATUS_2XX_SUCCESS,server/src/routes/scim.ts:609-615,"await prisma.user.update({ where: { id: req.params.id }; data: { active: false } }); res.status(204).send();  -- deactivate success",2026-05-25T00:00:00Z,controllers_chunk_03
150,server/src/routes/scim.ts,618,res.status(500).json({,STATUS_5XX_INLINE_ERROR_BYPASS,server/src/routes/scim.ts:616-623,"} catch (error) { logger.error('SCIM deactivate user error:'; error); res.status(500).json({...; detail: 'Failed to deactivate user'; status: '500' }); }  -- 5xx inline in catch; bypasses global handler",2026-05-25T00:00:00Z,controllers_chunk_03
151,server/src/routes/scim.ts,694,res.status(500).json({,STATUS_5XX_INLINE_ERROR_BYPASS,server/src/routes/scim.ts:680-700,"} catch (error) { logger.error('SCIM list groups error:'; error); res.status(500).json({ schemas: [...]; detail: 'Failed to list groups'; status: '500' }); }",2026-05-25T00:00:00Z,controllers_chunk_04
152,server/src/routes/scim.ts,719,res.status(400).json({,STATUS_4XX_VALIDATION_OK,server/src/routes/scim.ts:715-727,"if (!displayName) { res.status(400).json({ schemas: [...]; detail: 'displayName is required'; scimType: 'invalidValue'; status: '400' }); return; }",2026-05-25T00:00:00Z,controllers_chunk_04
153,server/src/routes/scim.ts,734,res.status(409).json({,STATUS_4XX_VALIDATION_OK,server/src/routes/scim.ts:728-742,"if (existing) { res.status(409).json({ schemas: [...]; detail: `Group with displayName ... already exists`; scimType: 'uniqueness'; status: '409' }); return; }",2026-05-25T00:00:00Z,controllers_chunk_04
154,server/src/routes/scim.ts,778,res.status(201).json({,STATUS_2XX_SUCCESS,server/src/routes/scim.ts:776-794,"res.status(201).json({ schemas: ['urn:ietf:params:scim:schemas:core:2.0:Group']; id: createdRole!.id; displayName: createdRole!.name; ... })",2026-05-25T00:00:00Z,controllers_chunk_04
155,server/src/routes/scim.ts,796,res.status(500).json({,STATUS_5XX_INLINE_ERROR_BYPASS,server/src/routes/scim.ts:794-802,"} catch (error) { logger.error('SCIM create group error:'; error); res.status(500).json({ schemas: [...]; detail: 'Failed to create group'; status: '500' }); }",2026-05-25T00:00:00Z,controllers_chunk_04
156,server/src/routes/evidenceCollection.ts,229,"res.status(201).json({ status: 'success'; data: rule });",STATUS_2XX_SUCCESS,server/src/routes/evidenceCollection.ts:217-235,"const rule = await prisma.evidenceCollectionRule.create({...}); res.status(201).json({ status: 'success'; data: rule });",2026-05-25T00:00:00Z,controllers_chunk_04
157,server/src/routes/certifications.ts,231,"res.status(201).json({ status: 'success'; data: certification });",STATUS_2XX_SUCCESS,server/src/routes/certifications.ts:215-237,"const certification = await prisma.certification.create({...}); res.status(201).json({ status: 'success'; data: certification });",2026-05-25T00:00:00Z,controllers_chunk_04
158,server/src/routes/certifications.ts,353,"res.status(201).json({ status: 'success'; data: audit });",STATUS_2XX_SUCCESS,server/src/routes/certifications.ts:344-360,"const audit = await prisma.certAudit.create({...}); res.status(201).json({ status: 'success'; data: audit });",2026-05-25T00:00:00Z,controllers_chunk_04
159,server/src/routes/sox.ts,78,res.status(201).json(control);,STATUS_2XX_SUCCESS,server/src/routes/sox.ts:67-80,"router.post('/controls'; ...; asyncHandler(async (req; res) => { const control = await soxService.createSOXControl({...}); res.status(201).json(control); }));",2026-05-25T00:00:00Z,controllers_chunk_04
160,server/src/routes/sox.ts,111,res.status(204).send();,STATUS_2XX_SUCCESS,server/src/routes/sox.ts:105-113,"router.delete('/controls/:id'; ...; asyncHandler(async (req; res) => { ... await soxService.deleteSOXControl(...); res.status(204).send(); }));",2026-05-25T00:00:00Z,controllers_chunk_04
161,server/src/routes/sox.ts,144,res.status(201).json(test);,STATUS_2XX_SUCCESS,server/src/routes/sox.ts:133-146,"router.post('/test-results'; ...; asyncHandler(async (req; res) => { const test = await soxService.createSOXTestResult({...}); res.status(201).json(test); }));",2026-05-25T00:00:00Z,controllers_chunk_04
162,server/src/routes/sox.ts,177,res.status(204).send();,STATUS_2XX_SUCCESS,server/src/routes/sox.ts:171-179,"router.delete('/test-results/:id'; ...; asyncHandler(async (req; res) => { ... await soxService.deleteSOXTestResult(...); res.status(204).send(); }));",2026-05-25T00:00:00Z,controllers_chunk_04
163,server/src/routes/sox.ts,210,res.status(201).json(assessment);,STATUS_2XX_SUCCESS,server/src/routes/sox.ts:199-212,"router.post('/assessments'; ...; asyncHandler(async (req; res) => { const assessment = await soxService.createSOXAssessment({...}); res.status(201).json(assessment); }));",2026-05-25T00:00:00Z,controllers_chunk_04
164,server/src/routes/sox.ts,243,res.status(204).send();,STATUS_2XX_SUCCESS,server/src/routes/sox.ts:237-245,"router.delete('/assessments/:id'; ...; asyncHandler(async (req; res) => { ... await soxService.deleteSOXAssessment(...); res.status(204).send(); }));",2026-05-25T00:00:00Z,controllers_chunk_04
165,server/src/routes/calendar.ts,244,"res.status(201).json({ status: 'success'; data: deadline });",STATUS_2XX_SUCCESS,server/src/routes/calendar.ts:225-250,"const deadline = await prisma.complianceDeadline.create({...}); res.status(201).json({ status: 'success'; data: deadline });",2026-05-25T00:00:00Z,controllers_chunk_04
166,server/src/routes/team.ts,139,res.status(201).json(newUser);,STATUS_2XX_SUCCESS,server/src/routes/team.ts:120-141,"logger.info(`Team member invited: ${email} to organization ${organizationId}`); res.status(201).json(newUser);",2026-05-25T00:00:00Z,controllers_chunk_04
167,server/src/routes/team.ts,306,res.status(201).json({,STATUS_2XX_SUCCESS,server/src/routes/team.ts:304-316,"res.status(201).json({ successful: results.successful; failed: results.failed; summary: { total; successful; failed } });",2026-05-25T00:00:00Z,controllers_chunk_04
168,server/src/routes/personnel.ts,28,res.status(201).json(personnel);,STATUS_2XX_SUCCESS,server/src/routes/personnel.ts:19-30,"router.post('/'; validateBody(...); authAsyncHandler(async (req; res) => { const personnel = await personnelService.createPersonnel({...}); res.status(201).json(personnel); }));",2026-05-25T00:00:00Z,controllers_chunk_04
169,server/src/routes/personnel.ts,70,res.status(201).json(review);,STATUS_2XX_SUCCESS,server/src/routes/personnel.ts:60-72,"router.post('/access-reviews'; validateBody(...); authAsyncHandler(async (req; res) => { const review = await personnelService.createAccessReview({...}); res.status(201).json(review); }));",2026-05-25T00:00:00Z,controllers_chunk_04
170,server/src/routes/securityTraining.ts,342,res.status(201).json(training);,STATUS_2XX_SUCCESS,server/src/routes/securityTraining.ts:325-348,"const training = await prisma.securityTraining.create({...}); res.status(201).json(training);",2026-05-25T00:00:00Z,controllers_chunk_04
171,server/src/routes/securityTraining.ts,534,res.status(201).json({,STATUS_2XX_SUCCESS,server/src/routes/securityTraining.ts:530-546,"res.status(201).json({ message: `Training assigned to ${created} users`; created; failed; skippedInvalidUsers: ... });",2026-05-25T00:00:00Z,controllers_chunk_04
172,server/src/routes/securityTraining.ts,599,res.status(201).json({,STATUS_2XX_SUCCESS,server/src/routes/securityTraining.ts:597-610,"res.status(201).json({ message: `Training assigned to all ${created} users in organization`; totalUsers: orgUsers.length; assigned: created });",2026-05-25T00:00:00Z,controllers_chunk_04
173,server/src/routes/nistCsf.ts,60,"res.status(201).json({ status: 'success'; data });",STATUS_2XX_SUCCESS,server/src/routes/nistCsf.ts:50-62,"router.post('/profiles'; ...; authAsyncHandler(async (req; res) => { const data = await nistCsfService.createProfile({...}); res.status(201).json({ status: 'success'; data }); }));",2026-05-25T00:00:00Z,controllers_chunk_04
174,server/src/routes/nistCsf.ts,119,"res.status(201).json({ status: 'success'; data });",STATUS_2XX_SUCCESS,server/src/routes/nistCsf.ts:110-121,"router.post('/profiles/:id/seed'; ...; authAsyncHandler(async (req; res) => { const data = await nistCsfService.bulkSeedSubcategories(...); res.status(201).json({ status: 'success'; data }); }));",2026-05-25T00:00:00Z,controllers_chunk_04
175,server/src/routes/nistCsf.ts,150,"res.status(201).json({ status: 'success'; data });",STATUS_2XX_SUCCESS,server/src/routes/nistCsf.ts:140-152,"router.post('/assessments'; ...; authAsyncHandler(async (req; res) => { const data = await nistCsfService.upsertSubcategoryAssessment({...}); res.status(201).json({ status: 'success'; data }); }));",2026-05-25T00:00:00Z,controllers_chunk_04
176,server/src/routes/nistCsf.ts,199,"res.status(201).json({ status: 'success'; data });",STATUS_2XX_SUCCESS,server/src/routes/nistCsf.ts:187-201,"router.post('/gap-analyses'; ...; authAsyncHandler(async (req; res) => { const data = await nistCsfService.generateGapAnalysis(...); res.status(201).json({ status: 'success'; data }); }));",2026-05-25T00:00:00Z,controllers_chunk_04
177,server/src/routes/nistCsf.ts,227,"res.status(201).json({ status: 'success'; data });",STATUS_2XX_SUCCESS,server/src/routes/nistCsf.ts:217-229,"router.post('/action-items'; ...; authAsyncHandler(async (req; res) => { const data = await nistCsfService.createActionItem({...}); res.status(201).json({ status: 'success'; data }); }));",2026-05-25T00:00:00Z,controllers_chunk_04
178,server/src/routes/realTimeCompliance.ts,101,"res.status(202).json({ status: 'success'; data: { accepted: true } });",STATUS_2XX_SUCCESS,server/src/routes/realTimeCompliance.ts:95-103,"router.post('/events'; ...; authAsyncHandler(async (req; res) => { realTimeComplianceService.publishComplianceEvent(...); res.status(202).json({ status: 'success'; data: { accepted: true } }); }));",2026-05-25T00:00:00Z,controllers_chunk_04
179,server/src/routes/v2/batchRoutes.ts,162,res.status(201).json(result);,STATUS_2XX_SUCCESS,server/src/routes/v2/batchRoutes.ts:155-163,"} ... logger.info(`[BatchRoutes] Created ${result.created} vendors for org ${organizationId}`); res.status(201).json(result);",2026-05-25T00:00:00Z,controllers_chunk_04
180,server/src/routes/v2/batchRoutes.ts,230,res.status(201).json(result);,STATUS_2XX_SUCCESS,server/src/routes/v2/batchRoutes.ts:223-231,"} ... logger.info(`[BatchRoutes] Created ${result.created} risks for org ${organizationId}`); res.status(201).json(result);",2026-05-25T00:00:00Z,controllers_chunk_04
181,server/src/routes/v2/batchRoutes.ts,295,res.status(201).json(result);,STATUS_2XX_SUCCESS,server/src/routes/v2/batchRoutes.ts:288-296,"} ... logger.info(`[BatchRoutes] Created ${result.created} policies for org ${organizationId}`); res.status(201).json(result);",2026-05-25T00:00:00Z,controllers_chunk_04
182,server/src/routes/v2/batchRoutes.ts,360,res.status(201).json(result);,STATUS_2XX_SUCCESS,server/src/routes/v2/batchRoutes.ts:353-361,"} ... logger.info(`[BatchRoutes] Created ${result.created} frameworks for org ${organizationId}`); res.status(201).json(result);",2026-05-25T00:00:00Z,controllers_chunk_04
183,server/src/routes/vendorMonitoring.ts,287,"res.status(201).json({ status: 'success'; data: check });",STATUS_2XX_SUCCESS,server/src/routes/vendorMonitoring.ts:270-293,"const check = await prisma.vendorMonitoringCheck.create({...}); res.status(201).json({ status: 'success'; data: check });",2026-05-25T00:00:00Z,controllers_chunk_04
184,server/src/routes/vendorMonitoring.ts,486,res.status(201).json({,STATUS_2XX_SUCCESS,server/src/routes/vendorMonitoring.ts:470-495,"logger.info(`Vendor monitoring checks triggered ...`); res.status(201).json({ status: 'success'; data: { vendorId; vendorName; checksRun; results } });",2026-05-25T00:00:00Z,controllers_chunk_04
185,server/src/routes/iso27001.ts,48,"res.status(201).json({ status: 'success'; data });",STATUS_2XX_SUCCESS,server/src/routes/iso27001.ts:38-50,"router.post('/assessments'; ...; authAsyncHandler(async (req; res) => { const data = await iso27001Service.createAssessment({...}); res.status(201).json({ status: 'success'; data }); }));",2026-05-25T00:00:00Z,controllers_chunk_04
186,server/src/routes/iso27001.ts,134,"res.status(201).json({ status: 'success'; data });",STATUS_2XX_SUCCESS,server/src/routes/iso27001.ts:123-136,"router.post('/assessments/:id/risk-scenarios'; ...; authAsyncHandler(async (req; res) => { const data = await iso27001Service.createRiskScenario({...}); res.status(201).json({ status: 'success'; data }); }));",2026-05-25T00:00:00Z,controllers_chunk_04
187,server/src/routes/iso27001.ts,174,"res.status(201).json({ status: 'success'; data });",STATUS_2XX_SUCCESS,server/src/routes/iso27001.ts:163-176,"router.post('/assessments/:id/corrective-actions'; ...; authAsyncHandler(async (req; res) => { const data = await iso27001Service.createCorrectiveAction({...}); res.status(201).json({ status: 'success'; data }); }));",2026-05-25T00:00:00Z,controllers_chunk_04
188,server/src/routes/cicdGates.ts,193,"res.status(201).json({ status: 'success'; data: policy });",STATUS_2XX_SUCCESS,server/src/routes/cicdGates.ts:180-200,"const policy = await prisma.cICDGatePolicy.create({...}); res.status(201).json({ status: 'success'; data: policy });",2026-05-25T00:00:00Z,controllers_chunk_04
189,server/src/routes/cicdGates.ts,414,"res.status(201).json({ status: 'success'; data: result });",STATUS_2XX_SUCCESS,server/src/routes/cicdGates.ts:400-421,"const result = await prisma.cICDGateResult.create({...}); res.status(201).json({ status: 'success'; data: result });",2026-05-25T00:00:00Z,controllers_chunk_04
190,server/src/routes/ticketing.ts,1346,return res.status(200).json({ message: 'Accepted (no org context)' });,STATUS_4XX_VALIDATION_OK,server/src/routes/ticketing.ts:1340-1348,"if (!orgId) { logger.warn(`[Ticketing Webhook] No organization ID in ${provider} webhook`); return res.status(200).json({ message: 'Accepted (no org context)' }); }",2026-05-25T00:00:00Z,controllers_chunk_04
191,server/src/routes/ticketing.ts,1370,"res.status(200).json({ received: true; processed: false; error: error.message });",STATUS_5XX_INLINE_ERROR_BYPASS,server/src/routes/ticketing.ts:1367-1372,"} catch (error: any) { logger.error(`[Ticketing Webhook] Error processing ${provider} webhook`; error); // Always return 200 so the webhook provider does not retry indefinitely; res.status(200).json({ received: true; processed: false; error: error.message }); }",2026-05-25T00:00:00Z,controllers_chunk_04
192,server/src/routes/pciDss.ts,65,"res.status(201).json({ status: 'success'; data });",STATUS_2XX_SUCCESS,server/src/routes/pciDss.ts:55-67,"router.post('/scopes'; ...; authAsyncHandler(async (req; res) => { const data = await pciDssService.createScope({...}); res.status(201).json({ status: 'success'; data }); }));",2026-05-25T00:00:00Z,controllers_chunk_04
193,server/src/routes/pciDss.ts,111,"res.status(201).json({ status: 'success'; data });",STATUS_2XX_SUCCESS,server/src/routes/pciDss.ts:102-113,"router.post('/scopes/:id/seed-requirements'; ...; authAsyncHandler(async (req; res) => { const data = await pciDssService.bulkSeedRequirements(...); res.status(201).json({ status: 'success'; data }); }));",2026-05-25T00:00:00Z,controllers_chunk_04
194,server/src/routes/pciDss.ts,141,"res.status(201).json({ status: 'success'; data });",STATUS_2XX_SUCCESS,server/src/routes/pciDss.ts:131-143,"router.post('/requirements'; ...; authAsyncHandler(async (req; res) => { const data = await pciDssService.upsertRequirement({...}); res.status(201).json({ status: 'success'; data }); }));",2026-05-25T00:00:00Z,controllers_chunk_04
195,server/src/routes/pciDss.ts,187,"res.status(201).json({ status: 'success'; data });",STATUS_2XX_SUCCESS,server/src/routes/pciDss.ts:177-189,"router.post('/evidence'; ...; authAsyncHandler(async (req; res) => { const data = await pciDssService.createEvidence({...}); res.status(201).json({ status: 'success'; data }); }));",2026-05-25T00:00:00Z,controllers_chunk_04
196,server/src/routes/pciDss.ts,241,"res.status(201).json({ status: 'success'; data });",STATUS_2XX_SUCCESS,server/src/routes/pciDss.ts:231-243,"router.post('/findings'; ...; authAsyncHandler(async (req; res) => { const data = await pciDssService.createQSAFinding({...}); res.status(201).json({ status: 'success'; data }); }));",2026-05-25T00:00:00Z,controllers_chunk_04
197,server/src/routes/pciDss.ts,284,"res.status(201).json({ status: 'success'; data });",STATUS_2XX_SUCCESS,server/src/routes/pciDss.ts:274-286,"router.post('/ccws'; ...; authAsyncHandler(async (req; res) => { const data = await pciDssService.createCCW({...}); res.status(201).json({ status: 'success'; data }); }));",2026-05-25T00:00:00Z,controllers_chunk_04
198,server/src/routes/pciDss.ts,313,"res.status(201).json({ status: 'success'; data });",STATUS_2XX_SUCCESS,server/src/routes/pciDss.ts:303-315,"router.post('/rocs'; ...; authAsyncHandler(async (req; res) => { const data = await pciDssService.createROC({...}); res.status(201).json({ status: 'success'; data }); }));",2026-05-25T00:00:00Z,controllers_chunk_04
199,server/src/routes/pciDss.ts,342,"res.status(201).json({ status: 'success'; data });",STATUS_2XX_SUCCESS,server/src/routes/pciDss.ts:330-344,"router.post('/rocs/:id/aoc'; ...; authAsyncHandler(async (req; res) => { const data = await pciDssService.generateAOC(...); res.status(201).json({ status: 'success'; data }); }));",2026-05-25T00:00:00Z,controllers_chunk_04
200,server/src/routes/dashboards.ts,269,"res.status(201).json({ status: 'success'; data: dashboard });",STATUS_2XX_SUCCESS,server/src/routes/dashboards.ts:250-275,"const dashboard = await prisma.customDashboard.create({...}); res.status(201).json({ status: 'success'; data: dashboard });",2026-05-25T00:00:00Z,controllers_chunk_04
201,server/src/routes/dashboards.ts,435,"res.status(201).json({ status: 'success', data: widget });",STATUS_2XX_SUCCESS,server/src/routes/dashboards.ts:420-441,"const widget = await prisma.dashboardWidget.create({...}); res.status(201).json({ status: 'success'; data: widget }); } catch (error) { if (error instanceof AppError) throw error; logger.error(...); throw new AppError('Failed to add widget'; 500); }",2026-05-25T00:00:00Z,controllers_chunk_05
202,server/src/routes/dashboards.ts,607,"res.status(201).json({ status: 'success', data: cloned });",STATUS_2XX_SUCCESS,server/src/routes/dashboards.ts:590-614,"res.status(201).json({ status: 'success'; data: cloned }); } catch (error) { if (error instanceof AppError) throw error; logger.error('Error cloning dashboard:'; error); throw new AppError('Failed to clone dashboard'; 500); }",2026-05-25T00:00:00Z,controllers_chunk_05
203,server/src/routes/sso.ts,160,res.status(400).json({ error: 'SAMLResponse is required' });,STATUS_4XX_VALIDATION_OK,server/src/routes/sso.ts:155-165,"if (!SAMLResponse) { res.status(400).json({ error: 'SAMLResponse is required' }); return; }",2026-05-25T00:00:00Z,controllers_chunk_05
204,server/src/routes/sso.ts,182,res.status(404).json({ error: 'No matching SSO configuration found' });,STATUS_4XX_VALIDATION_OK,server/src/routes/sso.ts:178-185,"if (!ssoConfig) { logger.warn(`SSO ACS: No matching SSO configuration found for issuer: ${issuer}`); res.status(404).json({ error: 'No matching SSO configuration found' }); return; }",2026-05-25T00:00:00Z,controllers_chunk_05
205,server/src/routes/sso.ts,192,res.status(401).json({ error: 'SSO configuration incomplete — certificate required for signature verification' });,STATUS_4XX_VALIDATION_OK,server/src/routes/sso.ts:186-194,"if (!ssoConfig.certificate) { logger.error('SSO ACS: Certificate not configured — rejecting SAML response'; {...}); res.status(401).json({ error: 'SSO configuration incomplete — certificate required for signature verification' }); return; }",2026-05-25T00:00:00Z,controllers_chunk_05
206,server/src/routes/sso.ts,200,res.status(401).json({ error: 'SAML signature verification failed' });,STATUS_4XX_INLINE_ERROR_BYPASS,server/src/routes/sso.ts:196-202,"try { verifySamlSignature(samlResponseXml; ssoConfig.certificate); } catch (sigError: any) { logger.error('SSO ACS: SAML signature verification failed'; {...}); res.status(401).json({ error: 'SAML signature verification failed' }); return; }",2026-05-25T00:00:00Z,controllers_chunk_05
207,server/src/routes/sso.ts,207,res.status(400).json({ error: 'Invalid SAML response: NameID not found' });,STATUS_4XX_VALIDATION_OK,server/src/routes/sso.ts:204-209,"if (!samlClaims.nameId) { logger.warn('SSO ACS: Could not extract NameID from SAML response'); res.status(400).json({ error: 'Invalid SAML response: NameID not found' }); return; }",2026-05-25T00:00:00Z,controllers_chunk_05
208,server/src/routes/sso.ts,243,res.status(403).json({ error: 'User not found and auto-provisioning is disabled' });,STATUS_4XX_VALIDATION_OK,server/src/routes/sso.ts:242-245,"if (!user) { res.status(403).json({ error: 'User not found and auto-provisioning is disabled' }); return; }",2026-05-25T00:00:00Z,controllers_chunk_05
209,server/src/routes/sso.ts,248,res.status(403).json({ error: 'User account is disabled' });,STATUS_4XX_VALIDATION_OK,server/src/routes/sso.ts:247-250,"if (!user.active) { res.status(403).json({ error: 'User account is disabled' }); return; }",2026-05-25T00:00:00Z,controllers_chunk_05
210,server/src/routes/sso.ts,304,res.status(500).json({ error: 'SSO authentication failed' });,STATUS_5XX_INLINE_ERROR_BYPASS,server/src/routes/sso.ts:302-306,"} catch (error) { logger.error('SSO ACS error:'; error); res.status(500).json({ error: 'SSO authentication failed' }); }",2026-05-25T00:00:00Z,controllers_chunk_05
211,server/src/routes/sso.ts,326,res.status(404).json({ error: 'Organization not found' });,STATUS_4XX_VALIDATION_OK,server/src/routes/sso.ts:320-328,"const organization = await prisma.organization.findFirst({...}); if (!organization) { res.status(404).json({ error: 'Organization not found' }); return; }",2026-05-25T00:00:00Z,controllers_chunk_05
212,server/src/routes/sso.ts,335,res.status(404).json({ error: 'SSO is not configured or not enabled for this organization' });,STATUS_4XX_VALIDATION_OK,server/src/routes/sso.ts:330-337,"if (!ssoConfig || !ssoConfig.enabled) { res.status(404).json({ error: 'SSO is not configured or not enabled for this organization' }); return; }",2026-05-25T00:00:00Z,controllers_chunk_05
213,server/src/routes/sso.ts,340,res.status(400).json({ error: 'SSO URL is not configured' });,STATUS_4XX_VALIDATION_OK,server/src/routes/sso.ts:339-342,"if (!ssoConfig.ssoUrl) { res.status(400).json({ error: 'SSO URL is not configured' }); return; }",2026-05-25T00:00:00Z,controllers_chunk_05
214,server/src/routes/sso.ts,374,res.status(500).json({ error: 'Failed to initiate SSO login' });,STATUS_5XX_INLINE_ERROR_BYPASS,server/src/routes/sso.ts:372-376,"} catch (error) { logger.error('SSO login initiation error:'; error); res.status(500).json({ error: 'Failed to initiate SSO login' }); }",2026-05-25T00:00:00Z,controllers_chunk_05
215,server/src/routes/sso.ts,416,res.status(500).json({ error: 'Failed to fetch SSO configuration' });,STATUS_5XX_INLINE_ERROR_BYPASS,server/src/routes/sso.ts:414-418,"} catch (error) { logger.error('Error fetching SSO config:'; error); res.status(500).json({ error: 'Failed to fetch SSO configuration' }); }",2026-05-25T00:00:00Z,controllers_chunk_05
216,server/src/routes/sso.ts,487,res.status(500).json({ error: 'Failed to save SSO configuration' });,STATUS_5XX_INLINE_ERROR_BYPASS,server/src/routes/sso.ts:485-489,"} catch (error) { logger.error('Error creating/updating SSO config:'; error); res.status(500).json({ error: 'Failed to save SSO configuration' }); }",2026-05-25T00:00:00Z,controllers_chunk_05
217,server/src/routes/sso.ts,508,res.status(404).json({ error: 'SSO configuration not found' });,STATUS_4XX_VALIDATION_OK,server/src/routes/sso.ts:503-510,"const existing = await prisma.sSOConfiguration.findUnique({...}); if (!existing) { res.status(404).json({ error: 'SSO configuration not found' }); return; }",2026-05-25T00:00:00Z,controllers_chunk_05
218,server/src/routes/sso.ts,519,res.status(500).json({ error: 'Failed to delete SSO configuration' });,STATUS_5XX_INLINE_ERROR_BYPASS,server/src/routes/sso.ts:517-521,"} catch (error) { logger.error('Error deleting SSO config:'; error); res.status(500).json({ error: 'Failed to delete SSO configuration' }); }",2026-05-25T00:00:00Z,controllers_chunk_05
219,server/src/routes/sso.ts,567,res.status(500).json({ error: 'Failed to generate SP metadata' });,STATUS_5XX_INLINE_ERROR_BYPASS,server/src/routes/sso.ts:565-569,"} catch (error) { logger.error('Error generating SP metadata:'; error); res.status(500).json({ error: 'Failed to generate SP metadata' }); }",2026-05-25T00:00:00Z,controllers_chunk_05
220,server/src/routes/sso.ts,655,res.status(500).json({ error: 'Failed to test SSO configuration' });,STATUS_5XX_INLINE_ERROR_BYPASS,server/src/routes/sso.ts:653-657,"} catch (error) { logger.error('Error testing SSO configuration:'; error); res.status(500).json({ error: 'Failed to test SSO configuration' }); }",2026-05-25T00:00:00Z,controllers_chunk_05
221,server/src/routes/roles.ts,150,"res.status(201).json({ status: 'success', data: role });",STATUS_2XX_SUCCESS,server/src/routes/roles.ts:135-156,"res.status(201).json({ status: 'success'; data: role }); } catch (error) { if (error instanceof AppError) throw error; logger.error('Error creating custom role:'; error); throw new AppError(...; 500); }",2026-05-25T00:00:00Z,controllers_chunk_05
222,server/src/routes/roles.ts,321,"res.status(201).json({ status: 'success', data: permission });",STATUS_2XX_SUCCESS,server/src/routes/roles.ts:305-327,"const permission = await prisma.rolePermission.create({...}); res.status(201).json({ status: 'success'; data: permission }); } catch (error) { if (error instanceof AppError) throw error; logger.error(...); throw new AppError(...; 500); }",2026-05-25T00:00:00Z,controllers_chunk_05
223,server/src/routes/roles.ts,487,"res.status(201).json({ status: 'success', data: assignment });",STATUS_2XX_SUCCESS,server/src/routes/roles.ts:470-493,"const assignment = await prisma.userRole.create({...}); res.status(201).json({ status: 'success'; data: assignment }); } catch (error) { if (error instanceof AppError) throw error; logger.error(...); throw new AppError(...; 500); }",2026-05-25T00:00:00Z,controllers_chunk_05
224,server/src/routes/controlTesting.ts,311,"res.status(201).json({ status: 'success', data: test });",STATUS_2XX_SUCCESS,server/src/routes/controlTesting.ts:295-318,"const test = await prisma.controlTest.create({...}); res.status(201).json({ status: 'success'; data: test }); } catch (error) { if (error instanceof AppError) throw error; logger.error(...); throw new AppError('Failed to create control test'; 500); }",2026-05-25T00:00:00Z,controllers_chunk_05
225,server/src/routes/controlTesting.ts,451,"res.status(201).json({ status: 'success', data: result });",STATUS_2XX_SUCCESS,server/src/routes/controlTesting.ts:435-458,"res.status(201).json({ status: 'success'; data: result }); } catch (error) { if (error instanceof AppError) throw error; logger.error('Error running control test:'; error); throw new AppError('Failed to run control test'; 500); }",2026-05-25T00:00:00Z,controllers_chunk_05
226,server/src/routes/vendors.ts,28,res.status(201).json(vendor);,STATUS_2XX_SUCCESS,server/src/routes/vendors.ts:18-30,"router.post('/'; ... authAsyncHandler(async (req; res) => { const vendor = await vendorRiskService.createVendor({...}); res.status(201).json(vendor); }));",2026-05-25T00:00:00Z,controllers_chunk_05
227,server/src/routes/vendors.ts,43,res.status(201).json(assessment);,STATUS_2XX_SUCCESS,server/src/routes/vendors.ts:33-45,"router.post('/:id/assessments'; ... authAsyncHandler(async (req; res) => { const assessment = await vendorRiskService.createVendorAssessment({...}); res.status(201).json(assessment); }));",2026-05-25T00:00:00Z,controllers_chunk_05
228,server/src/routes/dora.ts,100,res.status(201).json(assessment);,STATUS_2XX_SUCCESS,server/src/routes/dora.ts:89-102,"router.post('/risk-assessments'; ... asyncHandler(async (req; res) => { const assessment = await doraService.createICTRiskAssessment({...}); res.status(201).json(assessment); }));",2026-05-25T00:00:00Z,controllers_chunk_05
229,server/src/routes/dora.ts,188,res.status(201).json(incident);,STATUS_2XX_SUCCESS,server/src/routes/dora.ts:177-190,"router.post('/incidents'; ... asyncHandler(async (req; res) => { const incident = await doraService.createICTIncident({...}); res.status(201).json(incident); }));",2026-05-25T00:00:00Z,controllers_chunk_05
230,server/src/routes/dora.ts,295,res.status(201).json(provider);,STATUS_2XX_SUCCESS,server/src/routes/dora.ts:285-297,"router.post('/third-party-providers'; ... asyncHandler(async (req; res) => { const provider = await doraService.createThirdPartyProvider({...}); res.status(201).json(provider); }));",2026-05-25T00:00:00Z,controllers_chunk_05
231,server/src/routes/dora.ts,372,res.status(201).json(test);,STATUS_2XX_SUCCESS,server/src/routes/dora.ts:361-374,"router.post('/resilience-tests'; ... asyncHandler(async (req; res) => { const test = await doraService.createResilienceTest({...}); res.status(201).json(test); }));",2026-05-25T00:00:00Z,controllers_chunk_05
232,server/src/routes/dora.ts,469,res.status(201).json(entry);,STATUS_2XX_SUCCESS,server/src/routes/dora.ts:459-471,"router.post('/information-register'; ... asyncHandler(async (req; res) => { const entry = await doraService.createInformationRegisterEntry({...}); res.status(201).json(entry); }));",2026-05-25T00:00:00Z,controllers_chunk_05
233,server/src/routes/bia.ts,281,"res.status(201).json({ status: 'success', data: process });",STATUS_2XX_SUCCESS,server/src/routes/bia.ts:270-288,"res.status(201).json({ status: 'success'; data: process }); } catch (error) { if (error instanceof AppError) throw error; logger.error('Error creating business process:'; error); throw new AppError('Failed to create business process'; 500); }",2026-05-25T00:00:00Z,controllers_chunk_05
234,server/src/routes/bia.ts,454,"res.status(201).json({ status: 'success', data: dependency });",STATUS_2XX_SUCCESS,server/src/routes/bia.ts:440-461,"const dependency = await prisma.processDependency.create({...}); res.status(201).json({ status: 'success'; data: dependency }); } catch (error) { if (error instanceof AppError) throw error; logger.error('Error adding dependency:'; error); throw new AppError('Failed to add dependency'; 500); }",2026-05-25T00:00:00Z,controllers_chunk_05
