call_number,file,line,call_type,hint_from_scanner,verdict,evidence_lines_read,evidence_quote,verified_at,verified_by
1,./server/src/controllers/authController.ts,82,fetch,ENV_URL_SAFE,SAFE_CONSTANT_NO_OVERRIDE,server/src/controllers/authController.ts:50-98,"const verifyUrl = isHCaptcha ? 'https://api.hcaptcha.com/siteverify' : 'https://www.google.com/recaptcha/api/siteverify';",2026-05-25T00:00:00Z,F7_chunk_01
2,./server/src/controllers/integrationsController.ts,817,axios.post,CONSTANT_URL_SAFE,SAFE_CONSTANT_NO_OVERRIDE,server/src/controllers/integrationsController.ts:802-855,"const tokenUrl = `https://login.microsoftonline.com/${tenantId}/oauth2/v2.0/token`;",2026-05-25T00:00:00Z,F7_chunk_01
3,./server/src/controllers/integrationsController.ts,833,axios.get,DYNAMIC_URL_NO_VALIDATION,SAFE_CONSTANT_NO_OVERRIDE,server/src/controllers/integrationsController.ts:830-845,"const subResponse = await axios.get(`https://management.azure.com/subscriptions/${subscriptionId}?api-version=2022-12-01`;",2026-05-25T00:00:00Z,F7_chunk_01
4,./server/src/graphql/index.ts,382,fetch,DYNAMIC_URL_NO_VALIDATION,SAFE_CONSTANT_NO_OVERRIDE,server/src/graphql/index.ts:330-395,"const res = await fetch('/api/graphql'; { method: 'POST'; headers; body: JSON.stringify({ query }) });",2026-05-25T00:00:00Z,F7_chunk_01
5,./server/src/services/advanced/byokService.ts,186,axios.create,VALIDATED,SAFE_VALIDATED,server/src/services/advanced/byokService.ts:170-199,"if (!isUrlSafe(vaultUrl)) { throw new AppError('Invalid Vault URL for security reasons (SSRF protection)'; 403); }",2026-05-25T00:00:00Z,F7_chunk_01
6,./server/src/services/advanced/complianceAsCodeService.ts,164,axios.post,DYNAMIC_URL_NO_VALIDATION,SAFE_ENV_NO_OVERRIDE,server/src/services/advanced/complianceAsCodeService.ts:70-188,"this.opaEndpoint = process.env.OPA_ENDPOINT || 'http://localhost:8181'; ... `${this.opaEndpoint}/v1/compile`",2026-05-25T00:00:00Z,F7_chunk_01
7,./server/src/services/advanced/complianceAsCodeService.ts,195,axios.put,DYNAMIC_URL_NO_VALIDATION,SAFE_ENV_NO_OVERRIDE,server/src/services/advanced/complianceAsCodeService.ts:190-216,"await axios.put(`${this.opaEndpoint}/v1/policies/${policyId}`; rego;",2026-05-25T00:00:00Z,F7_chunk_01
8,./server/src/services/advanced/complianceAsCodeService.ts,230,axios.post,DYNAMIC_URL_NO_VALIDATION,SAFE_ENV_NO_OVERRIDE,server/src/services/advanced/complianceAsCodeService.ts:218-250,"const response = await axios.post(`${this.opaEndpoint}/v1/data/compliance/${policyId}`; { input };",2026-05-25T00:00:00Z,F7_chunk_01
9,./server/src/services/advanced/complianceAsCodeService.ts,565,axios.post,ENV_URL_SAFE,SAFE_CONSTANT_NO_OVERRIDE,server/src/services/advanced/complianceAsCodeService.ts:545-590,"await axios.post(`https://api.github.com/repos/${owner}/${repo}/check-runs`;",2026-05-25T00:00:00Z,F7_chunk_01
10,./server/src/services/advanced/complianceAsCodeService.ts,608,axios.post,ENV_URL_SAFE,SAFE_CONSTANT_NO_OVERRIDE,server/src/services/advanced/complianceAsCodeService.ts:590-625,"await axios.post(`https://gitlab.com/api/v4/projects/${projectId}/statuses/${commitSha}`;",2026-05-25T00:00:00Z,F7_chunk_01
11,./server/src/services/advanced/complianceAsCodeService.ts,1186,axios.delete,ENV_URL_SAFE,SAFE_ENV_NO_OVERRIDE,server/src/services/advanced/complianceAsCodeService.ts:1177-1195,"await axios.delete(`${this.opaEndpoint}/v1/policies/${policyId}`; { headers: ... });",2026-05-25T00:00:00Z,F7_chunk_01
12,./server/src/services/advanced/complianceAsCodeService.ts,1190,axios.delete,ENV_URL_SAFE,SAFE_ENV_NO_OVERRIDE,server/src/services/advanced/complianceAsCodeService.ts:1185-1195,"await axios.delete(`${this.opaEndpoint}/v1/policies/${policyId}`).catch(() => { logger.warn('OPA server not available...'); });",2026-05-25T00:00:00Z,F7_chunk_01
13,./server/src/services/advanced/multimodalIntakeService.ts,375,axios.post,ENV_URL_SAFE,SAFE_ENV_NO_OVERRIDE,server/src/services/advanced/multimodalIntakeService.ts:358-395,"const pyannoteServiceUrl = process.env.PYANNOTE_SERVICE_URL; ... await axios.post(`${pyannoteServiceUrl}/diarize`; formData;",2026-05-25T00:00:00Z,F7_chunk_01
14,./server/src/services/advanced/physicalAIService.ts,2696,axios.get,ENV_URL_SAFE,SAFE_ENV_NO_OVERRIDE,server/src/services/advanced/physicalAIService.ts:2687-2710,"const firmwareRegistry = process.env.FIRMWARE_REGISTRY_URL; ... await axios.get(`${firmwareRegistry}/firmware/${safeDeviceType}/latest`;",2026-05-25T00:00:00Z,F7_chunk_01
15,./server/src/services/advanced/physicalAIService.ts,2719,axios.get,ENV_URL_SAFE,SAFE_CONSTANT_NO_OVERRIDE,server/src/services/advanced/physicalAIService.ts:2711-2733,"const nvdUrl = nvdApiKey ? `https://services.nvd.nist.gov/rest/json/cves/2.0?keywordSearch=${encodeURIComponent(deviceType)}&resultsPerPage=1` : null;",2026-05-25T00:00:00Z,F7_chunk_01
16,./server/src/services/advanced/physicalAIService.ts,2746,axios.get,ENV_URL_SAFE,SAFE_CONSTANT_NO_OVERRIDE,server/src/services/advanced/physicalAIService.ts:2736-2780,"const manufacturerApis: Record<string; string> = { 'raspberry-pi': 'https://downloads.raspberrypi.org/...'; 'arduino': 'https://api.github.com/...'; ... };",2026-05-25T00:00:00Z,F7_chunk_01
17,./server/src/services/advanced/regulatoryIntelligenceFabricService.ts,117,axios.get,VALIDATED,SAFE_VALIDATED,server/src/services/advanced/regulatoryIntelligenceFabricService.ts:104-128,"const { isUrlSafe } = await import('../../utils/urlValidator'); if (!isUrlSafe(input.url)) { throw new AppError('URL is not allowed for security reasons (SSRF protection)'; 403); }",2026-05-25T00:00:00Z,F7_chunk_01
18,./server/src/services/advanced/regulatoryIntelligenceFabricService.ts,2397,axios.get,VALIDATED,SAFE_VALIDATED,server/src/services/advanced/regulatoryIntelligenceFabricService.ts:2386-2406,"const { isUrlSafe } = await import('../../utils/urlValidator'); if (!isUrlSafe(feed.url)) { throw new AppError('Feed URL is not allowed for security reasons (SSRF protection)'; 403); }",2026-05-25T00:00:00Z,F7_chunk_01
19,./server/src/services/advanced/regulatoryIntelligenceFabricService.ts,2566,axios.get,VALIDATED,SAFE_VALIDATED,server/src/services/advanced/regulatoryIntelligenceFabricService.ts:2539-2570,"const { isUrlSafe } = await import('../../utils/urlValidator'); if (!isUrlSafe(feed.url)) { throw new AppError('Feed URL is not allowed for security reasons (SSRF protection)'; 403); }",2026-05-25T00:00:00Z,F7_chunk_01
20,./server/src/services/advanced/regulatoryIntelligenceFabricService.ts,2600,axios.get,VALIDATED,SAFE_VALIDATED,server/src/services/advanced/regulatoryIntelligenceFabricService.ts:2589-2605,"const { isUrlSafe } = await import('../../utils/urlValidator'); if (!isUrlSafe(feed.url)) { throw new AppError('Feed URL is not allowed for security reasons (SSRF protection)'; 403); }",2026-05-25T00:00:00Z,F7_chunk_01
21,./server/src/services/advanced/regulatoryIntelligenceFabricService.ts,2667,axios.get,VALIDATED,SAFE_VALIDATED,server/src/services/advanced/regulatoryIntelligenceFabricService.ts:2657-2672,"const { isUrlSafe } = await import('../../utils/urlValidator'); if (!isUrlSafe(item.url)) { logger.warn(`[RIF] Blocked SSRF attempt: ${item.url}`); return null; }",2026-05-25T00:00:00Z,F7_chunk_01
22,./server/src/services/advanced/whisperService.ts,533,axios.post,ENV_URL_SAFE,SAFE_ENV_NO_OVERRIDE,server/src/services/advanced/whisperService.ts:521-545,"const pyannoteServiceUrl = process.env.PYANNOTE_SERVICE_URL; ... const response = await axios.post(`${pyannoteServiceUrl}/diarize`; formData;",2026-05-25T00:00:00Z,F7_chunk_01
23,./server/src/services/advanced/zeroTrustService.ts,524,axios.get,ENV_URL_SAFE,SAFE_CONSTANT_NO_OVERRIDE,server/src/services/advanced/zeroTrustService.ts:519-535,"const response = await axios.get('https://api.abuseipdb.com/api/v2/check'; { params: { ipAddress; ... }; headers: { 'Key': abuseIPDBKey; ... } });",2026-05-25T00:00:00Z,F7_chunk_01
24,./server/src/services/advanced/zeroTrustService.ts,574,axios.get,ENV_URL_SAFE,SAFE_CONSTANT_NO_OVERRIDE,server/src/services/advanced/zeroTrustService.ts:569-580,"const response = await axios.get(`https://www.virustotal.com/vtapi/v2/ip-address/report`; { params: { apikey: virusTotalKey; ip: ipAddress } });",2026-05-25T00:00:00Z,F7_chunk_01
25,./server/src/services/euRegulations/euAiDatabaseClient.ts,61,axios.post,DYNAMIC_URL_NO_VALIDATION,SAFE_ENV_NO_OVERRIDE,server/src/services/euRegulations/euAiDatabaseClient.ts:28-108,"const { euAiDb } = config; ... const url = `${euAiDb.apiBaseUrl.replace(/\/+$/; '')}/systems`; const response = await axios.post<EUAIRegistrationResponse>( url;",2026-05-25T00:00:00Z,F7_chunk_01
026,./server/src/services/integrations/azureDevOpsService.ts,167,unknown,DYNAMIC_URL_NO_VALIDATION,SAFE_CONSTANT_NO_OVERRIDE,server/src/services/integrations/azureDevOpsService.ts:130-170,"const baseURL = `https://dev.azure.com/${encodeURIComponent(adoConfig.organization)}`; ... client: axios.create({ baseURL; headers; timeout: 30000 }); host is literal 'dev.azure.com' and only path is encoded org name from DB",2026-05-25T00:00:00Z,F7_chunk_02
027,./server/src/services/integrations/azureDevOpsService.ts,223,axios.post,ENV_URL_SAFE,SAFE_CONSTANT_NO_OVERRIDE,server/src/services/integrations/azureDevOpsService.ts:197-227,"const tokenUrl = config.tenantId ? `https://login.microsoftonline.com/${config.tenantId}/oauth2/v2.0/token` : 'https://app.vssps.visualstudio.com/oauth2/token'; tokenUrl host is one of two hardcoded Microsoft hosts",2026-05-25T00:00:00Z,F7_chunk_02
028,./server/src/services/integrations/githubService.ts,60,axios.post,DYNAMIC_URL_NO_VALIDATION,SAFE_CONSTANT_NO_OVERRIDE,server/src/services/integrations/githubService.ts:28-72,"private readonly authBaseUrl = 'https://github.com/login/oauth'; ... await axios.post(`${this.authBaseUrl}/access_token`; ...); authBaseUrl is a hardcoded class constant",2026-05-25T00:00:00Z,F7_chunk_02
029,./server/src/services/integrations/githubService.ts,91,axios.get,DYNAMIC_URL_NO_VALIDATION,SAFE_CONSTANT_NO_OVERRIDE,server/src/services/integrations/githubService.ts:28-103,"private readonly apiBaseUrl = 'https://api.github.com'; ... await axios.get(`${this.apiBaseUrl}/user`; ...); apiBaseUrl is a hardcoded class constant",2026-05-25T00:00:00Z,F7_chunk_02
030,./server/src/services/integrations/githubService.ts,183,axios.get,VALIDATED,SAFE_VALIDATED,server/src/services/integrations/githubService.ts:177-198,"const url = `${this.apiBaseUrl}${endpoint}`; if (!isUrlSafe(url)) { throw new AppError('Blocked unsafe outbound URL'; 400); } try { const response = await axios.get(url; ...); explicit isUrlSafe gate before call",2026-05-25T00:00:00Z,F7_chunk_02
031,./server/src/services/integrations/jiraService.ts,63,axios.post,DYNAMIC_URL_NO_VALIDATION,SAFE_CONSTANT_NO_OVERRIDE,server/src/services/integrations/jiraService.ts:29-88,"private readonly authBaseUrl = 'https://auth.atlassian.com'; ... await axios.post(`${this.authBaseUrl}/oauth/token`; ...); authBaseUrl is a hardcoded class constant",2026-05-25T00:00:00Z,F7_chunk_02
032,./server/src/services/integrations/jiraService.ts,95,axios.post,DYNAMIC_URL_NO_VALIDATION,SAFE_CONSTANT_NO_OVERRIDE,server/src/services/integrations/jiraService.ts:29-113,"await axios.post(`${this.authBaseUrl}/oauth/token`; { grant_type: 'refresh_token'; ...}); authBaseUrl is hardcoded 'https://auth.atlassian.com'",2026-05-25T00:00:00Z,F7_chunk_02
033,./server/src/services/integrations/jiraService.ts,120,axios.get,DYNAMIC_URL_NO_VALIDATION,SAFE_CONSTANT_NO_OVERRIDE,server/src/services/integrations/jiraService.ts:29-131,"private readonly apiBaseUrl = 'https://api.atlassian.com'; ... await axios.get(`${this.apiBaseUrl}/oauth/token/accessible-resources`; ...); apiBaseUrl is hardcoded constant",2026-05-25T00:00:00Z,F7_chunk_02
034,./server/src/services/integrations/jiraService.ts,332,axios.get,VALIDATED,SAFE_VALIDATED,server/src/services/integrations/jiraService.ts:321-350,"const url = `${this.apiBaseUrl}/ex/jira/${cloudId}/rest/api/3${endpoint}`; if (!isUrlSafe(url)) { throw new AppError('Blocked unsafe outbound URL'; 400); } try { const response = await axios.get(url; ...);",2026-05-25T00:00:00Z,F7_chunk_02
035,./server/src/services/integrations/jiraService.ts,439,axios.post,DYNAMIC_URL_NO_VALIDATION,SAFE_CONSTANT_NO_OVERRIDE,server/src/services/integrations/jiraService.ts:426-491,"await axios.post(`${this.apiBaseUrl}/ex/jira/${cloudId}/rest/api/3/issue`; ...); apiBaseUrl is hardcoded 'https://api.atlassian.com' — host is literal; cloudId is path-only",2026-05-25T00:00:00Z,F7_chunk_02
036,./server/src/services/integrations/jiraService.ts,787,axios.get,DYNAMIC_URL_NO_VALIDATION,SAFE_CONSTANT_NO_OVERRIDE,server/src/services/integrations/jiraService.ts:766-790,"await axios.get(`${this.apiBaseUrl}/ex/jira/${cloudId}/rest/api/3/issue/${issueKey}/transitions`; ...); apiBaseUrl is class constant 'https://api.atlassian.com'",2026-05-25T00:00:00Z,F7_chunk_02
037,./server/src/services/integrations/jiraService.ts,799,axios.post,DYNAMIC_URL_NO_VALIDATION,SAFE_CONSTANT_NO_OVERRIDE,server/src/services/integrations/jiraService.ts:766-803,"await axios.post(`${this.apiBaseUrl}/ex/jira/${cloudId}/rest/api/3/issue/${issueKey}/transitions`; ...); apiBaseUrl hardcoded 'https://api.atlassian.com'",2026-05-25T00:00:00Z,F7_chunk_02
038,./server/src/services/integrations/jiraService.ts,808,axios.post,DYNAMIC_URL_NO_VALIDATION,SAFE_CONSTANT_NO_OVERRIDE,server/src/services/integrations/jiraService.ts:766-819,"await axios.post(`${this.apiBaseUrl}/ex/jira/${cloudId}/rest/api/3/issue/${issueKey}/comment`; ...); apiBaseUrl hardcoded 'https://api.atlassian.com'",2026-05-25T00:00:00Z,F7_chunk_02
039,./server/src/services/integrations/patValidationService.ts,163,axios.get,CONSTANT_URL_SAFE,SAFE_CONSTANT_NO_OVERRIDE,server/src/services/integrations/patValidationService.ts:161-192,"const response = await axios.get('https://api.github.com/user'; { headers: ...}); URL is a string literal",2026-05-25T00:00:00Z,F7_chunk_02
040,./server/src/services/integrations/patValidationService.ts,202,axios.get,VALIDATED,SAFE_VALIDATED,server/src/services/integrations/patValidationService.ts:17-25 197-212,"private validateBaseUrl(baseUrl: string | undefined): void { if (baseUrl && !isUrlSafe(baseUrl)) { throw new AppError('Invalid base URL'; 400); } } ... this.validateBaseUrl(baseUrl); const apiUrl = baseUrl ? `${baseUrl}/api/v4/user` : 'https://gitlab.com/api/v4/user'; await axios.get(apiUrl; ...);",2026-05-25T00:00:00Z,F7_chunk_02
041,./server/src/services/integrations/patValidationService.ts,235,axios.get,CONSTANT_URL_SAFE,SAFE_CONSTANT_NO_OVERRIDE,server/src/services/integrations/patValidationService.ts:232-245,"await axios.get('https://api.bitbucket.org/2.0/user'; { auth: ...}); URL is string literal — no parameter override",2026-05-25T00:00:00Z,F7_chunk_02
042,./server/src/services/integrations/patValidationService.ts,268,axios.get,CONSTANT_URL_SAFE,SAFE_CONSTANT_NO_OVERRIDE,server/src/services/integrations/patValidationService.ts:265-278,"await axios.get('https://api.travis-ci.com/user'; { headers: ...}); URL is string literal — no override path",2026-05-25T00:00:00Z,F7_chunk_02
043,./server/src/services/integrations/patValidationService.ts,305,axios.get,CONSTANT_URL_SAFE,SAFE_CONSTANT_NO_OVERRIDE,server/src/services/integrations/patValidationService.ts:303-315,"await axios.get('https://circleci.com/api/v2/me'; { headers: { 'Circle-Token': token }; ...}); URL is string literal",2026-05-25T00:00:00Z,F7_chunk_02
044,./server/src/services/integrations/patValidationService.ts,344,axios.get,VALIDATED,SAFE_VALIDATED,server/src/services/integrations/patValidationService.ts:17-25 334-354,"if (!baseUrl) { return { valid: false; error: 'Jenkins base URL is required' }; } this.validateBaseUrl(baseUrl); ... const apiUrl = `${baseUrl.replace(/\/$/; '')}/whoAmI/api/json`; await axios.get(apiUrl; ...);",2026-05-25T00:00:00Z,F7_chunk_02
045,./server/src/services/integrations/patValidationService.ts,383,axios.get,CONSTANT_URL_SAFE,SAFE_CONSTANT_NO_OVERRIDE,server/src/services/integrations/patValidationService.ts:374-393,"await axios.get('https://api.stripe.com/v1/account'; { headers: { Authorization: `Bearer ${token}` }; ...}); URL is literal",2026-05-25T00:00:00Z,F7_chunk_02
046,./server/src/services/integrations/patValidationService.ts,424,axios.get,CONSTANT_URL_SAFE,SAFE_CONSTANT_NO_OVERRIDE,server/src/services/integrations/patValidationService.ts:416-434,"await axios.get('https://api.sendgrid.com/v3/user/profile'; { headers: { Authorization: `Bearer ${token}` }; ...}); URL is literal",2026-05-25T00:00:00Z,F7_chunk_02
047,./server/src/services/integrations/patValidationService.ts,475,axios.get,CONSTANT_URL_SAFE,SAFE_CONSTANT_NO_OVERRIDE,server/src/services/integrations/patValidationService.ts:465-485,"await axios.get(`https://api.twilio.com/2010-04-01/Accounts/${sid}.json`; ...); host 'api.twilio.com' is literal; only path segment sid is parameterized",2026-05-25T00:00:00Z,F7_chunk_02
048,./server/src/services/integrations/patValidationService.ts,511,axios.get,CONSTANT_URL_SAFE,SAFE_CONSTANT_NO_OVERRIDE,server/src/services/integrations/patValidationService.ts:509-521,"await axios.get('https://api.digitalocean.com/v2/account'; { headers: { Authorization: `Bearer ${token}` }; ...}); URL is literal",2026-05-25T00:00:00Z,F7_chunk_02
049,./server/src/services/integrations/patValidationService.ts,546,axios.get,CONSTANT_URL_SAFE,SAFE_CONSTANT_NO_OVERRIDE,server/src/services/integrations/patValidationService.ts:544-556,"await axios.get('https://hub.docker.com/v2/users/me'; { headers: { Authorization: `Bearer ${token}` }; ...}); URL is literal",2026-05-25T00:00:00Z,F7_chunk_02
050,./server/src/services/integrations/patValidationService.ts,582,axios.get,VALIDATED,SAFE_VALIDATED,server/src/services/integrations/patValidationService.ts:17-25 575-592,"if (!baseUrl) { return { valid: false; error: 'Kubernetes API server URL is required' }; } this.validateBaseUrl(baseUrl); ... await axios.get(`${baseUrl.replace(/\/$/; '')}/api/v1/namespaces`; ...);",2026-05-25T00:00:00Z,F7_chunk_02
051,./server/src/services/integrations/patValidationService.ts,620,axios.get,VALIDATED,SAFE_VALIDATED,server/src/services/integrations/patValidationService.ts:613-626 + utils/urlValidator.ts:37-99,"this.validateBaseUrl(baseUrl); ... const response = await axios.get(`${baseUrl.replace(/\/$/; '')}/rest/api/user/current`",2026-05-25T00:00:00Z,F7_chunk_03
052,./server/src/services/integrations/patValidationService.ts,657,axios.get,CONSTANT_URL_SAFE,SAFE_CONSTANT_NO_OVERRIDE,server/src/services/integrations/patValidationService.ts:651-663,"const response = await axios.get(`https://api.trello.com/1/members/me` ...) — no baseUrl param; token + apiKey only",2026-05-25T00:00:00Z,F7_chunk_03
053,./server/src/services/integrations/patValidationService.ts,691,axios.get,CONSTANT_URL_SAFE,SAFE_CONSTANT_NO_OVERRIDE,server/src/services/integrations/patValidationService.ts:689-696,"const response = await axios.get('https://app.asana.com/api/1.0/users/me' ...) — function signature has only token; no URL override",2026-05-25T00:00:00Z,F7_chunk_03
054,./server/src/services/integrations/patValidationService.ts,723,axios.post,CONSTANT_URL_SAFE,SAFE_CONSTANT_NO_OVERRIDE,server/src/services/integrations/patValidationService.ts:721-731,"const response = await axios.post('https://api.monday.com/v2' ...) — function signature has only token; no URL param",2026-05-25T00:00:00Z,F7_chunk_03
055,./server/src/services/integrations/patValidationService.ts,759,axios.get,CONSTANT_URL_SAFE,SAFE_CONSTANT_NO_OVERRIDE,server/src/services/integrations/patValidationService.ts:756-764,"const response = await axios.get('https://graph.microsoft.com/v1.0/me' ...) — token-only signature; literal URL",2026-05-25T00:00:00Z,F7_chunk_03
056,./server/src/services/integrations/patValidationService.ts,791,axios.get,CONSTANT_URL_SAFE,SAFE_CONSTANT_NO_OVERRIDE,server/src/services/integrations/patValidationService.ts:789-796,"const response = await axios.get('https://discord.com/api/v10/users/@me' ...) — token-only signature; literal URL",2026-05-25T00:00:00Z,F7_chunk_03
057,./server/src/services/integrations/patValidationService.ts,828,axios.get,VALIDATED,SAFE_VALIDATED,server/src/services/integrations/patValidationService.ts:821-833 + utils/urlValidator.ts:37-99,"this.validateBaseUrl(baseUrl); ... await axios.get(`${baseUrl.replace(/\/$/; '')}/api/v1/users/me`",2026-05-25T00:00:00Z,F7_chunk_03
058,./server/src/services/integrations/patValidationService.ts,884,axios.get,CONSTANT_URL_SAFE,SAFE_CONSTANT_NO_OVERRIDE,server/src/services/integrations/patValidationService.ts:882-889,"const response = await axios.get('https://api.newrelic.com/v2/users.json' ...) — token-only signature; literal URL",2026-05-25T00:00:00Z,F7_chunk_03
059,./server/src/services/integrations/patValidationService.ts,917,axios.get,VALIDATED,SAFE_VALIDATED,server/src/services/integrations/patValidationService.ts:912-922 + utils/urlValidator.ts:37-99,"this.validateBaseUrl(baseUrl); const apiUrl = baseUrl ? `${baseUrl}/api/0/` : 'https://sentry.io/api/0/'; ... await axios.get(`${apiUrl}organizations/`",2026-05-25T00:00:00Z,F7_chunk_03
060,./server/src/services/integrations/patValidationService.ts,948,axios.get,CONSTANT_URL_SAFE,SAFE_CONSTANT_NO_OVERRIDE,server/src/services/integrations/patValidationService.ts:946-954,"const response = await axios.get('https://api.pagerduty.com/users/me' ...) — token-only signature; literal URL",2026-05-25T00:00:00Z,F7_chunk_03
061,./server/src/services/integrations/patValidationService.ts,986,axios.get,VALIDATED,SAFE_VALIDATED,server/src/services/integrations/patValidationService.ts:979-994 + utils/urlValidator.ts:37-99,"this.validateBaseUrl(baseUrl); ... await axios.get(`https://${baseUrl.replace(/^https?:\/\//; '').replace(/\/$/; '')}/api/v2/users`",2026-05-25T00:00:00Z,F7_chunk_03
062,./server/src/services/integrations/patValidationService.ts,1022,axios.get,VALIDATED,SAFE_VALIDATED,server/src/services/integrations/patValidationService.ts:1017-1027 + utils/urlValidator.ts:37-99,"this.validateBaseUrl(baseUrl); const apiUrl = baseUrl || 'https://api.datadoghq.com'; ... await axios.get(`${apiUrl}/api/v1/validate`",2026-05-25T00:00:00Z,F7_chunk_03
063,./server/src/services/integrations/patValidationService.ts,1063,axios.get,VALIDATED,SAFE_VALIDATED,server/src/services/integrations/patValidationService.ts:1053-1073 + utils/urlValidator.ts:37-99,"this.validateBaseUrl(baseUrl); ... await axios.get(`${baseUrl.replace(/\/$/; '')}/api/2.0/fo/asset/host/`",2026-05-25T00:00:00Z,F7_chunk_03
064,./server/src/services/integrations/patValidationService.ts,1110,axios.get,VALIDATED,SAFE_VALIDATED,server/src/services/integrations/patValidationService.ts:1098-1115 + utils/urlValidator.ts:37-99,"this.validateBaseUrl(baseUrl); const apiUrl = baseUrl || 'https://cloud.tenable.com'; ... const response = await axios.get(`${apiUrl}/scanners`",2026-05-25T00:00:00Z,F7_chunk_03
065,./server/src/services/integrations/patValidationService.ts,1153,axios.post,VALIDATED,SAFE_VALIDATED,server/src/services/integrations/patValidationService.ts:1140-1164 + utils/urlValidator.ts:37-99,"this.validateBaseUrl(baseUrl); const apiUrl = baseUrl || 'https://api.crowdstrike.com'; ... const oauthResponse = await axios.post(`${apiUrl}/oauth2/token`",2026-05-25T00:00:00Z,F7_chunk_03
066,./server/src/services/integrations/patValidationService.ts,1168,axios.get,VALIDATED,SAFE_VALIDATED,server/src/services/integrations/patValidationService.ts:1140-1174 + utils/urlValidator.ts:37-99,"this.validateBaseUrl(baseUrl); const apiUrl = baseUrl || 'https://api.crowdstrike.com'; ... const validateResponse = await axios.get(`${apiUrl}/sensors/queries/sensors/v1`",2026-05-25T00:00:00Z,F7_chunk_03
067,./server/src/services/integrations/patValidationService.ts,1206,axios.get,VALIDATED,SAFE_VALIDATED,server/src/services/integrations/patValidationService.ts:1198-1213 + utils/urlValidator.ts:37-99,"this.validateBaseUrl(baseUrl); ... await axios.get(`${baseUrl.replace(/\/$/; '')}/api/`",2026-05-25T00:00:00Z,F7_chunk_03
068,./server/src/services/integrations/patValidationService.ts,1246,axios.get,VALIDATED,SAFE_VALIDATED,server/src/services/integrations/patValidationService.ts:1236-1252 + utils/urlValidator.ts:37-99,"this.validateBaseUrl(baseUrl); ... await axios.get(`${baseUrl.replace(/\/$/; '')}/api/3/account`",2026-05-25T00:00:00Z,F7_chunk_03
069,./server/src/services/integrations/patValidationService.ts,1286,axios.get,VALIDATED,SAFE_VALIDATED,server/src/services/integrations/patValidationService.ts:1278-1291 + utils/urlValidator.ts:37-99,"this.validateBaseUrl(baseUrl); ... await axios.get(`${baseUrl.replace(/\/$/; '')}/services/auth/current-context`",2026-05-25T00:00:00Z,F7_chunk_03
070,./server/src/services/integrations/patValidationService.ts,1323,axios.get,VALIDATED,SAFE_VALIDATED,server/src/services/integrations/patValidationService.ts:1314-1329 + utils/urlValidator.ts:37-99,"this.validateBaseUrl(baseUrl); const apiUrl = baseUrl.includes('.') ? baseUrl : `https://api.bamboohr.com/api/gateway.php/${baseUrl}/v1`; ... await axios.get(`${apiUrl}/employees/directory`",2026-05-25T00:00:00Z,F7_chunk_03
071,./server/src/services/integrations/patValidationService.ts,1367,axios.post,VALIDATED,SAFE_VALIDATED,server/src/services/integrations/patValidationService.ts:1352-1377 + utils/urlValidator.ts:37-99,"this.validateBaseUrl(baseUrl); ... const oauthResponse = await axios.post(`${baseUrl}/auth/oauth/v2/token`",2026-05-25T00:00:00Z,F7_chunk_03
072,./server/src/services/integrations/patValidationService.ts,1414,axios.get,VALIDATED,SAFE_VALIDATED,server/src/services/integrations/patValidationService.ts:1404-1420 + utils/urlValidator.ts:37-99,"this.validateBaseUrl(baseUrl); ... await axios.get('https://cloud.mongodb.com/api/atlas/v1.0/groups' ...) — literal URL despite baseUrl param accepted",2026-05-25T00:00:00Z,F7_chunk_03
073,./server/src/services/integrations/patValidationService.ts,1551,axios.get,VALIDATED,SAFE_VALIDATED,server/src/services/integrations/patValidationService.ts:1544-1556 + utils/urlValidator.ts:37-99,"this.validateBaseUrl(baseUrl); ... await axios.get(`${baseUrl.replace(/\/$/; '')}/`",2026-05-25T00:00:00Z,F7_chunk_03
074,./server/src/services/integrations/patValidationService.ts,1584,axios.get,CONSTANT_URL_SAFE,SAFE_CONSTANT_NO_OVERRIDE,server/src/services/integrations/patValidationService.ts:1582-1590,"const response = await axios.get('https://api.heroku.com/account' ...) — token-only signature; literal URL",2026-05-25T00:00:00Z,F7_chunk_03
075,./server/src/services/integrations/patValidationService.ts,1625,axios.post,VALIDATED,SAFE_VALIDATED,server/src/services/integrations/patValidationService.ts:1615-1635 + utils/urlValidator.ts:37-99,"this.validateBaseUrl(baseUrl); ... const oauthResponse = await axios.post(`${baseUrl}/services/oauth2/token`",2026-05-25T00:00:00Z,F7_chunk_03
076,./server/src/services/integrations/patValidationService.ts,1649,axios.get,VALIDATED,SAFE_VALIDATED,server/src/services/integrations/patValidationService.ts:1614-1673,"validateSalesforceToken(token: string; baseUrl?: string) ... this.validateBaseUrl(baseUrl); ... const response = await axios.get(`${baseUrl}/services/data/v57.0/`; ...); validateBaseUrl calls isUrlSafe.",2026-05-25T00:00:00Z,F7_chunk_04
077,./server/src/services/integrations/patValidationService.ts,1680,axios.get,CONSTANT_URL_SAFE,SAFE_CONSTANT_NO_OVERRIDE,server/src/services/integrations/patValidationService.ts:1678-1706,"const response = await axios.get('https://api.hubapi.com/contacts/v1/lists/all/contacts/all'; { ... });",2026-05-25T00:00:00Z,F7_chunk_04
078,./server/src/services/integrations/patValidationService.ts,1723,axios.get,VALIDATED,SAFE_VALIDATED,server/src/services/integrations/patValidationService.ts:1711-1748,"this.validateBaseUrl(baseUrl); ... const zendeskUrl = baseUrl.includes('.') ? baseUrl : `https://${baseUrl}.zendesk.com`; const response = await axios.get(`${zendeskUrl}/api/v2/users/me.json`; ...);",2026-05-25T00:00:00Z,F7_chunk_04
079,./server/src/services/integrations/patValidationService.ts,1770,axios.post,VALIDATED,SAFE_CONSTANT_NO_OVERRIDE,server/src/services/integrations/patValidationService.ts:1753-1800,"this.validateBaseUrl(baseUrl); ... const apiUrl = isSandbox ? 'https://api.sandbox.paypal.com/v1/oauth2/token' : 'https://api.paypal.com/v1/oauth2/token'; const oauthResponse = await axios.post(apiUrl; ...);",2026-05-25T00:00:00Z,F7_chunk_04
080,./server/src/services/integrations/providers/baseIntegration.ts,130,axios.create,DYNAMIC_URL_NO_VALIDATION,SAFE_CONSTANT_NO_OVERRIDE,server/src/services/integrations/providers/baseIntegration.ts:120-150,"constructor() { this.httpClient = axios.create({ timeout: 30000; headers: { 'Accept': 'application/json'; 'Content-Type': 'application/json'; }; }); }  -- no URL/baseURL is set; instance only.",2026-05-25T00:00:00Z,F7_chunk_04
081,./server/src/services/integrations/servicenowService.ts,181,axios.create,CONFIG_URL_LIKELY_SAFE,GAP_MEDIUM_DYNAMIC_NO_VALIDATION,server/src/services/integrations/servicenowService.ts:153-200,"const config = integration.config as unknown as ServiceNowConfig; ... const instanceUrl = config.instanceUrl.replace(/\/+$/; ''); ... return axios.create({ baseURL: `${instanceUrl}/api/now`; headers; timeout: 30000 }); -- no isUrlSafe call on DB-supplied instanceUrl.",2026-05-25T00:00:00Z,F7_chunk_04
082,./server/src/services/integrations/servicenowService.ts,217,axios.post,CONFIG_URL_LIKELY_SAFE,GAP_MEDIUM_DYNAMIC_NO_VALIDATION,server/src/services/integrations/servicenowService.ts:209-230,"const instanceUrl = config.instanceUrl.replace(/\/+$/; ''); ... const response = await axios.post<ServiceNowOAuthTokenResponse>(`${instanceUrl}/oauth_token.do`; ...); -- no isUrlSafe call on DB-supplied instanceUrl.",2026-05-25T00:00:00Z,F7_chunk_04
083,./server/src/services/integrations/slackService.ts,75,axios.post,DYNAMIC_URL_NO_VALIDATION,SAFE_CONSTANT_NO_OVERRIDE,server/src/services/integrations/slackService.ts:42-90,"private readonly authBaseUrl = 'https://slack.com/oauth/v2'; ... const response = await axios.post(`${this.authBaseUrl}/access`; null; {...});",2026-05-25T00:00:00Z,F7_chunk_04
084,./server/src/services/integrations/slackService.ts,106,axios.get,DYNAMIC_URL_NO_VALIDATION,SAFE_CONSTANT_NO_OVERRIDE,server/src/services/integrations/slackService.ts:42-115,"private readonly apiBaseUrl = 'https://slack.com/api'; ... const response = await axios.get(`${this.apiBaseUrl}/users.identity`; {...});",2026-05-25T00:00:00Z,F7_chunk_04
085,./server/src/services/integrations/slackService.ts,208,axios.get,VALIDATED,SAFE_VALIDATED,server/src/services/integrations/slackService.ts:202-225,"const url = `${this.apiBaseUrl}/${endpoint}`; if (!isUrlSafe(url)) { throw new AppError('Blocked unsafe outbound URL'; 400); } ... const response = await axios.get(url; {...});",2026-05-25T00:00:00Z,F7_chunk_04
086,./server/src/services/integrations/slackService.ts,358,axios.post,DYNAMIC_URL_NO_VALIDATION,SAFE_CONSTANT_NO_OVERRIDE,server/src/services/integrations/slackService.ts:42-388,"private readonly apiBaseUrl = 'https://slack.com/api'; ... const response = await axios.post(`${this.apiBaseUrl}/chat.postMessage`; { channel: channelId; ... });",2026-05-25T00:00:00Z,F7_chunk_04
087,./server/src/services/integrations/slackService.ts,501,axios.post,DYNAMIC_URL_NO_VALIDATION,SAFE_CONSTANT_NO_OVERRIDE,server/src/services/integrations/slackService.ts:42-512,"private readonly apiBaseUrl = 'https://slack.com/api'; ... await axios.post(`${this.apiBaseUrl}/auth.revoke`; null; { headers: { Authorization: `Bearer ${integration.accessToken}`; }; });",2026-05-25T00:00:00Z,F7_chunk_04
088,./server/src/services/integrations/slackService.ts,624,axios.post,DYNAMIC_URL_NO_VALIDATION,SAFE_CONSTANT_NO_OVERRIDE,server/src/services/integrations/slackService.ts:42-640,"private readonly apiBaseUrl = 'https://slack.com/api'; ... const response = await axios.post(`${this.apiBaseUrl}/chat.postMessage`; { channel: alertChannel; ... });",2026-05-25T00:00:00Z,F7_chunk_04
089,./server/src/services/integrations/slackService.ts,745,axios.post,DYNAMIC_URL_NO_VALIDATION,SAFE_CONSTANT_NO_OVERRIDE,server/src/services/integrations/slackService.ts:42-760,"private readonly apiBaseUrl = 'https://slack.com/api'; ... await axios.post(`${this.apiBaseUrl}/chat.postMessage`; { channel; text: `Compliance Digest - ${digest.period}: Score ${digest.overallScore}%`; ... });",2026-05-25T00:00:00Z,F7_chunk_04
090,./server/src/services/monitoringService.ts,817,axios.get,VALIDATED,SAFE_VALIDATED,server/src/services/monitoringService.ts:807-825,"if (config.endpoint && isWebhookUrlSafe(config.endpoint)) { try { const response = await axios.get(config.endpoint; { headers: config.headers || {}; timeout: 30000; }); ...",2026-05-25T00:00:00Z,F7_chunk_04
091,./server/src/services/monitoringService.ts,965,axios.get,VALIDATED,SAFE_VALIDATED,server/src/services/monitoringService.ts:961-972,"if (config.endpoint && isWebhookUrlSafe(config.endpoint)) { try { const response = await axios.get(config.endpoint; { headers: config.headers || {}; timeout: 30000 }); ...",2026-05-25T00:00:00Z,F7_chunk_04
092,./server/src/services/monitoringService.ts,992,axios.get,VALIDATED,SAFE_VALIDATED,server/src/services/monitoringService.ts:985-1002,"if (config.endpoint && isWebhookUrlSafe(config.endpoint)) { try { const response = await axios.get(config.endpoint; { headers: config.headers || {}; timeout: 30000 }); ...",2026-05-25T00:00:00Z,F7_chunk_04
093,./server/src/services/monitoringService.ts,1028,axios.get,VALIDATED,SAFE_VALIDATED,server/src/services/monitoringService.ts:1021-1040,"if (config.endpoint && isWebhookUrlSafe(config.endpoint)) { try { const response = await axios.get(config.endpoint; { headers: config.headers || {}; timeout: 30000 }); ...",2026-05-25T00:00:00Z,F7_chunk_04
094,./server/src/services/monitoringService.ts,1118,axios.get,VALIDATED,SAFE_VALIDATED,server/src/services/monitoringService.ts:1115-1128,"// Custom code scanning endpoint -- if (config.endpoint && isWebhookUrlSafe(config.endpoint)) { try { const response = await axios.get(config.endpoint; { headers: config.headers || {}; timeout: 30000 }); ...",2026-05-25T00:00:00Z,F7_chunk_04
095,./server/src/services/s3Service.ts,343,axios.post,ENV_URL_SAFE,SAFE_ENV_NO_OVERRIDE,server/src/services/s3Service.ts:336-355,"} else if (scanMethod === 'clamav' && process.env.CLAMAV_HOST) { ... const response = await axios.post(`${process.env.CLAMAV_HOST}/scan`; form; { headers: form.getHeaders() }); -- URL is process.env only; no function-parameter override path.",2026-05-25T00:00:00Z,F7_chunk_04
096,./server/src/services/workflowEngine.ts,530,axios(config),CONFIG_URL_LIKELY_SAFE,SAFE_VALIDATED,server/src/services/workflowEngine.ts:502-548,"const url = (config.url as string) || ''; ... if (!isWebhookUrlSafe(url)) { logger.warn('Webhook URL blocked by SSRF protection'; { url: url.substring(0; 200) }); return { ... }; } const response = await axios({ method: method as 'GET'|'POST'|'PUT'|'PATCH'; url; ... });",2026-05-25T00:00:00Z,F7_chunk_04
097,./server/src/utils/urlValidator.ts,113,fetch,VALIDATED,SAFE_VALIDATED,server/src/utils/urlValidator.ts:108-138,"export async function safeFetch(url: string; options?: RequestInit): Promise<Response> { if (!isUrlSafe(url)) { throw new AppError('URL is not allowed for security reasons (SSRF protection)'; 400); } const response = await fetch(url; { ...options; redirect: 'manual'; });",2026-05-25T00:00:00Z,F7_chunk_04
