row_number,model_name,has_organizationId_field,verdict,evidence_lines_read,evidence_quote,verified_at,verified_by
1,Organization,NO,INTENTIONAL_NO_ORG_ORGANIZATION,server/prisma/schema.prisma:10-235,"model Organization { id String @id @default(...) name String plan Plan @default(Foundation) ... @@index([stripeCustomerId]) @@index([parentOrganizationId]) }",2026-05-25,prisma_rls_chunk_01
2,User,YES,ORG_FIELD_PRESENT_AND_INDEXED,server/prisma/schema.prisma:237-309,"model User { ... organizationId String ... organization Organization @relation(fields: [organizationId], references: [id], onDelete: Cascade) @@index([email]) @@index([organizationId]) @@index([employeeId]) }",2026-05-25,prisma_rls_chunk_01
3,TwoFactorBackupCode,NO,INTENTIONAL_NO_ORG_USER,server/prisma/schema.prisma:311-322,"model TwoFactorBackupCode { id String ... userId String user User @relation(fields: [userId], references: [id], onDelete: Cascade) @@index([userId]) @@index([code]) }",2026-05-25,prisma_rls_chunk_01
4,Personnel,YES,ORG_FIELD_PRESENT_AND_INDEXED,server/prisma/schema.prisma:324-347,"model Personnel { ... organizationId String ... organization Organization @relation(fields: [organizationId]...) @@index([organizationId]) @@index([userId]) }",2026-05-25,prisma_rls_chunk_01
5,AccessReview,YES,ORG_FIELD_PRESENT_AND_INDEXED,server/prisma/schema.prisma:349-368,"model AccessReview { id String ... organizationId String ... @@index([organizationId]) @@index([personnelId]) @@index([status]) }",2026-05-25,prisma_rls_chunk_01
6,Vendor,YES,ORG_FIELD_PRESENT_AND_INDEXED,server/prisma/schema.prisma:370-405,"model Vendor { id String ... organizationId String ... @@index([organizationId]) @@index([status]) @@index([riskLevel]) }",2026-05-25,prisma_rls_chunk_01
7,VendorAssessment,NO,INTENTIONAL_NO_ORG_USER,server/prisma/schema.prisma:407-423,"model VendorAssessment { id String ... vendorId String ... vendor Vendor @relation(fields: [vendorId], references: [id], onDelete: Cascade) @@index([vendorId]) }",2026-05-25,prisma_rls_chunk_01
8,VendorReview,NO,INTENTIONAL_NO_ORG_USER,server/prisma/schema.prisma:425-438,"model VendorReview { id String ... vendorId String ... vendor Vendor @relation(fields: [vendorId], references: [id], onDelete: Cascade) @@index([vendorId]) }",2026-05-25,prisma_rls_chunk_01
9,VendorMonitor,NO,INTENTIONAL_NO_ORG_USER,server/prisma/schema.prisma:440-453,"model VendorMonitor { id String ... vendorId String ... vendor Vendor @relation(fields: [vendorId], references: [id], onDelete: Cascade) @@index([vendorId]) @@index([status]) }",2026-05-25,prisma_rls_chunk_01
10,RiskAssessment,YES,ORG_FIELD_PRESENT_AND_INDEXED,server/prisma/schema.prisma:455-474,"model RiskAssessment { id String ... organizationId String ... organization Organization @relation(...) @@index([organizationId]) @@index([status]) }",2026-05-25,prisma_rls_chunk_01
11,ComplianceFramework,YES,ORG_FIELD_PRESENT_AND_INDEXED,server/prisma/schema.prisma:476-499,"model ComplianceFramework { ... organizationId String ... @@index([organizationId]) @@index([status]) }",2026-05-25,prisma_rls_chunk_01
12,FrameworkControl,NO,INTENTIONAL_NO_ORG_USER,server/prisma/schema.prisma:501-525,"model FrameworkControl { id String ... frameworkId String ... framework ComplianceFramework @relation(fields: [frameworkId], references: [id], onDelete: Cascade) @@index([frameworkId]) @@index([ownerId]) }",2026-05-25,prisma_rls_chunk_01
13,RiskItem,YES,ORG_FIELD_PRESENT_AND_INDEXED,server/prisma/schema.prisma:527-559,"model RiskItem { ... organizationId String ... @@index([organizationId]) @@index([status]) @@index([severity]) @@index([assignedToId]) @@index([assessmentId]) }",2026-05-25,prisma_rls_chunk_01
14,Questionnaire,YES,ORG_FIELD_PRESENT_AND_INDEXED,server/prisma/schema.prisma:561-582,"model Questionnaire { id String ... organizationId String ... @@index([organizationId]) @@index([status]) }",2026-05-25,prisma_rls_chunk_01
15,QuestionnaireQuestion,NO,INTENTIONAL_NO_ORG_USER,server/prisma/schema.prisma:584-597,"model QuestionnaireQuestion { id String ... questionnaireId String ... questionnaire Questionnaire @relation(fields: [questionnaireId], references: [id], onDelete: Cascade) @@index([questionnaireId]) }",2026-05-25,prisma_rls_chunk_01
16,QuestionnaireResponse,NO,INTENTIONAL_NO_ORG_USER,server/prisma/schema.prisma:599-615,"model QuestionnaireResponse { id String ... questionnaireId String ... questionnaire Questionnaire @relation(fields: [questionnaireId], references: [id], onDelete: Cascade) @@index([questionnaireId]) @@index([questionId]) }",2026-05-25,prisma_rls_chunk_01
17,Policy,YES,ORG_FIELD_PRESENT_AND_INDEXED,server/prisma/schema.prisma:617-643,"model Policy { id String ... organizationId String ... @@index([organizationId]) @@index([status]) @@index([framework]) }",2026-05-25,prisma_rls_chunk_01
18,TrustCertificate,YES,ORG_FIELD_PRESENT_AND_INDEXED,server/prisma/schema.prisma:645-663,"model TrustCertificate { id String ... organizationId String ... @@index([organizationId]) @@index([status]) }",2026-05-25,prisma_rls_chunk_01
19,CustomReport,YES,ORG_FIELD_PRESENT_AND_INDEXED,server/prisma/schema.prisma:665-684,"model CustomReport { id String ... organizationId String ... @@index([organizationId]) @@index([reportType]) }",2026-05-25,prisma_rls_chunk_01
20,ContinuousMonitor,YES,ORG_FIELD_PRESENT_AND_INDEXED,server/prisma/schema.prisma:686-709,"model ContinuousMonitor { id String ... organizationId String ... @@index([organizationId]) @@index([status]) @@index([monitorType]) }",2026-05-25,prisma_rls_chunk_01
21,MonitorResult,NO,INTENTIONAL_NO_ORG_USER,server/prisma/schema.prisma:711-726,"model MonitorResult { id String ... monitorId String ... monitor ContinuousMonitor @relation(fields: [monitorId], references: [id], onDelete: Cascade) @@index([monitorId]) @@index([status]) }",2026-05-25,prisma_rls_chunk_01
22,Issue,YES,ORG_FIELD_PRESENT_AND_INDEXED,server/prisma/schema.prisma:728-759,"model Issue { id String ... organizationId String ... @@index([organizationId]) @@index([status]) @@index([priority]) @@index([assignedToId]) }",2026-05-25,prisma_rls_chunk_01
23,IssueComment,NO,INTENTIONAL_NO_ORG_USER,server/prisma/schema.prisma:761-770,"model IssueComment { id String ... issueId String ... issue Issue @relation(fields: [issueId], references: [id], onDelete: Cascade) @@index([issueId]) }",2026-05-25,prisma_rls_chunk_01
24,AuditLog,YES,ORG_FIELD_PRESENT_AND_INDEXED,server/prisma/schema.prisma:772-795,"model AuditLog { id String ... organizationId String ... @@index([organizationId]) @@index([timestamp]) @@index([hash]) @@index([action]) @@index([resourceType]) @@index([userId]) }",2026-05-25,prisma_rls_chunk_01
25,Integration,YES,ORG_FIELD_PRESENT_AND_INDEXED,server/prisma/schema.prisma:797-815,"model Integration { id String ... organizationId String ... @@unique([organizationId, provider]) @@index([organizationId]) }",2026-05-25,prisma_rls_chunk_01
26,MagicLink,NO,INTENTIONAL_NO_ORG_SYSTEM,server/prisma/schema.prisma:817-828,"model MagicLink { id String ... email String token String @unique expiresAt DateTime used Boolean @default(false) ... @@index([email]) @@index([token]) @@index([expiresAt]) }",2026-05-25,prisma_rls_chunk_01
27,FileUpload,YES,ORG_FIELD_PRESENT_AND_INDEXED,server/prisma/schema.prisma:830-847,"model FileUpload { id String ... organizationId String ... @@index([organizationId]) @@index([uploadedBy]) @@index([s3Key]) }",2026-05-25,prisma_rls_chunk_01
28,StripeEvent,NO,INTENTIONAL_NO_ORG_SYSTEM,server/prisma/schema.prisma:849-860,"model StripeEvent { id String ... eventId String @unique type String data Json processed Boolean @default(false) ... @@index([eventId]) @@index([type]) @@index([processed]) }",2026-05-25,prisma_rls_chunk_01
29,ComplianceGoal,YES,ORG_FIELD_PRESENT_AND_INDEXED,server/prisma/schema.prisma:862-881,"model ComplianceGoal { id String ... organizationId String ... @@index([organizationId]) @@index([status]) }",2026-05-25,prisma_rls_chunk_01
30,ControlLoop,YES,ORG_FIELD_PRESENT_AND_INDEXED,server/prisma/schema.prisma:883-913,"model ControlLoop { id String ... organizationId String ... @@index([organizationId]) @@index([controlId]) @@index([status]) @@index([triggerType]) @@index([parentLoopId]) }",2026-05-25,prisma_rls_chunk_01
31,ControlLoopHistory,YES,ORG_FIELD_PRESENT_AND_INDEXED,server/prisma/schema.prisma:915-931,"model ControlLoopHistory { id String ... organizationId String ... @@index([loopId]) @@index([organizationId]) @@index([timestamp]) }",2026-05-25,prisma_rls_chunk_01
32,ComplianceDebt,YES,ORG_FIELD_PRESENT_AND_INDEXED,server/prisma/schema.prisma:933-956,"model ComplianceDebt { id String ... organizationId String ... @@index([organizationId]) @@index([frameworkId]) @@index([severity]) @@index([controlId]) @@index([deadline]) }",2026-05-25,prisma_rls_chunk_01
33,ChangeImpact,YES,ORG_FIELD_PRESENT_AND_INDEXED,server/prisma/schema.prisma:958-980,"model ChangeImpact { id String ... organizationId String ... @@index([organizationId]) @@index([changeType]) @@index([severity]) @@index([resolvedAt]) }",2026-05-25,prisma_rls_chunk_01
34,AgenticAction,YES,ORG_FIELD_PRESENT_AND_INDEXED,server/prisma/schema.prisma:982-1002,"model AgenticAction { id String ... organizationId String ... @@index([organizationId]) @@index([status]) @@index([actionType]) }",2026-05-25,prisma_rls_chunk_01
35,EvidenceAnalysis,YES,ORG_FIELD_PRESENT_AND_INDEXED,server/prisma/schema.prisma:1004-1021,"model EvidenceAnalysis { id String ... organizationId String ... @@index([evidenceId]) @@index([organizationId]) @@index([verificationStatus]) }",2026-05-25,prisma_rls_chunk_01
36,EvidenceAttestation,YES,ORG_FIELD_PRESENT_AND_INDEXED,server/prisma/schema.prisma:1023-1042,"model EvidenceAttestation { id String ... organizationId String ... @@index([evidenceId, organizationId]) @@index([userId]) @@index([organizationId]) }",2026-05-25,prisma_rls_chunk_01
37,UserSigningKey,YES,ORG_FIELD_PRESENT_AND_INDEXED,server/prisma/schema.prisma:1044-1060,"model UserSigningKey { id String ... userId String organizationId String ... @@index([userId, organizationId, active]) @@index([organizationId]) }",2026-05-25,prisma_rls_chunk_01
38,RegulatoryFeed,YES,ORG_FIELD_PRESENT_AND_INDEXED,server/prisma/schema.prisma:1062-1085,"model RegulatoryFeed { id String ... organizationId String ... @@index([organizationId]) @@index([status]) @@index([feedType]) @@index([jurisdiction]) }",2026-05-25,prisma_rls_chunk_01
39,RegulatoryChange,YES,ORG_FIELD_PRESENT_AND_INDEXED,server/prisma/schema.prisma:1087-1111,"model RegulatoryChange { id String ... organizationId String ... @@index([organizationId]) @@index([jurisdiction]) @@index([status]) @@index([feedId]) }",2026-05-25,prisma_rls_chunk_01
40,RiskPrediction,YES,ORG_FIELD_PRESENT_AND_INDEXED,server/prisma/schema.prisma:1113-1131,"model RiskPrediction { id String ... organizationId String ... @@index([organizationId]) @@index([predictedDate]) @@index([predictedSeverity]) }",2026-05-25,prisma_rls_chunk_01
41,ComplianceTrajectory,YES,ORG_FIELD_PRESENT_AND_INDEXED,server/prisma/schema.prisma:1133-1148,"model ComplianceTrajectory { id String ... organizationId String ... @@index([organizationId]) @@index([frameworkId]) }",2026-05-25,prisma_rls_chunk_01
42,SimulationScenario,YES,ORG_FIELD_PRESENT_AND_INDEXED,server/prisma/schema.prisma:1150-1164,"model SimulationScenario { id String ... organizationId String ... @@index([organizationId]) @@index([scenarioType]) }",2026-05-25,prisma_rls_chunk_01
43,SimulationResult,YES,ORG_FIELD_PRESENT_AND_INDEXED,server/prisma/schema.prisma:1166-1184,"model SimulationResult { id String ... organizationId String ... @@index([scenarioId]) @@index([organizationId]) }",2026-05-25,prisma_rls_chunk_01
44,RedTeamResult,YES,ORG_FIELD_PRESENT_AND_INDEXED,server/prisma/schema.prisma:1186-1201,"model RedTeamResult { id String ... organizationId String ... @@index([organizationId]) @@index([createdAt]) }",2026-05-25,prisma_rls_chunk_01
45,SwarmInsight,YES,ORG_FIELD_PRESENT_AND_INDEXED,server/prisma/schema.prisma:1203-1217,"model SwarmInsight { id String ... organizationId String ... @@index([organizationId]) @@index([insightType]) }",2026-05-25,prisma_rls_chunk_01
46,IoTDevice,YES,ORG_FIELD_PRESENT_AND_INDEXED,server/prisma/schema.prisma:1219-1237,"model IoTDevice { id String ... organizationId String ... @@unique([deviceId, organizationId]) @@index([organizationId]) @@index([complianceStatus]) }",2026-05-25,prisma_rls_chunk_01
47,EdgeComplianceCheck,YES,ORG_FIELD_PRESENT_AND_INDEXED,server/prisma/schema.prisma:1239-1254,"model EdgeComplianceCheck { id String ... organizationId String ... @@index([deviceId]) @@index([organizationId]) @@index([timestamp]) }",2026-05-25,prisma_rls_chunk_01
48,TranscriptionResult,YES,ORG_FIELD_PRESENT_AND_INDEXED,server/prisma/schema.prisma:1256-1272,"model TranscriptionResult { id String ... organizationId String ... @@index([organizationId]) @@index([evidenceId]) @@index([sourceType]) }",2026-05-25,prisma_rls_chunk_01
49,DeviceTrust,YES,ORG_FIELD_PRESENT_AND_INDEXED,server/prisma/schema.prisma:1274-1292,"model DeviceTrust { id String ... organizationId String ... @@unique([deviceId, organizationId]) @@index([organizationId]) @@index([deviceId]) @@index([isTrusted]) }",2026-05-25,prisma_rls_chunk_01
50,ZeroTrustPolicy,YES,ORG_FIELD_PRESENT_AND_INDEXED,server/prisma/schema.prisma:1294-1308,"model ZeroTrustPolicy { id String ... organizationId String ... @@index([organizationId]) @@index([enabled]) }",2026-05-25,prisma_rls_chunk_01
51,NetworkSegment,YES,ORG_FIELD_PRESENT_AND_INDEXED,server/prisma/schema.prisma:1310-1324,"model NetworkSegment { organizationId String ... @@index([organizationId]) @@index([trustLevel]) }",2026-05-25,prisma_rls_chunk_02
52,KeyUsage,YES,ORG_FIELD_PRESENT_AND_INDEXED,server/prisma/schema.prisma:1326-1344,"model KeyUsage { organizationId String ... @@index([organizationId]) @@index([keyId]) @@index([provider]) }",2026-05-25,prisma_rls_chunk_02
53,KeyRotationPolicy,YES,ORG_FIELD_PRESENT_AND_INDEXED,server/prisma/schema.prisma:1346-1365,"model KeyRotationPolicy { organizationId String ... @@unique([keyId, organizationId]) @@index([organizationId]) }",2026-05-25,prisma_rls_chunk_02
54,CompliancePolicy,YES,ORG_FIELD_PRESENT_AND_INDEXED,server/prisma/schema.prisma:1367-1390,"model CompliancePolicy { organizationId String ... @@index([organizationId]) @@index([framework]) @@index([severity]) }",2026-05-25,prisma_rls_chunk_02
55,VRTrainingScenario,YES,ORG_FIELD_PRESENT_AND_INDEXED,server/prisma/schema.prisma:1392-1410,"model VRTrainingScenario { organizationId String ... @@index([organizationId]) @@index([framework]) }",2026-05-25,prisma_rls_chunk_02
56,VRTrainingSession,YES,ORG_FIELD_PRESENT_AND_INDEXED,server/prisma/schema.prisma:1412-1433,"model VRTrainingSession { organizationId String ... @@index([scenarioId]) @@index([organizationId]) @@index([userId]) }",2026-05-25,prisma_rls_chunk_02
57,VRSessionPerformance,NO,INTENTIONAL_NO_ORG_SYSTEM,server/prisma/schema.prisma:1435-1446,"model VRSessionPerformance { id sessionId fps ... session VRTrainingSession @relation(fields: [sessionId], references: [id], onDelete: Cascade) } — child of VRTrainingSession (org-scoped); cascades from parent",2026-05-25,prisma_rls_chunk_02
58,VRCollaborativeSession,YES,ORG_FIELD_PRESENT_AND_INDEXED,server/prisma/schema.prisma:1448-1484,"model VRCollaborativeSession { organizationId String ... @@index([organizationId]) @@index([sessionId]) @@index([status]) }",2026-05-25,prisma_rls_chunk_02
59,NeuroSymbolicReasoning,YES,ORG_FIELD_PRESENT_AND_INDEXED,server/prisma/schema.prisma:1486-1501,"model NeuroSymbolicReasoning { organizationId String ... @@index([organizationId]) @@index([createdAt]) }",2026-05-25,prisma_rls_chunk_02
60,RuleInference,YES,ORG_FIELD_PRESENT_AND_INDEXED,server/prisma/schema.prisma:1503-1519,"model RuleInference { organizationId String ... @@index([reasoningId]) @@index([organizationId]) @@index([validationStatus]) }",2026-05-25,prisma_rls_chunk_02
61,FederatedSwarmPeer,YES,ORG_FIELD_PRESENT_AND_INDEXED,server/prisma/schema.prisma:1521-1535,"model FederatedSwarmPeer { organizationId String ... @@index([organizationId]) @@index([peerId]) @@index([status]) }",2026-05-25,prisma_rls_chunk_02
62,FederatedSwarmAggregation,YES,ORG_FIELD_PRESENT_AND_INDEXED,server/prisma/schema.prisma:1537-1549,"model FederatedSwarmAggregation { organizationId String ... @@index([organizationId]) @@index([aggregationType]) @@index([timestamp]) }",2026-05-25,prisma_rls_chunk_02
63,PrivacyBudgetLedger,YES,ORG_FIELD_PRESENT_AND_INDEXED,server/prisma/schema.prisma:1554-1577,"model PrivacyBudgetLedger { organizationId String ... @@index([organizationId]) @@index([modelType]) @@index([roundId]) }",2026-05-25,prisma_rls_chunk_02
64,SCAFFOLDControlVariate,YES,ORG_FIELD_PRESENT_AND_INDEXED,server/prisma/schema.prisma:1583-1600,"model SCAFFOLDControlVariate { organizationId String ... @@unique([organizationId, modelType, scope, peerId, roundId]) @@index([organizationId, modelType]) }",2026-05-25,prisma_rls_chunk_02
65,KnowledgeGraphEntity,YES,ORG_FIELD_PRESENT_AND_INDEXED,server/prisma/schema.prisma:1606-1628,"model KnowledgeGraphEntity { organizationId String ... @@unique([organizationId, nodeKey]) @@index([organizationId, nodeType]) }",2026-05-25,prisma_rls_chunk_02
66,KnowledgeGraphRelationship,YES,ORG_FIELD_PRESENT_AND_INDEXED,server/prisma/schema.prisma:1633-1662,"model KnowledgeGraphRelationship { organizationId String ... @@unique([fromNodeId, toNodeId, relationshipType]) @@index([organizationId]) }",2026-05-25,prisma_rls_chunk_02
67,Notification,YES,ORG_FIELD_PRESENT_AND_INDEXED,server/prisma/schema.prisma:1664-1690,"model Notification { userId organizationId String ... @@index([userId]) @@index([organizationId]) @@index([status]) @@index([createdAt]) }",2026-05-25,prisma_rls_chunk_02
68,NotificationPreference,NO,INTENTIONAL_NO_ORG_SYSTEM,server/prisma/schema.prisma:1692-1705,"model NotificationPreference { userId String @unique ... user User @relation(...) } — per-user pref scoped via User which carries organizationId",2026-05-25,prisma_rls_chunk_02
69,Webhook,YES,ORG_FIELD_PRESENT_AND_INDEXED,server/prisma/schema.prisma:1707-1729,"model Webhook { organizationId String ... @@unique([organizationId, name]) @@index([organizationId]) @@index([enabled]) }",2026-05-25,prisma_rls_chunk_02
70,WebhookEvent,YES,ORG_FIELD_PRESENT_AND_INDEXED,server/prisma/schema.prisma:1731-1756,"model WebhookEvent { organizationId String ... @@index([webhookId]) @@index([organizationId]) @@index([eventType]) }",2026-05-25,prisma_rls_chunk_02
71,SubscriptionHistory,YES,ORG_FIELD_PRESENT_AND_INDEXED,server/prisma/schema.prisma:1758-1775,"model SubscriptionHistory { organizationId String ... @@index([organizationId]) @@index([changeType]) @@index([createdAt]) }",2026-05-25,prisma_rls_chunk_02
72,UsageTracking,YES,ORG_FIELD_PRESENT_AND_INDEXED,server/prisma/schema.prisma:1777-1792,"model UsageTracking { organizationId String ... @@unique([organizationId, metricType, period]) @@index([organizationId]) }",2026-05-25,prisma_rls_chunk_02
73,ApiKey,YES,ORG_FIELD_PRESENT_AND_INDEXED,server/prisma/schema.prisma:1794-1812,"model ApiKey { organizationId String ... @@unique([organizationId, name]) @@index([organizationId]) @@index([keyHash]) }",2026-05-25,prisma_rls_chunk_02
74,DemoRequest,NO,INTENTIONAL_NO_ORG_SYSTEM,server/prisma/schema.prisma:1814-1855,"model DemoRequest { firstName lastName email company ... convertedToUserId String? } — pre-signup demo intake from leads; no org context yet (lead may not have org)",2026-05-25,prisma_rls_chunk_02
75,FeatureSubscription,YES,ORG_FIELD_PRESENT_AND_INDEXED,server/prisma/schema.prisma:1857-1879,"model FeatureSubscription { organizationId String ... @@unique([organizationId, featureId, status]) @@index([organizationId]) }",2026-05-25,prisma_rls_chunk_02
76,ControlMapping,NO,INTENTIONAL_NO_ORG_SYSTEM,server/prisma/schema.prisma:1881-1895,"model ControlMapping { sourceControlId targetControlId ... sourceControl FrameworkControl ... targetControl FrameworkControl } — maps two FrameworkControls (each scoped via ComplianceFramework→Organization); cascade-scoped",2026-05-25,prisma_rls_chunk_02
77,AISuggestion,YES,ORG_FIELD_PRESENT_AND_INDEXED,server/prisma/schema.prisma:1897-1923,"model AISuggestion { organizationId String ... @@index([frameworkId]) @@index([status]) @@index([organizationId]) @@index([suggestedBy]) }",2026-05-25,prisma_rls_chunk_02
78,EvidenceVersion,NO,INTENTIONAL_NO_ORG_SYSTEM,server/prisma/schema.prisma:1925-1941,"model EvidenceVersion { controlId String ... control FrameworkControl @relation(...) onDelete: Cascade } — child of FrameworkControl (cascade-scoped via Framework→Organization)",2026-05-25,prisma_rls_chunk_02
79,ChatConversation,YES,ORG_FIELD_PRESENT_AND_INDEXED,server/prisma/schema.prisma:1943-1956,"model ChatConversation { organizationId String userId String ... @@index([organizationId]) @@index([userId]) }",2026-05-25,prisma_rls_chunk_02
80,AISystem,YES,ORG_FIELD_PRESENT_AND_INDEXED,server/prisma/schema.prisma:1958-1987,"model AISystem { organizationId String ... @@index([organizationId]) @@index([status]) @@index([lifecycleStage]) @@index([riskLevel]) }",2026-05-25,prisma_rls_chunk_02
81,AIRMFCoreFunction,NO,INTENTIONAL_NO_ORG_SYSTEM,server/prisma/schema.prisma:1989-2006,"model AIRMFCoreFunction { aiSystemId String ... aiSystem AISystem @relation(...) onDelete: Cascade } — child of AISystem (org-scoped); cascade-scoped",2026-05-25,prisma_rls_chunk_02
82,AIRMFCategory,NO,INTENTIONAL_NO_ORG_SYSTEM,server/prisma/schema.prisma:2008-2025,"model AIRMFCategory { coreFunctionId String ... coreFunction AIRMFCoreFunction @relation(...) onDelete: Cascade } — child of AIRMFCoreFunction→AISystem (org-scoped)",2026-05-25,prisma_rls_chunk_02
83,AIRMFSubcategory,NO,INTENTIONAL_NO_ORG_SYSTEM,server/prisma/schema.prisma:2027-2049,"model AIRMFSubcategory { categoryId String ... category AIRMFCategory @relation(...) onDelete: Cascade } — grandchild of AISystem (org-scoped)",2026-05-25,prisma_rls_chunk_02
84,AIRMFTrustworthinessCharacteristic,NO,INTENTIONAL_NO_ORG_SYSTEM,server/prisma/schema.prisma:2051-2069,"model AIRMFTrustworthinessCharacteristic { aiSystemId String ... aiSystem AISystem @relation(...) onDelete: Cascade } — child of AISystem (org-scoped)",2026-05-25,prisma_rls_chunk_02
85,AIRMFLifecycleStage,NO,INTENTIONAL_NO_ORG_SYSTEM,server/prisma/schema.prisma:2071-2089,"model AIRMFLifecycleStage { aiSystemId String ... aiSystem AISystem @relation(...) onDelete: Cascade } — child of AISystem (org-scoped)",2026-05-25,prisma_rls_chunk_02
86,AIRMFActor,NO,INTENTIONAL_NO_ORG_SYSTEM,server/prisma/schema.prisma:2091-2108,"model AIRMFActor { aiSystemId String ... aiSystem AISystem @relation(...) onDelete: Cascade } — child of AISystem (org-scoped)",2026-05-25,prisma_rls_chunk_02
87,AIRMFAssessment,NO,INTENTIONAL_NO_ORG_SYSTEM,server/prisma/schema.prisma:2110-2132,"model AIRMFAssessment { aiSystemId String ... aiSystem AISystem @relation(...) onDelete: Cascade } — child of AISystem (org-scoped)",2026-05-25,prisma_rls_chunk_02
88,AIRMFProfile,NO,INTENTIONAL_NO_ORG_SYSTEM,server/prisma/schema.prisma:2134-2151,"model AIRMFProfile { aiSystemId String ... aiSystem AISystem @relation(...) onDelete: Cascade } — child of AISystem (org-scoped)",2026-05-25,prisma_rls_chunk_02
89,AIRMFRiskActivity,NO,INTENTIONAL_NO_ORG_SYSTEM,server/prisma/schema.prisma:2153-2179,"model AIRMFRiskActivity { aiSystemId String ... aiSystem AISystem @relation(...) onDelete: Cascade } — child of AISystem (org-scoped)",2026-05-25,prisma_rls_chunk_02
90,EUAIActSystem,YES,ORG_FIELD_PRESENT_AND_INDEXED,server/prisma/schema.prisma:2181-2209,"model EUAIActSystem { organizationId String ... @@index([organizationId]) @@index([riskLevel]) @@index([complianceStatus]) }",2026-05-25,prisma_rls_chunk_02
91,EUAIActRiskAssessment,YES,ORG_FIELD_PRESENT_AND_INDEXED,server/prisma/schema.prisma:2211-2231,"model EUAIActRiskAssessment { systemId String organizationId String ... @@index([systemId]) @@index([organizationId]) @@index([assessmentDate]) }",2026-05-25,prisma_rls_chunk_02
92,EUAIActTransparencyReport,YES,ORG_FIELD_PRESENT_AND_INDEXED,server/prisma/schema.prisma:2233-2255,"model EUAIActTransparencyReport { organizationId String ... @@index([organizationId]) @@index([reportingPeriodStart]) @@index([reportingPeriodEnd]) }",2026-05-25,prisma_rls_chunk_02
93,DMAGatekeeper,YES,ORG_FIELD_PRESENT_AND_INDEXED,server/prisma/schema.prisma:2257-2280,"model DMAGatekeeper { organizationId String ... @@index([organizationId]) @@index([designationStatus]) @@index([complianceStatus]) }",2026-05-25,prisma_rls_chunk_02
94,DMAComplianceReport,YES,ORG_FIELD_PRESENT_AND_INDEXED,server/prisma/schema.prisma:2282-2299,"model DMAComplianceReport { gatekeeperId String organizationId String ... @@index([gatekeeperId]) @@index([organizationId]) @@index([submittedToCommission]) }",2026-05-25,prisma_rls_chunk_02
95,DMAObligationTracking,YES,ORG_FIELD_PRESENT_AND_INDEXED,server/prisma/schema.prisma:2301-2319,"model DMAObligationTracking { gatekeeperId String organizationId String ... @@index([gatekeeperId]) @@index([organizationId]) @@index([obligationType]) }",2026-05-25,prisma_rls_chunk_02
96,DSAPlatform,YES,ORG_FIELD_PRESENT_AND_INDEXED,server/prisma/schema.prisma:2321-2346,"model DSAPlatform { organizationId String ... @@index([organizationId]) @@index([platformType]) @@index([isVLOP]) @@index([isVLOSE]) }",2026-05-25,prisma_rls_chunk_02
97,DSAContentModeration,YES,ORG_FIELD_PRESENT_AND_INDEXED,server/prisma/schema.prisma:2348-2366,"model DSAContentModeration { platformId String organizationId String ... @@index([platformId]) @@index([organizationId]) @@index([actionType]) }",2026-05-25,prisma_rls_chunk_02
98,DSATransparencyReport,YES,ORG_FIELD_PRESENT_AND_INDEXED,server/prisma/schema.prisma:2368-2389,"model DSATransparencyReport { platformId String organizationId String ... @@index([platformId]) @@index([organizationId]) @@index([reportingPeriodStart]) }",2026-05-25,prisma_rls_chunk_02
99,DSAIllegalContentReport,YES,ORG_FIELD_PRESENT_AND_INDEXED,server/prisma/schema.prisma:2391-2412,"model DSAIllegalContentReport { platformId String organizationId String ... @@index([platformId]) @@index([organizationId]) @@index([status]) }",2026-05-25,prisma_rls_chunk_02
100,DSAAdRepository,YES,ORG_FIELD_PRESENT_AND_INDEXED,server/prisma/schema.prisma:2414-2436,"model DSAAdRepository { platformId String organizationId String ... @@index([platformId]) @@index([organizationId]) @@index([advertiserName]) }",2026-05-25,prisma_rls_chunk_02
101,DSARiskAssessment,YES,ORG_FIELD_PRESENT_AND_INDEXED,server/prisma/schema.prisma:2438-2464,"model DSARiskAssessment { id String @id ... organizationId String ... @@index([organizationId]) @@index([assessmentDate]) @@index([riskCategory])",2026-05-25,prisma_rls_chunk_03
102,DSANonPersonalizedFeed,YES,ORG_FIELD_PRESENT_AND_INDEXED,server/prisma/schema.prisma:2466-2487,"model DSANonPersonalizedFeed { id String @id ... platformId String @unique organizationId String ... @@index([organizationId]) @@index([isEnabled])",2026-05-25,prisma_rls_chunk_03
103,EmailVerificationToken,NO,INTENTIONAL_NO_ORG_SYSTEM,server/prisma/schema.prisma:2489-2501,"model EmailVerificationToken { id String @id ... userId String token String @unique expiresAt DateTime ... user User @relation(fields: [userId] ...)",2026-05-25,prisma_rls_chunk_03
104,Course,NO,INTENTIONAL_NO_ORG_GLOBAL_REGULATION,server/prisma/schema.prisma:2503-2539,"model Course { id String @id ... title String slug String @unique ... requiredTier String? @default(""Foundation"") ... isPublished Boolean? — global catalog",2026-05-25,prisma_rls_chunk_03
105,CourseLesson,NO,INTENTIONAL_NO_ORG_GLOBAL_REGULATION,server/prisma/schema.prisma:2541-2561,"model CourseLesson { id String @id ... courseId String ... course Course @relation(...) — belongs to global Course catalog",2026-05-25,prisma_rls_chunk_03
106,CourseEnrollment,NO,INTENTIONAL_NO_ORG_GLOBAL_REGULATION,server/prisma/schema.prisma:2563-2586,"model CourseEnrollment { id String @id ... userId String courseId String ... @@unique([userId, courseId]) — user-scoped enrollment in global Course",2026-05-25,prisma_rls_chunk_03
107,Tutorial,NO,INTENTIONAL_NO_ORG_GLOBAL_REGULATION,server/prisma/schema.prisma:2588-2612,"model Tutorial { id String @id ... title String slug String @unique ... isPublished Boolean? ... — global content catalog",2026-05-25,prisma_rls_chunk_03
108,Webinar,NO,INTENTIONAL_NO_ORG_GLOBAL_REGULATION,server/prisma/schema.prisma:2614-2645,"model Webinar { id String @id ... title String slug String @unique ... status WebinarStatus isPublished Boolean? — global content",2026-05-25,prisma_rls_chunk_03
109,WebinarRegistration,NO,INTENTIONAL_NO_ORG_GLOBAL_REGULATION,server/prisma/schema.prisma:2647-2670,"model WebinarRegistration { id String @id ... webinarId String userId String? email String ... user User? @relation — user-scoped reg for global webinar",2026-05-25,prisma_rls_chunk_03
110,CertificationProgram,NO,INTENTIONAL_NO_ORG_GLOBAL_REGULATION,server/prisma/schema.prisma:2672-2700,"model CertificationProgram { id String @id ... name String slug String @unique ... isPublished Boolean? — global cert catalog",2026-05-25,prisma_rls_chunk_03
111,UserCertification,NO,INTENTIONAL_NO_ORG_GLOBAL_REGULATION,server/prisma/schema.prisma:2702-2727,"model UserCertification { id String @id ... userId String certificationId String ... @@unique([userId, certificationId]) — user-scoped cert achievements",2026-05-25,prisma_rls_chunk_03
112,ForumCategory,NO,INTENTIONAL_NO_ORG_GLOBAL_REGULATION,server/prisma/schema.prisma:2729-2745,"model ForumCategory { id String @id ... name String slug String @unique ... isActive Boolean? — global community forum",2026-05-25,prisma_rls_chunk_03
113,ForumPost,NO,INTENTIONAL_NO_ORG_GLOBAL_REGULATION,server/prisma/schema.prisma:2747-2778,"model ForumPost { id String @id ... categoryId String authorId String ... status ForumPostStatus — global community forum, scoped via authorId",2026-05-25,prisma_rls_chunk_03
114,ForumComment,NO,INTENTIONAL_NO_ORG_GLOBAL_REGULATION,server/prisma/schema.prisma:2780-2802,"model ForumComment { id String @id ... postId String authorId String ... — global community forum comments",2026-05-25,prisma_rls_chunk_03
115,ForumVote,NO,INTENTIONAL_NO_ORG_GLOBAL_REGULATION,server/prisma/schema.prisma:2804-2820,"model ForumVote { id String @id ... userId String postId String? commentId String? voteType Int — global community votes",2026-05-25,prisma_rls_chunk_03
116,CommunityEvent,NO,INTENTIONAL_NO_ORG_GLOBAL_REGULATION,server/prisma/schema.prisma:2822-2861,"model CommunityEvent { id String @id ... title String slug String @unique eventType CommunityEventType ... — global community events",2026-05-25,prisma_rls_chunk_03
117,EventRegistration,NO,INTENTIONAL_NO_ORG_GLOBAL_REGULATION,server/prisma/schema.prisma:2863-2887,"model EventRegistration { id String @id ... eventId String userId String? email String ... — user-scoped reg for global event",2026-05-25,prisma_rls_chunk_03
118,SharedResource,NO,INTENTIONAL_NO_ORG_GLOBAL_REGULATION,server/prisma/schema.prisma:2889-2925,"model SharedResource { id String @id ... authorId String title String slug String @unique ... isPublished Boolean? — global community resources",2026-05-25,prisma_rls_chunk_03
119,ResourceDownload,NO,INTENTIONAL_NO_ORG_GLOBAL_REGULATION,server/prisma/schema.prisma:2927-2940,"model ResourceDownload { id String @id ... resourceId String userId String? ipAddress String? — global community resource download log",2026-05-25,prisma_rls_chunk_03
120,UserContribution,NO,INTENTIONAL_NO_ORG_GLOBAL_REGULATION,server/prisma/schema.prisma:2942-2964,"model UserContribution { id String @id ... userId String @unique totalPoints Int? ... — per-user community profile/stats",2026-05-25,prisma_rls_chunk_03
121,ContributionActivity,NO,INTENTIONAL_NO_ORG_GLOBAL_REGULATION,server/prisma/schema.prisma:2966-2980,"model ContributionActivity { id String @id ... userId String activityType String points Int ... — per-user community activity log",2026-05-25,prisma_rls_chunk_03
122,ServiceStatus,NO,INTENTIONAL_NO_ORG_SYSTEM,server/prisma/schema.prisma:2982-3004,"model ServiceStatus { id String @id ... name String slug String @unique ... status ServiceStatusType — system-level statuspage",2026-05-25,prisma_rls_chunk_03
123,StatusHistory,NO,INTENTIONAL_NO_ORG_SYSTEM,server/prisma/schema.prisma:3006-3019,"model StatusHistory { id String @id ... serviceId String status ServiceStatusType ... — system-level service uptime history",2026-05-25,prisma_rls_chunk_03
124,Incident,NO,INTENTIONAL_NO_ORG_SYSTEM,server/prisma/schema.prisma:3021-3046,"model Incident { id String @id ... title String slug String @unique severity IncidentSeverity ... isPublic Boolean? — system-level statuspage incidents",2026-05-25,prisma_rls_chunk_03
125,IncidentUpdate,NO,INTENTIONAL_NO_ORG_SYSTEM,server/prisma/schema.prisma:3048-3060,"model IncidentUpdate { id String @id ... incidentId String status IncidentStatus message String — system-level statuspage incident updates",2026-05-25,prisma_rls_chunk_03
126,MaintenanceWindow,NO,INTENTIONAL_NO_ORG_SYSTEM,server/prisma/schema.prisma:3062-3081,"model MaintenanceWindow { id String @id ... title String description String? ... status MaintenanceStatus — system-level statuspage maintenance",2026-05-25,prisma_rls_chunk_03
127,StatusSubscription,NO,INTENTIONAL_NO_ORG_SYSTEM,server/prisma/schema.prisma:3083-3100,"model StatusSubscription { id String @id ... email String @unique userId String? ... unsubscribeToken String @unique — statuspage subscription",2026-05-25,prisma_rls_chunk_03
128,OnboardingProgress,YES,ORG_FIELD_PRESENT_AND_INDEXED,server/prisma/schema.prisma:3367-3408,"model OnboardingProgress { id String @id ... userId String ... organizationId String ... @@unique([userId, organizationId]) @@index([organizationId])",2026-05-25,prisma_rls_chunk_03
129,OnboardingEvent,YES,ORG_FIELD_PRESENT_AND_INDEXED,server/prisma/schema.prisma:3410-3423,"model OnboardingEvent { id String @id ... userId String organizationId String eventType String ... @@index([organizationId])",2026-05-25,prisma_rls_chunk_03
130,OnboardingChecklist,YES,ORG_FIELD_PRESENT_AND_INDEXED,server/prisma/schema.prisma:3425-3459,"model OnboardingChecklist { id String @id ... organizationId String ... @@unique([organizationId])",2026-05-25,prisma_rls_chunk_03
131,PhishingTraining,YES,ORG_FIELD_PRESENT_AND_INDEXED,server/prisma/schema.prisma:3465-3484,"model PhishingTraining { id String @id ... organizationId String type PhishingType ... @@index([organizationId]) @@index([type])",2026-05-25,prisma_rls_chunk_03
132,GapAnalysis,YES,ORG_FIELD_PRESENT_AND_INDEXED,server/prisma/schema.prisma:3486-3504,"model GapAnalysis { id String @id ... organizationId String frameworkId String? ... @@index([organizationId]) @@index([frameworkId])",2026-05-25,prisma_rls_chunk_03
133,RFPResponse,YES,ORG_FIELD_PRESENT_AND_INDEXED,server/prisma/schema.prisma:3506-3521,"model RFPResponse { id String @id ... organizationId String rfpTitle String ... @@index([organizationId])",2026-05-25,prisma_rls_chunk_03
134,DataMap,YES,ORG_FIELD_PRESENT_AND_INDEXED,server/prisma/schema.prisma:3523-3539,"model DataMap { id String @id ... organizationId String name String ... @@index([organizationId])",2026-05-25,prisma_rls_chunk_03
135,BCPPlan,YES,ORG_FIELD_PRESENT_AND_INDEXED,server/prisma/schema.prisma:3541-3557,"model BCPPlan { id String @id ... organizationId String name String rto Int? ... @@index([organizationId])",2026-05-25,prisma_rls_chunk_03
136,JITAccessRequest,YES,ORG_FIELD_PRESENT_AND_INDEXED,server/prisma/schema.prisma:3563-3591,"model JITAccessRequest { id String @id ... userId String organizationId String ... @@index([organizationId]) @@index([status])",2026-05-25,prisma_rls_chunk_03
137,JITSession,YES,ORG_FIELD_PRESENT_AND_INDEXED,server/prisma/schema.prisma:3593-3618,"model JITSession { id String @id ... requestId String userId String organizationId String ... @@index([organizationId]) @@index([active])",2026-05-25,prisma_rls_chunk_03
138,SwarmAgent,YES,ORG_FIELD_PRESENT_AND_INDEXED,server/prisma/schema.prisma:3620-3643,"model SwarmAgent { id String @id ... organizationId String agentId String ... @@unique([agentId, organizationId]) @@index([organizationId])",2026-05-25,prisma_rls_chunk_03
139,SwarmTask,YES,ORG_FIELD_PRESENT_AND_INDEXED,server/prisma/schema.prisma:3645-3682,"model SwarmTask { id String @id ... organizationId String taskType String ... @@index([organizationId]) @@index([status])",2026-05-25,prisma_rls_chunk_03
140,SwarmTaskCheckpoint,NO,INTENTIONAL_NO_ORG_SYSTEM,server/prisma/schema.prisma:3684-3696,"model SwarmTaskCheckpoint { id String @id ... taskId String agentId String? progress Float ... task SwarmTask @relation — child of SwarmTask, inherits org via parent",2026-05-25,prisma_rls_chunk_03
141,UserSession,YES,ORG_FIELD_PRESENT_AND_INDEXED,server/prisma/schema.prisma:3698-3721,"model UserSession { id String @id ... userId String organizationId String sessionToken String @unique ... @@index([organizationId])",2026-05-25,prisma_rls_chunk_03
142,VRParticipant,NO,INTENTIONAL_NO_ORG_SYSTEM,server/prisma/schema.prisma:3727-3753,"model VRParticipant { id String @id ... sessionId String vrSessionDbId String userId String ... vrSession VRCollaborativeSession @relation — child of VRCollaborativeSession, inherits org",2026-05-25,prisma_rls_chunk_03
143,VRChatMessage,NO,INTENTIONAL_NO_ORG_SYSTEM,server/prisma/schema.prisma:3755-3770,"model VRChatMessage { id String @id ... sessionId String vrSessionDbId String userId String ... vrSession VRCollaborativeSession @relation — child of VR session",2026-05-25,prisma_rls_chunk_03
144,VRAnnotation,NO,INTENTIONAL_NO_ORG_SYSTEM,server/prisma/schema.prisma:3772-3795,"model VRAnnotation { id String @id ... sessionId String vrSessionDbId String userId String ... vrSession VRCollaborativeSession @relation — child of VR session",2026-05-25,prisma_rls_chunk_03
145,VRVoiceChatState,NO,INTENTIONAL_NO_ORG_SYSTEM,server/prisma/schema.prisma:3797-3812,"model VRVoiceChatState { id String @id ... sessionId String vrSessionDbId String userId String ... vrSession VRCollaborativeSession @relation — child of VR session",2026-05-25,prisma_rls_chunk_03
146,VRTrainingProgress,NO,INTENTIONAL_NO_ORG_SYSTEM,server/prisma/schema.prisma:3814-3834,"model VRTrainingProgress { id String @id ... sessionId String vrSessionDbId String userId String ... vrSession VRCollaborativeSession @relation — child of VR session",2026-05-25,prisma_rls_chunk_03
147,QuestionnaireTemplate,YES,ORG_FIELD_PRESENT_AND_INDEXED,server/prisma/schema.prisma:3840-3865,"model QuestionnaireTemplate { id String @id ... organizationId String? title String ... isSystemTemplate Boolean ... @@index([organizationId])",2026-05-25,prisma_rls_chunk_03
148,PolicyTemplate,YES,ORG_FIELD_PRESENT_AND_INDEXED,server/prisma/schema.prisma:3867-3893,"model PolicyTemplate { id String @id ... organizationId String? title String category String ... @@index([organizationId])",2026-05-25,prisma_rls_chunk_03
149,WebRTCSession,YES,ORG_FIELD_PRESENT_AND_INDEXED,server/prisma/schema.prisma:3895-3912,"model WebRTCSession { id String @id ... sessionId String @unique organizationId String ... @@index([organizationId]) @@index([hostUserId])",2026-05-25,prisma_rls_chunk_03
150,WebRTCPeer,NO,INTENTIONAL_NO_ORG_SYSTEM,server/prisma/schema.prisma:3914-3931,"model WebRTCPeer { id String @id ... sessionId String webrtcSessionId String userId String ... webrtcSession WebRTCSession @relation — child of WebRTCSession, inherits org",2026-05-25,prisma_rls_chunk_03
151,LivenessChallenge,YES,ORG_FIELD_PRESENT_AND_INDEXED,server/prisma/schema.prisma:3933-3955,"model LivenessChallenge { id String ... userId String organizationId String ... @@index([userId]) @@index([organizationId]) @@index([status]) @@index([expiresAt]) }",2026-05-25,prisma_rls_subagent
152,LivenessFrame,NO,INTENTIONAL_NO_ORG_SYSTEM,server/prisma/schema.prisma:3957-3970,"model LivenessFrame { id String challengeId String frameNumber Int ... challenge LivenessChallenge @relation(fields: [challengeId], references: [id], onDelete: Cascade) @@index([challengeId]) }",2026-05-25,prisma_rls_subagent
153,LDAPRoleMapping,YES,ORG_FIELD_PRESENT_AND_INDEXED,server/prisma/schema.prisma:3976-3992,"model LDAPRoleMapping { id String organizationId String ldapGroupDN String ... @@unique([organizationId, ldapGroupDN]) @@index([organizationId]) @@index([enabled]) }",2026-05-25,prisma_rls_subagent
154,SwarmTaskMetric,YES,ORG_FIELD_PRESENT_AND_INDEXED,server/prisma/schema.prisma:3994-4009,"model SwarmTaskMetric { id String organizationId String metricType String value Float ... @@index([organizationId]) @@index([metricType]) @@index([timestamp]) @@index([taskType]) }",2026-05-25,prisma_rls_subagent
155,SwarmTaskAlert,YES,ORG_FIELD_PRESENT_AND_INDEXED,server/prisma/schema.prisma:4011-4030,"model SwarmTaskAlert { id String organizationId String alertType String severity String ... @@index([organizationId]) @@index([alertType]) @@index([severity]) @@index([resolved]) @@index([createdAt]) }",2026-05-25,prisma_rls_subagent
156,GNNModel,YES,ORG_FIELD_PRESENT_AND_INDEXED,server/prisma/schema.prisma:4032-4054,"model GNNModel { id String organizationId String modelId String modelType String ... @@unique([organizationId, modelId, version]) @@index([organizationId]) @@index([modelType]) @@index([isActive]) }",2026-05-25,prisma_rls_subagent
157,GovernanceBody,YES,ORG_FIELD_PRESENT_AND_INDEXED,server/prisma/schema.prisma:4077-4094,"model GovernanceBody { id String organizationId String name String type String ... organization Organization @relation(fields: [organizationId], references: [id], onDelete: Cascade) @@index([organizationId]) }",2026-05-25,prisma_rls_subagent
158,GovernanceMeeting,NO,INTENTIONAL_NO_ORG_SYSTEM,server/prisma/schema.prisma:4096-4113,"model GovernanceMeeting { id String governanceBodyId String title String date DateTime ... governanceBody GovernanceBody @relation(fields: [governanceBodyId], references: [id], onDelete: Cascade) @@index([governanceBodyId]) }",2026-05-25,prisma_rls_subagent
159,GovernanceDecision,NO,INTENTIONAL_NO_ORG_SYSTEM,server/prisma/schema.prisma:4115-4133,"model GovernanceDecision { id String governanceBodyId String title String ... governanceBody GovernanceBody @relation(fields: [governanceBodyId], references: [id], onDelete: Cascade) @@index([governanceBodyId]) @@index([status]) }",2026-05-25,prisma_rls_subagent
160,EscalationPath,NO,INTENTIONAL_NO_ORG_SYSTEM,server/prisma/schema.prisma:4135-4147,"model EscalationPath { id String governanceBodyId String name String triggerCriteria Json levels Json ... governanceBody GovernanceBody @relation(fields: [governanceBodyId], references: [id], onDelete: Cascade) @@index([governanceBodyId]) }",2026-05-25,prisma_rls_subagent
161,DPOProfile,YES,ORG_FIELD_PRESENT_AND_INDEXED,server/prisma/schema.prisma:4149-4164,"model DPOProfile { id String organizationId String @unique name String email String ... organization Organization @relation(fields: [organizationId], references: [id], onDelete: Cascade) }",2026-05-25,prisma_rls_subagent
162,BreachIncident,YES,ORG_FIELD_PRESENT_AND_INDEXED,server/prisma/schema.prisma:4167-4193,"model BreachIncident { id String organizationId String title String breachType String ... @@index([organizationId]) @@index([status]) @@index([severity]) }",2026-05-25,prisma_rls_subagent
163,BreachNotification,NO,INTENTIONAL_NO_ORG_SYSTEM,server/prisma/schema.prisma:4195-4213,"model BreachNotification { id String breachId String recipientType String ... breach BreachIncident @relation(fields: [breachId], references: [id], onDelete: Cascade) @@index([breachId]) @@index([status]) }",2026-05-25,prisma_rls_subagent
164,BreachTemplate,YES,ORG_FIELD_PRESENT_AND_INDEXED,server/prisma/schema.prisma:4215-4229,"model BreachTemplate { id String organizationId String name String jurisdiction String ... organization Organization @relation(fields: [organizationId], references: [id], onDelete: Cascade) @@index([organizationId]) }",2026-05-25,prisma_rls_subagent
165,RegulatoryContact,YES,ORG_FIELD_PRESENT_AND_INDEXED,server/prisma/schema.prisma:4231-4248,"model RegulatoryContact { id String organizationId String name String authority String ... organization Organization @relation(fields: [organizationId], references: [id], onDelete: Cascade) @@index([organizationId]) }",2026-05-25,prisma_rls_subagent
166,CEProduct,YES,ORG_FIELD_PRESENT_AND_INDEXED,server/prisma/schema.prisma:4251-4274,"model CEProduct { id String organizationId String name String productCode String category String ... @@index([organizationId]) @@index([ceMarkingStatus]) }",2026-05-25,prisma_rls_subagent
167,DigitalProductPassport,YES,ORG_FIELD_PRESENT_AND_INDEXED,server/prisma/schema.prisma:4277-4304,"model DigitalProductPassport { id String organizationId String productName String gtin String ... @@index([organizationId]) @@index([gtin]) }",2026-05-25,prisma_rls_subagent
168,ESGMetric,YES,ORG_FIELD_PRESENT_AND_INDEXED,server/prisma/schema.prisma:4307-4331,"model ESGMetric { id String organizationId String category String subcategory String name String ... @@index([organizationId]) @@index([category]) @@index([reportingPeriod]) }",2026-05-25,prisma_rls_subagent
169,MaterialityAssessment,YES,ORG_FIELD_PRESENT_AND_INDEXED,server/prisma/schema.prisma:4333-4349,"model MaterialityAssessment { id String organizationId String topic String esrsStandard String ... organization Organization @relation(fields: [organizationId], references: [id], onDelete: Cascade) @@index([organizationId]) }",2026-05-25,prisma_rls_subagent
170,SBOMEntry,YES,ORG_FIELD_PRESENT_AND_INDEXED,server/prisma/schema.prisma:4352-4373,"model SBOMEntry { id String organizationId String repositoryName String componentName String ... @@index([organizationId]) @@index([componentName]) @@index([licenseRisk]) }",2026-05-25,prisma_rls_subagent
171,SBOMRepository,YES,ORG_FIELD_PRESENT_AND_INDEXED,server/prisma/schema.prisma:4375-4391,"model SBOMRepository { id String organizationId String name String url String branch String ... organization Organization @relation(fields: [organizationId], references: [id], onDelete: Cascade) @@index([organizationId]) }",2026-05-25,prisma_rls_subagent
172,SurveillancePlan,YES,ORG_FIELD_PRESENT_AND_INDEXED,server/prisma/schema.prisma:4394-4412,"model SurveillancePlan { id String organizationId String productName String productId String ... organization Organization @relation(fields: [organizationId], references: [id], onDelete: Cascade) incidents SurveillanceIncident[] @@index([organizationId]) }",2026-05-25,prisma_rls_subagent
173,SurveillanceIncident,NO,INTENTIONAL_NO_ORG_SYSTEM,server/prisma/schema.prisma:4414-4436,"model SurveillanceIncident { id String planId String type String severity String ... plan SurveillancePlan @relation(fields: [planId], references: [id], onDelete: Cascade) @@index([planId]) @@index([type]) @@index([severity]) }",2026-05-25,prisma_rls_subagent
174,ProductRecall,YES,ORG_FIELD_PRESENT_AND_INDEXED,server/prisma/schema.prisma:4438-4460,"model ProductRecall { id String organizationId String productName String productId String recallType String ... @@index([organizationId]) @@index([status]) }",2026-05-25,prisma_rls_subagent
175,ProductDecommission,YES,ORG_FIELD_PRESENT_AND_INDEXED,server/prisma/schema.prisma:4463-4488,"model ProductDecommission { id String organizationId String productName String productVersion String lifecycleStage String ... @@index([organizationId]) @@index([lifecycleStage]) }",2026-05-25,prisma_rls_subagent
176,LifecycleAssessment,YES,ORG_FIELD_PRESENT_AND_INDEXED,server/prisma/schema.prisma:4491-4515,"model LifecycleAssessment { id String organizationId String productName String productId String ... organization Organization @relation(fields: [organizationId], references: [id], onDelete: Cascade) @@index([organizationId]) }",2026-05-25,prisma_rls_subagent
177,ProductLifecycle,YES,ORG_FIELD_PRESENT_AND_INDEXED,server/prisma/schema.prisma:4518-4541,"model ProductLifecycle { id String organizationId String productName String productCode String currentStage String ... @@index([organizationId]) @@index([currentStage]) }",2026-05-25,prisma_rls_subagent
178,ProcessMap,YES,ORG_FIELD_PRESENT_AND_INDEXED,server/prisma/schema.prisma:4544-4564,"model ProcessMap { id String organizationId String name String description String category String ... @@index([organizationId]) @@index([category]) }",2026-05-25,prisma_rls_subagent
179,RegulationModuleData,YES,ORG_FIELD_PRESENT_AND_INDEXED,server/prisma/schema.prisma:4569-4582,"model RegulationModuleData { id String organizationId String module String dataType String data Json ... @@unique([organizationId, module, dataType]) @@index([organizationId]) @@index([module]) }",2026-05-25,prisma_rls_subagent
180,MetricsHistory,YES,ORG_FIELD_PRESENT_AND_INDEXED,server/prisma/schema.prisma:4584-4595,"model MetricsHistory { id String organizationId String metricType String value Float metadata Json recordedAt DateTime ... @@index([organizationId, metricType]) @@index([recordedAt]) }",2026-05-25,prisma_rls_subagent
181,DORAICTRiskAssessment,YES,ORG_FIELD_PRESENT_AND_INDEXED,server/prisma/schema.prisma:4601-4626,"model DORAICTRiskAssessment { id String organizationId String name String description String assessmentDate DateTime ... @@index([organizationId]) @@index([status]) @@index([riskClassification]) }",2026-05-25,prisma_rls_subagent
182,DORAICTIncident,YES,ORG_FIELD_PRESENT_AND_INDEXED,server/prisma/schema.prisma:4628-4658,"model DORAICTIncident { id String organizationId String incidentId String @unique title String description String severity String ... @@index([organizationId]) @@index([status]) @@index([severity]) @@index([detectedAt]) }",2026-05-25,prisma_rls_subagent
183,DORAThirdPartyProvider,YES,ORG_FIELD_PRESENT_AND_INDEXED,server/prisma/schema.prisma:4660-4688,"model DORAThirdPartyProvider { id String organizationId String name String providerType String criticality String ... @@index([organizationId]) @@index([criticality]) @@index([complianceStatus]) }",2026-05-25,prisma_rls_subagent
184,DORAResilienceTest,YES,ORG_FIELD_PRESENT_AND_INDEXED,server/prisma/schema.prisma:4690-4720,"model DORAResilienceTest { id String organizationId String name String testType String scope String ... @@index([organizationId]) @@index([testType]) @@index([status]) @@index([providerId]) }",2026-05-25,prisma_rls_subagent
185,DORAInformationRegister,YES,ORG_FIELD_PRESENT_AND_INDEXED,server/prisma/schema.prisma:4722-4745,"model DORAInformationRegister { id String organizationId String assetName String assetType String owner String ... @@index([organizationId]) @@index([assetType]) @@index([classification]) }",2026-05-25,prisma_rls_subagent
186,AuditorProfile,YES,ORG_FIELD_PRESENT_AND_INDEXED,server/prisma/schema.prisma:4751-4779,"model AuditorProfile { id String organizationId String name String email String firm String ... @@index([organizationId]) @@index([status]) @@index([engagementType]) }",2026-05-25,prisma_rls_subagent
187,AuditEngagement,YES,ORG_FIELD_PRESENT_AND_INDEXED,server/prisma/schema.prisma:4781-4813,"model AuditEngagement { id String organizationId String auditorId String title String engagementType String framework String ... @@index([organizationId]) @@index([auditorId]) @@index([status]) @@index([framework]) }",2026-05-25,prisma_rls_subagent
188,AuditFinding,YES,ORG_FIELD_PRESENT_AND_INDEXED,server/prisma/schema.prisma:4815-4844,"model AuditFinding { id String organizationId String engagementId String auditorId String title String description String findingType String severity String ... @@index([organizationId]) @@index([engagementId]) @@index([status]) @@index([severity]) }",2026-05-25,prisma_rls_subagent
189,AuditWorkpaper,NO,INTENTIONAL_NO_ORG_SYSTEM,server/prisma/schema.prisma:4846-4868,"model AuditWorkpaper { id String engagementId String title String description String workpaperType String ... engagement AuditEngagement @relation(fields: [engagementId], references: [id], onDelete: Cascade) @@index([engagementId]) @@index([workpaperType]) @@index([status]) }",2026-05-25,prisma_rls_subagent
190,AuditRequest,NO,INTENTIONAL_NO_ORG_SYSTEM,server/prisma/schema.prisma:4870-4891,"model AuditRequest { id String engagementId String requestedBy String assignedTo String title String description String ... engagement AuditEngagement @relation(fields: [engagementId], references: [id], onDelete: Cascade) @@index([engagementId]) @@index([status]) @@index([priority]) @@index([dueDate]) }",2026-05-25,prisma_rls_subagent
191,GRCWorkflow,YES,ORG_FIELD_PRESENT_AND_INDEXED,server/prisma/schema.prisma:4897-4922,"model GRCWorkflow { id String organizationId String name String description String workflowType String trigger Json nodes Json edges Json ... @@index([organizationId]) @@index([workflowType]) @@index([status]) }",2026-05-25,prisma_rls_subagent
192,WorkflowExecution,NO,INTENTIONAL_NO_ORG_SYSTEM,server/prisma/schema.prisma:4924-4943,"model WorkflowExecution { id String workflowId String triggeredBy String triggerType String status String ... workflow GRCWorkflow @relation(fields: [workflowId], references: [id], onDelete: Cascade) @@index([workflowId]) @@index([status]) @@index([startedAt]) }",2026-05-25,prisma_rls_subagent
193,ManagedDevice,YES,ORG_FIELD_PRESENT_AND_INDEXED,server/prisma/schema.prisma:4949-4998,"model ManagedDevice { id String organizationId String deviceName String deviceType String platform String ... @@index([organizationId]) @@index([compliance]) @@index([status]) @@index([platform]) @@index([assignedUserId]) }",2026-05-25,prisma_rls_subagent
194,MDMPolicy,YES,ORG_FIELD_PRESENT_AND_INDEXED,server/prisma/schema.prisma:5000-5022,"model MDMPolicy { id String organizationId String name String description String policyType String platform String[] settings Json ... @@index([organizationId]) @@index([policyType]) @@index([status]) }",2026-05-25,prisma_rls_subagent
195,DeviceAction,NO,INTENTIONAL_NO_ORG_SYSTEM,server/prisma/schema.prisma:5024-5041,"model DeviceAction { id String deviceId String actionType String initiatedBy String status String ... device ManagedDevice @relation(fields: [deviceId], references: [id], onDelete: Cascade) @@index([deviceId]) @@index([actionType]) @@index([status]) }",2026-05-25,prisma_rls_subagent
196,DeviceComplianceCheck,NO,INTENTIONAL_NO_ORG_SYSTEM,server/prisma/schema.prisma:5043-5055,"model DeviceComplianceCheck { id String deviceId String checkType String passed Boolean details String checkedAt DateTime ... device ManagedDevice @relation(fields: [deviceId], references: [id], onDelete: Cascade) @@index([deviceId]) @@index([checkType]) @@index([checkedAt]) }",2026-05-25,prisma_rls_subagent
197,SOXControl,YES,ORG_FIELD_PRESENT_AND_INDEXED,server/prisma/schema.prisma:5061-5095,"model SOXControl { id String organizationId String controlNumber String title String description String category String ... @@unique([organizationId, controlNumber]) @@index([organizationId]) @@index([category]) @@index([processArea]) @@index([status]) @@index([keyControl]) }",2026-05-25,prisma_rls_subagent
198,SOXTestResult,NO,INTENTIONAL_NO_ORG_SYSTEM,server/prisma/schema.prisma:5097-5122,"model SOXTestResult { id String controlId String testDate DateTime tester String testType String ... control SOXControl @relation(fields: [controlId], references: [id], onDelete: Cascade) @@index([controlId]) @@index([testDate]) @@index([conclusion]) }",2026-05-25,prisma_rls_subagent
199,SOXAssessment,YES,ORG_FIELD_PRESENT_AND_INDEXED,server/prisma/schema.prisma:5124-5146,"model SOXAssessment { id String organizationId String assessmentYear Int assessmentType String status String ... @@index([organizationId]) @@index([assessmentYear]) @@index([status]) }",2026-05-25,prisma_rls_subagent
200,SoDRule,YES,ORG_FIELD_PRESENT_AND_INDEXED,server/prisma/schema.prisma:5152-5170,"model SoDRule { id String organizationId String name String description String ruleType String function1 String function2 String ... organization Organization @relation(fields: [organizationId], references: [id], onDelete: Cascade) violations SoDViolation[] }",2026-05-25,prisma_rls_subagent
201,SoDViolation,YES,ORG_FIELD_PRESENT_AND_INDEXED,server/prisma/schema.prisma:5175-5200,"model SoDViolation { id String organizationId String ... @@index([organizationId]) @@index([ruleId]) @@index([status]) @@index([userId]) }",2026-05-25,prisma_rls_chunk_05
202,DSARRequest,YES,ORG_FIELD_PRESENT_AND_INDEXED,server/prisma/schema.prisma:5206-5249,"model DSARRequest { id String organizationId String ... @@index([organizationId]) @@index([requestType]) @@index([status]) @@index([dataSubjectEmail]) @@index([dueDate]) @@index([requestNumber]) }",2026-05-25,prisma_rls_chunk_05
203,ConsentRecord,YES,ORG_FIELD_PRESENT_AND_INDEXED,server/prisma/schema.prisma:5251-5289,"model ConsentRecord { id String organizationId String ... @@index([organizationId]) @@index([dataSubjectId]) @@index([consentType]) @@index([consentGiven]) @@index([dataSubjectEmail]) }",2026-05-25,prisma_rls_chunk_05
204,ConsentPreference,YES,ORG_FIELD_PRESENT_AND_INDEXED,server/prisma/schema.prisma:5291-5312,"model ConsentPreference { id String organizationId String ... @@unique([organizationId, dataSubjectId]) @@index([organizationId]) @@index([dataSubjectId]) @@index([marketingOptOut]) }",2026-05-25,prisma_rls_chunk_05
205,DataDeletionRequest,YES,ORG_FIELD_PRESENT_AND_INDEXED,server/prisma/schema.prisma:5314-5341,"model DataDeletionRequest { id String organizationId String ... @@index([organizationId]) @@index([requestType]) @@index([status]) @@index([requestedByEmail]) }",2026-05-25,prisma_rls_chunk_05
206,ProcessingRestriction,YES,ORG_FIELD_PRESENT_AND_INDEXED,server/prisma/schema.prisma:5343-5367,"model ProcessingRestriction { id String organizationId String ... @@index([organizationId]) @@index([dataSubjectId]) @@index([status]) @@index([restrictionType]) }",2026-05-25,prisma_rls_chunk_05
207,RetentionPolicy,YES,ORG_FIELD_PRESENT_AND_INDEXED,server/prisma/schema.prisma:5369-5395,"model RetentionPolicy { id String organizationId String ... @@index([organizationId]) @@index([dataCategory]) @@index([status]) }",2026-05-25,prisma_rls_chunk_05
208,RetentionEnforcement,NO,INTENTIONAL_NO_ORG_SYSTEM,server/prisma/schema.prisma:5397-5416,"model RetentionEnforcement { id String policyId String ... policy RetentionPolicy @relation(fields: [policyId], references: [id], onDelete: Cascade) @@index([policyId]) } — child entity scoped via RetentionPolicy parent",2026-05-25,prisma_rls_chunk_05
209,SCCTemplate,YES,ORG_FIELD_PRESENT_AND_INDEXED,server/prisma/schema.prisma:5422-5451,"model SCCTemplate { id String organizationId String ... @@index([organizationId]) @@index([templateType]) @@index([status]) }",2026-05-25,prisma_rls_chunk_05
210,TIAAssessment,YES,ORG_FIELD_PRESENT_AND_INDEXED,server/prisma/schema.prisma:5453-5478,"model TIAAssessment { id String organizationId String sccTemplateId String @unique ... @@index([organizationId]) @@index([destinationCountry]) @@index([overallRisk]) }",2026-05-25,prisma_rls_chunk_05
211,BCRProgram,YES,ORG_FIELD_PRESENT_AND_INDEXED,server/prisma/schema.prisma:5480-5511,"model BCRProgram { id String organizationId String ... @@index([organizationId]) @@index([bcrType]) @@index([status]) }",2026-05-25,prisma_rls_chunk_05
212,AITransparencyNotice,YES,ORG_FIELD_PRESENT_AND_INDEXED,server/prisma/schema.prisma:5517-5544,"model AITransparencyNotice { id String organizationId String ... @@index([organizationId]) @@index([status]) }",2026-05-25,prisma_rls_chunk_05
213,JITPrivacyNotice,YES,ORG_FIELD_PRESENT_AND_INDEXED,server/prisma/schema.prisma:5550-5581,"model JITPrivacyNotice { id String organizationId String ... @@index([organizationId]) @@index([triggerContext]) @@index([status]) }",2026-05-25,prisma_rls_chunk_05
214,AzureResource,YES,ORG_FIELD_PRESENT_AND_INDEXED,server/prisma/schema.prisma:5587-5612,"model AzureResource { id String organizationId String ... @@unique([organizationId, azureResourceId]) @@index([organizationId]) @@index([resourceType]) @@index([location]) @@index([resourceGroup]) }",2026-05-25,prisma_rls_chunk_05
215,AzureSecurityFinding,YES,ORG_FIELD_PRESENT_AND_INDEXED,server/prisma/schema.prisma:5614-5642,"model AzureSecurityFinding { id String organizationId String ... @@unique([organizationId, azureFindingId]) @@index([organizationId]) @@index([severity]) @@index([status]) @@index([affectedResourceType]) }",2026-05-25,prisma_rls_chunk_05
216,AzureSecurityAlert,YES,ORG_FIELD_PRESENT_AND_INDEXED,server/prisma/schema.prisma:5644-5672,"model AzureSecurityAlert { id String organizationId String ... @@unique([organizationId, azureAlertId]) @@index([organizationId]) @@index([severity]) @@index([status]) @@index([alertType]) @@index([startTimeUtc]) }",2026-05-25,prisma_rls_chunk_05
217,AzurePolicyCompliance,YES,ORG_FIELD_PRESENT_AND_INDEXED,server/prisma/schema.prisma:5674-5700,"model AzurePolicyCompliance { id String organizationId String ... @@unique([organizationId, azurePolicyAssignmentId]) @@index([organizationId]) @@index([complianceState]) @@index([policyDefinitionId]) }",2026-05-25,prisma_rls_chunk_05
218,AzureUser,YES,ORG_FIELD_PRESENT_AND_INDEXED,server/prisma/schema.prisma:5702-5732,"model AzureUser { id String organizationId String ... @@unique([organizationId, azureUserId]) @@index([organizationId]) @@index([accountEnabled]) @@index([department]) @@index([riskLevel]) }",2026-05-25,prisma_rls_chunk_05
219,AzureSyncJob,YES,ORG_FIELD_PRESENT_AND_INDEXED,server/prisma/schema.prisma:5734-5755,"model AzureSyncJob { id String organizationId String ... @@index([organizationId]) @@index([status]) @@index([syncType]) @@index([startedAt]) }",2026-05-25,prisma_rls_chunk_05
220,DataProtectionImpactAssessment,YES,ORG_FIELD_PRESENT_AND_INDEXED,server/prisma/schema.prisma:5762-5795,"model DataProtectionImpactAssessment { id String organizationId String ... @@index([organizationId]) @@index([status]) @@index([screeningResult]) }",2026-05-25,prisma_rls_chunk_05
221,DPIARiskAssessment,NO,INTENTIONAL_NO_ORG_SYSTEM,server/prisma/schema.prisma:5797-5815,"model DPIARiskAssessment { id String dpiaId String ... dpia DataProtectionImpactAssessment @relation(fields: [dpiaId], references: [id], onDelete: Cascade) @@index([dpiaId]) @@index([riskLevel]) } — child entity scoped via DPIA parent",2026-05-25,prisma_rls_chunk_05
222,ProcessingActivityRecord,YES,ORG_FIELD_PRESENT_AND_INDEXED,server/prisma/schema.prisma:5818-5857,"model ProcessingActivityRecord { id String organizationId String ... @@index([organizationId]) @@index([status]) @@index([lawfulBasis]) }",2026-05-25,prisma_rls_chunk_05
223,SecurityTraining,YES,ORG_FIELD_PRESENT_AND_INDEXED,server/prisma/schema.prisma:5860-5884,"model SecurityTraining { id String organizationId String ... @@index([organizationId]) @@index([category]) @@index([status]) }",2026-05-25,prisma_rls_chunk_05
224,SecurityTrainingRecord,YES,ORG_FIELD_PRESENT_AND_INDEXED,server/prisma/schema.prisma:5886-5911,"model SecurityTrainingRecord { id String organizationId String trainingId String userId String ... @@unique([trainingId, userId]) @@index([organizationId]) @@index([userId]) @@index([trainingId]) @@index([status]) }",2026-05-25,prisma_rls_chunk_05
225,GrcIncident,YES,ORG_FIELD_PRESENT_AND_INDEXED,server/prisma/schema.prisma:5918-5947,"model GrcIncident { id String organizationId String ... @@index([organizationId]) @@index([severity]) @@index([status]) @@index([category]) }",2026-05-25,prisma_rls_chunk_05
226,IncidentTimelineEntry,NO,INTENTIONAL_NO_ORG_SYSTEM,server/prisma/schema.prisma:5949-5959,"model IncidentTimelineEntry { id String incidentId String ... incident GrcIncident @relation(fields: [incidentId], references: [id], onDelete: Cascade) @@index([incidentId]) } — child entity scoped via GrcIncident parent",2026-05-25,prisma_rls_chunk_05
227,IncidentTask,NO,INTENTIONAL_NO_ORG_SYSTEM,server/prisma/schema.prisma:5961-5972,"model IncidentTask { id String incidentId String ... incident GrcIncident @relation(fields: [incidentId], references: [id], onDelete: Cascade) @@index([incidentId]) } — child entity scoped via GrcIncident parent",2026-05-25,prisma_rls_chunk_05
228,Asset,YES,ORG_FIELD_PRESENT_AND_INDEXED,server/prisma/schema.prisma:6005-6031,"model Asset { id String organizationId String ... @@index([organizationId]) @@index([type]) @@index([classification]) @@index([status]) }",2026-05-25,prisma_rls_chunk_05
229,ComplianceDeadline,YES,ORG_FIELD_PRESENT_AND_INDEXED,server/prisma/schema.prisma:6058-6080,"model ComplianceDeadline { id String organizationId String ... @@index([organizationId]) @@index([dueDate]) @@index([status]) @@index([type]) }",2026-05-25,prisma_rls_chunk_05
230,MaturityAssessment,YES,ORG_FIELD_PRESENT_AND_INDEXED,server/prisma/schema.prisma:6107-6120,"model MaturityAssessment { id String organizationId String ... @@index([organizationId]) @@index([assessmentDate]) }",2026-05-25,prisma_rls_chunk_05
231,MaturityDomain,NO,INTENTIONAL_NO_ORG_SYSTEM,server/prisma/schema.prisma:6122-6132,"model MaturityDomain { id String assessmentId String ... assessment MaturityAssessment @relation(fields: [assessmentId], references: [id], onDelete: Cascade) @@index([assessmentId]) } — child entity scoped via MaturityAssessment parent",2026-05-25,prisma_rls_chunk_05
232,BusinessProcess,YES,ORG_FIELD_PRESENT_AND_INDEXED,server/prisma/schema.prisma:6135-6155,"model BusinessProcess { id String organizationId String ... @@index([organizationId]) @@index([criticality]) }",2026-05-25,prisma_rls_chunk_05
233,ProcessDependency,NO,INTENTIONAL_NO_ORG_SYSTEM,server/prisma/schema.prisma:6157-6166,"model ProcessDependency { id String processId String ... process BusinessProcess @relation(fields: [processId], references: [id], onDelete: Cascade) @@index([processId]) } — child entity scoped via BusinessProcess parent",2026-05-25,prisma_rls_chunk_05
234,ControlEffectivenessRecord,YES,ORG_FIELD_PRESENT_AND_INDEXED,server/prisma/schema.prisma:6185-6201,"model ControlEffectivenessRecord { id String controlId String organizationId String ... @@index([organizationId]) @@index([controlId]) @@index([assessmentDate]) }",2026-05-25,prisma_rls_chunk_05
235,ComplianceCost,YES,ORG_FIELD_PRESENT_AND_INDEXED,server/prisma/schema.prisma:6211-6231,"model ComplianceCost { id String organizationId String ... @@index([organizationId]) @@index([category]) @@index([frameworkId]) }",2026-05-25,prisma_rls_chunk_05
236,ComplianceException,YES,ORG_FIELD_PRESENT_AND_INDEXED,server/prisma/schema.prisma:6247-6267,"model ComplianceException { id String organizationId String controlId String ... @@index([organizationId]) @@index([status]) @@index([expiryDate]) }",2026-05-25,prisma_rls_chunk_05
237,Certification,YES,ORG_FIELD_PRESENT_AND_INDEXED,server/prisma/schema.prisma:6278-6298,"model Certification { id String organizationId String ... @@index([organizationId]) @@index([expiryDate]) @@index([status]) }",2026-05-25,prisma_rls_chunk_05
238,CertAudit,NO,INTENTIONAL_NO_ORG_SYSTEM,server/prisma/schema.prisma:6300-6312,"model CertAudit { id String certificationId String ... certification Certification @relation(fields: [certificationId], references: [id], onDelete: Cascade) @@index([certificationId]) } — child entity scoped via Certification parent",2026-05-25,prisma_rls_chunk_05
239,RegulatoryChangeDetection,NO,INTENTIONAL_NO_ORG_GLOBAL_REGULATION,server/prisma/schema.prisma:6331-6349,"model RegulatoryChangeDetection { id String regulationName String changeType RegChangeType title String summary String ... @@index([regulationName]) @@index([status]) @@index([detectedAt]) } — global regulatory feed shared across all tenants; per-org impact stored in RegulatoryChangeImpact",2026-05-25,prisma_rls_chunk_05
240,RegulatoryChangeImpact,YES,ORG_FIELD_PRESENT_AND_INDEXED,server/prisma/schema.prisma:6351-6363,"model RegulatoryChangeImpact { id String regulatoryChangeId String controlId String organizationId String ... @@index([regulatoryChangeId]) @@index([organizationId]) }",2026-05-25,prisma_rls_chunk_05
241,EvidenceCollectionRule,YES,ORG_FIELD_PRESENT_AND_INDEXED,server/prisma/schema.prisma:6382-6398,"model EvidenceCollectionRule { id String organizationId String controlId String ... @@index([organizationId]) @@index([controlId]) }",2026-05-25,prisma_rls_chunk_05
242,ControlTest,YES,ORG_FIELD_PRESENT_AND_INDEXED,server/prisma/schema.prisma:6416-6432,"model ControlTest { id String organizationId String controlId String ... @@index([organizationId]) @@index([controlId]) }",2026-05-25,prisma_rls_chunk_05
243,ControlTestResult,NO,INTENTIONAL_NO_ORG_SYSTEM,server/prisma/schema.prisma:6434-6445,"model ControlTestResult { id String testId String ... test ControlTest @relation(fields: [testId], references: [id], onDelete: Cascade) @@index([testId]) @@index([testedAt]) } — child entity scoped via ControlTest parent",2026-05-25,prisma_rls_chunk_05
244,SSOConfiguration,YES,ORG_FIELD_PRESENT_AND_INDEXED,server/prisma/schema.prisma:6469-6485,"model SSOConfiguration { id String organizationId String @unique ... organization Organization @relation(fields: [organizationId], references: [id], onDelete: Cascade) } — @unique on organizationId acts as compound unique constraint",2026-05-25,prisma_rls_chunk_05
245,SCIMConfiguration,YES,ORG_FIELD_PRESENT_AND_INDEXED,server/prisma/schema.prisma:6498-6507,"model SCIMConfiguration { id String organizationId String @unique ... organization Organization @relation(fields: [organizationId], references: [id], onDelete: Cascade) } — @unique on organizationId acts as compound unique constraint",2026-05-25,prisma_rls_chunk_05
246,CustomRole,YES,ORG_FIELD_PRESENT_AND_INDEXED,server/prisma/schema.prisma:6510-6524,"model CustomRole { id String organizationId String ... @@unique([organizationId, name]) @@index([organizationId]) }",2026-05-25,prisma_rls_chunk_05
247,RolePermission,NO,INTENTIONAL_NO_ORG_SYSTEM,server/prisma/schema.prisma:6526-6536,"model RolePermission { id String roleId String ... role CustomRole @relation(fields: [roleId], references: [id], onDelete: Cascade) @@unique([roleId, resource, action]) @@index([roleId]) } — child entity scoped via CustomRole parent",2026-05-25,prisma_rls_chunk_05
248,UserRole,NO,INTENTIONAL_NO_ORG_SYSTEM,server/prisma/schema.prisma:6538-6548,"model UserRole { id String userId String roleId String ... user User @relation role CustomRole @relation @@unique([userId, roleId]) @@index([userId]) @@index([roleId]) } — junction table scoped via User and CustomRole parents",2026-05-25,prisma_rls_chunk_05
249,BrandingConfig,YES,ORG_FIELD_PRESENT_AND_INDEXED,server/prisma/schema.prisma:6558-6575,"model BrandingConfig { id String organizationId String @unique ... organization Organization @relation(fields: [organizationId], references: [id], onDelete: Cascade) } — @unique on organizationId acts as compound unique constraint",2026-05-25,prisma_rls_chunk_05
250,CustomDashboard,YES,ORG_FIELD_PRESENT_AND_INDEXED,server/prisma/schema.prisma:6578-6593,"model CustomDashboard { id String organizationId String createdBy String ... @@index([organizationId]) }",2026-05-25,prisma_rls_chunk_05
251,DashboardWidget,NO,MISSING_ORG_GAP,server/prisma/schema.prisma:6595-6605,"model DashboardWidget { id String ... dashboardId String type String title String config Json? position Json? dashboard CustomDashboard @relation(fields: [dashboardId], references: [id], onDelete: Cascade); @@index([dashboardId]) }",2026-05-25,prisma_rls_chunk_06
252,ReportTemplate,YES,ORG_FIELD_PRESENT_AND_INDEXED,server/prisma/schema.prisma:6608-6625,"model ReportTemplate { id ... organizationId String ... organization Organization @relation(fields: [organizationId], references: [id], onDelete: Cascade); @@index([organizationId]) }",2026-05-25,prisma_rls_chunk_06
253,CICDGatePolicy,YES,ORG_FIELD_PRESENT_AND_INDEXED,server/prisma/schema.prisma:6628-6641,"model CICDGatePolicy { id ... organizationId String name String ... organization Organization @relation(fields: [organizationId], references: [id], onDelete: Cascade); @@index([organizationId]) }",2026-05-25,prisma_rls_chunk_06
254,CICDGateResult,NO,MISSING_ORG_GAP,server/prisma/schema.prisma:6643-6656,"model CICDGateResult { id ... policyId String repository String branch String commitHash String status String details Json? triggeredAt DateTime ... policy CICDGatePolicy @relation(fields: [policyId], references: [id], onDelete: Cascade); @@index([policyId]) @@index([repository]) }",2026-05-25,prisma_rls_chunk_06
255,SearchIndex,YES,ORG_FIELD_PRESENT_AND_INDEXED,server/prisma/schema.prisma:6659-6672,"model SearchIndex { id ... organizationId String resourceType String resourceId String title String content String metadata Json? updatedAt DateTime ... @@index([organizationId, resourceType]) @@index([organizationId]) }",2026-05-25,prisma_rls_chunk_06
256,VendorMonitoringCheck,YES,ORG_FIELD_PRESENT_AND_INDEXED,server/prisma/schema.prisma:6675-6688,"model VendorMonitoringCheck { id ... organizationId String vendorId String checkType String status String details Json? checkedAt DateTime ... @@index([organizationId]) @@index([vendorId]) @@index([checkedAt]) }",2026-05-25,prisma_rls_chunk_06
257,ISO27001Assessment,YES,ORG_FIELD_PRESENT_AND_INDEXED,server/prisma/schema.prisma:6698-6727,"model ISO27001Assessment { id ... organizationId String frameworkId String? assessmentYear Int scope String ... @@index([organizationId]) @@index([status]) @@index([assessmentYear]) }",2026-05-25,prisma_rls_chunk_06
258,ISO27001SoA,YES,ORG_FIELD_PRESENT_AND_INDEXED,server/prisma/schema.prisma:6729-6751,"model ISO27001SoA { id ... organizationId String assessmentId String controlRef String ... @@unique([assessmentId, controlRef]) @@index([organizationId]) @@index([assessmentId]) @@index([applicability]) }",2026-05-25,prisma_rls_chunk_06
259,ISO27001RiskScenario,YES,ORG_FIELD_PRESENT_AND_INDEXED,server/prisma/schema.prisma:6753-6778,"model ISO27001RiskScenario { id ... organizationId String assessmentId String threat String vulnerability String ... @@index([organizationId]) @@index([assessmentId]) @@index([status]) }",2026-05-25,prisma_rls_chunk_06
260,ISO27001CorrectiveAction,YES,ORG_FIELD_PRESENT_AND_INDEXED,server/prisma/schema.prisma:6780-6805,"model ISO27001CorrectiveAction { id ... organizationId String assessmentId String source String finding String ... @@index([organizationId]) @@index([assessmentId]) @@index([status]) @@index([dueDate]) }",2026-05-25,prisma_rls_chunk_06
261,PHIRecord,YES,ORG_FIELD_PRESENT_AND_INDEXED,server/prisma/schema.prisma:6817-6841,"model PHIRecord { id ... organizationId String systemName String dataLocation String custodian String ... @@index([organizationId]) @@index([classification]) @@index([riskLevel]) }",2026-05-25,prisma_rls_chunk_06
262,PHIAccessGrant,YES,ORG_FIELD_PRESENT_AND_INDEXED,server/prisma/schema.prisma:6843-6866,"model PHIAccessGrant { id ... organizationId String phiRecordId String grantedToUserId String? grantedToParty String? accessLevel String ... @@index([organizationId]) @@index([phiRecordId]) @@index([grantedToUserId]) @@index([expiresAt]) }",2026-05-25,prisma_rls_chunk_06
263,BusinessAssociateAgreement,YES,ORG_FIELD_PRESENT_AND_INDEXED,server/prisma/schema.prisma:6868-6892,"model BusinessAssociateAgreement { id ... organizationId String businessAssociate String contactName String? ... @@index([organizationId]) @@index([status]) @@index([expiresAt]) }",2026-05-25,prisma_rls_chunk_06
264,HIPAABreachRiskAssessment,YES,ORG_FIELD_PRESENT_AND_INDEXED,server/prisma/schema.prisma:6894-6929,"model HIPAABreachRiskAssessment { id ... organizationId String breachIncidentId String? natureExtentScore Int ... @@index([organizationId]) @@index([conclusion]) @@index([discoveryDate]) @@index([individualNoticeDueAt]) }",2026-05-25,prisma_rls_chunk_06
265,PCIScope,YES,ORG_FIELD_PRESENT_AND_INDEXED,server/prisma/schema.prisma:6934-6963,"model PCIScope { id ... organizationId String name String scopeStatement String saqType String ... @@index([organizationId]) @@index([status]) @@index([saqType]) @@index([assessmentYear]) }",2026-05-25,prisma_rls_chunk_06
266,PCIRequirement,YES,ORG_FIELD_PRESENT_AND_INDEXED,server/prisma/schema.prisma:6965-6994,"model PCIRequirement { id ... organizationId String scopeId String requirementRef String title String ... @@unique([scopeId, requirementRef]) @@index([organizationId]) @@index([scopeId]) @@index([implementationStatus]) @@index([applicability]) }",2026-05-25,prisma_rls_chunk_06
267,PCIEvidence,YES,ORG_FIELD_PRESENT_AND_INDEXED,server/prisma/schema.prisma:6996-7026,"model PCIEvidence { id ... organizationId String scopeId String requirementId String evidenceType String ... @@index([organizationId]) @@index([scopeId]) @@index([requirementId]) @@index([status]) @@index([evidenceType]) @@index([qsaApproval]) }",2026-05-25,prisma_rls_chunk_06
268,QSAFinding,YES,ORG_FIELD_PRESENT_AND_INDEXED,server/prisma/schema.prisma:7028-7056,"model QSAFinding { id ... organizationId String scopeId String requirementId String? findingType String severity String ... @@index([organizationId]) @@index([scopeId]) @@index([requirementId]) @@index([severity]) @@index([status]) @@index([remediationDueDate]) }",2026-05-25,prisma_rls_chunk_06
269,CompensatingControlWorksheet,YES,ORG_FIELD_PRESENT_AND_INDEXED,server/prisma/schema.prisma:7058-7080,"model CompensatingControlWorksheet { id ... organizationId String requirementId String originalRequirement String constraint String ... @@index([organizationId]) @@index([requirementId]) @@index([status]) }",2026-05-25,prisma_rls_chunk_06
270,PCIROC,YES,ORG_FIELD_PRESENT_AND_INDEXED,server/prisma/schema.prisma:7082-7108,"model PCIROC { id ... organizationId String scopeId String version String status String ... @@index([organizationId]) @@index([scopeId]) @@index([status]) }",2026-05-25,prisma_rls_chunk_06
271,PCIAOC,YES,ORG_FIELD_PRESENT_AND_INDEXED,server/prisma/schema.prisma:7110-7130,"model PCIAOC { id ... organizationId String rocId String attestationType String merchantLevel Int? serviceProviderLevel Int? ... @@index([organizationId]) @@index([rocId]) @@index([attestationType]) @@index([assessmentEndDate]) }",2026-05-25,prisma_rls_chunk_06
272,SOC2Engagement,YES,ORG_FIELD_PRESENT_AND_INDEXED,server/prisma/schema.prisma:7135-7164,"model SOC2Engagement { id ... organizationId String engagementYear Int engagementType String trustServicesIncluded Json ... @@index([organizationId]) @@index([status]) @@index([engagementYear]) @@index([engagementType]) }",2026-05-25,prisma_rls_chunk_06
273,SOC2Control,YES,ORG_FIELD_PRESENT_AND_INDEXED,server/prisma/schema.prisma:7166-7199,"model SOC2Control { id ... organizationId String engagementId String criteriaCategory String criteriaRef String ... @@unique([engagementId, criteriaRef]) @@index([organizationId]) @@index([engagementId]) @@index([criteriaCategory]) @@index([implementationStatus]) @@index([nextTestDate]) }",2026-05-25,prisma_rls_chunk_06
274,SOC2EvidenceSample,YES,ORG_FIELD_PRESENT_AND_INDEXED,server/prisma/schema.prisma:7201-7229,"model SOC2EvidenceSample { id ... organizationId String controlId String samplingPeriodStart DateTime samplingPeriodEnd DateTime ... @@index([organizationId]) @@index([controlId]) @@index([status]) @@index([samplingPeriodEnd]) }",2026-05-25,prisma_rls_chunk_06
275,SOC2Exception,YES,ORG_FIELD_PRESENT_AND_INDEXED,server/prisma/schema.prisma:7231-7261,"model SOC2Exception { id ... organizationId String engagementId String controlId String sampleId String? exceptionType String ... @@index([organizationId]) @@index([engagementId]) @@index([controlId]) @@index([status]) @@index([exceptionType]) }",2026-05-25,prisma_rls_chunk_06
276,SOC2CUEC,YES,ORG_FIELD_PRESENT_AND_INDEXED,server/prisma/schema.prisma:7263-7278,"model SOC2CUEC { id ... organizationId String engagementId String criteriaCategory String controlDescription String userResponsibility String ... @@index([organizationId]) @@index([engagementId]) @@index([criteriaCategory]) }",2026-05-25,prisma_rls_chunk_06
277,SOC2ManagementAssertion,YES,ORG_FIELD_PRESENT_AND_INDEXED,server/prisma/schema.prisma:7280-7298,"model SOC2ManagementAssertion { id ... organizationId String engagementId String assertionType String assertionText String ... @@index([organizationId]) @@index([engagementId]) @@index([assertionType]) }",2026-05-25,prisma_rls_chunk_06
278,NistCsfProfile,YES,ORG_FIELD_PRESENT_AND_INDEXED,server/prisma/schema.prisma:7303-7327,"model NistCsfProfile { id ... organizationId String name String profileType String profileYear Int ... @@index([organizationId]) @@index([profileType]) @@index([status]) @@index([profileYear]) }",2026-05-25,prisma_rls_chunk_06
279,NistCsfSubcategoryAssessment,YES,ORG_FIELD_PRESENT_AND_INDEXED,server/prisma/schema.prisma:7329-7357,"model NistCsfSubcategoryAssessment { id ... organizationId String profileId String function String category String ... @@unique([profileId, subcategoryRef]) @@index([organizationId]) @@index([profileId]) @@index([function]) @@index([category]) @@index([priority]) }",2026-05-25,prisma_rls_chunk_06
280,NistCsfGapAnalysis,YES,ORG_FIELD_PRESENT_AND_INDEXED,server/prisma/schema.prisma:7359-7381,"model NistCsfGapAnalysis { id ... organizationId String profileId String currentProfileId String targetProfileId String ... @@index([organizationId]) @@index([profileId]) @@index([currentProfileId]) @@index([targetProfileId]) @@index([function]) @@index([generatedAt]) }",2026-05-25,prisma_rls_chunk_06
281,NistCsfActionItem,YES,ORG_FIELD_PRESENT_AND_INDEXED,server/prisma/schema.prisma:7383-7410,"model NistCsfActionItem { id ... organizationId String profileId String subcategoryAssessmentId String? title String ... @@index([organizationId]) @@index([profileId]) @@index([subcategoryAssessmentId]) @@index([status]) @@index([priority]) @@index([dueDate]) }",2026-05-25,prisma_rls_chunk_06
282,NPSInvitation,YES,ORG_FIELD_PRESENT_AND_INDEXED,server/prisma/schema.prisma:7420-7445,"model NPSInvitation { id ... organizationId String userId String trigger String scheduledFor DateTime ... @@unique([userId, trigger, scheduledFor]) @@index([organizationId]) @@index([userId]) @@index([status]) @@index([scheduledFor]) @@index([expiresAt]) }",2026-05-25,prisma_rls_chunk_06
283,NPSResponse,YES,ORG_FIELD_PRESENT_AND_INDEXED,server/prisma/schema.prisma:7447-7469,"model NPSResponse { id ... organizationId String userId String invitationId String? score Int category String ... @@index([organizationId]) @@index([userId]) @@index([invitationId]) @@index([category]) @@index([createdAt]) }",2026-05-25,prisma_rls_chunk_06
