row_number,file,line,mount_snippet,verdict,evidence_lines_read,evidence_quote,verified_at,verified_by
1,server/src/index.ts,369,"app.use('/api/billing/webhook'  apiLimiter  express.raw({ type",RATE_LIMITED_INLINE,server/src/index.ts:367-372,"app.use('/api/billing/webhook'; apiLimiter; express.raw({ type: 'application/json' }));",2026-05-25T00:00:00Z,rate_limits_chunk_01
2,server/src/index.ts,376,"app.use('/api'  csrfProtection);",INTERNAL_NOT_USER_FACING,server/src/index.ts:374-377,"// CSRF protection for state-changing API routes (POST; PUT; PATCH; DELETE) -- app.use('/api'; csrfProtection);",2026-05-25T00:00:00Z,rate_limits_chunk_01
3,server/src/index.ts,420,"app.use('/api/docs'  apiLimiter  swaggerUi.serve  swaggerUi.setup(swaggerSpec  {",RATE_LIMITED_INLINE,server/src/index.ts:419-423,"app.use('/api/docs'; apiLimiter; swaggerUi.serve; swaggerUi.setup(swaggerSpec; { customCss: '.swagger-ui .topbar { display: none }'; customSiteTitle: 'ComplyEasy AI API Docs'; }));",2026-05-25T00:00:00Z,rate_limits_chunk_01
4,server/src/index.ts,559,"app.use('/api/auth'  authLimiter  authRoutes);",RATE_LIMITED_INLINE,server/src/index.ts:558-559,"// API routes -- app.use('/api/auth'; authLimiter; authRoutes);",2026-05-25T00:00:00Z,rate_limits_chunk_01
5,server/src/index.ts,560,"app.use('/api/2fa'  authLimiter  twoFactorRoutes);",RATE_LIMITED_INLINE,server/src/index.ts:560,"app.use('/api/2fa'; authLimiter; twoFactorRoutes);",2026-05-25T00:00:00Z,rate_limits_chunk_01
6,server/src/index.ts,561,"app.use('/api/risks'  apiLimiter  risksRoutes);",RATE_LIMITED_INLINE,server/src/index.ts:561,"app.use('/api/risks'; apiLimiter; risksRoutes);",2026-05-25T00:00:00Z,rate_limits_chunk_01
7,server/src/index.ts,562,"app.use('/api/frameworks'  apiLimiter  frameworksRoutes);",RATE_LIMITED_INLINE,server/src/index.ts:562,"app.use('/api/frameworks'; apiLimiter; frameworksRoutes);",2026-05-25T00:00:00Z,rate_limits_chunk_01
8,server/src/index.ts,563,"app.use('/api/ai'  apiLimiter  aiRoutes); // Mount-level apiLimiter + internal AI-specific limiter",RATE_LIMITED_INLINE,server/src/index.ts:563,"app.use('/api/ai'; apiLimiter; aiRoutes); // Mount-level apiLimiter + internal AI-specific limiter",2026-05-25T00:00:00Z,rate_limits_chunk_01
9,server/src/index.ts,564,"app.use('/api/billing'  apiLimiter  billingRoutes);",RATE_LIMITED_INLINE,server/src/index.ts:564,"app.use('/api/billing'; apiLimiter; billingRoutes);",2026-05-25T00:00:00Z,rate_limits_chunk_01
10,server/src/index.ts,565,"app.use('/api/integrations'  apiLimiter  integrationsRoutes);",RATE_LIMITED_INLINE,server/src/index.ts:565,"app.use('/api/integrations'; apiLimiter; integrationsRoutes);",2026-05-25T00:00:00Z,rate_limits_chunk_01
11,server/src/index.ts,566,"app.use('/api/eu-regulations'  apiLimiter  euRegulationsRoutes);",RATE_LIMITED_INLINE,server/src/index.ts:566,"app.use('/api/eu-regulations'; apiLimiter; euRegulationsRoutes);",2026-05-25T00:00:00Z,rate_limits_chunk_01
12,server/src/index.ts,567,"app.use('/api/team'  apiLimiter  teamRoutes);",RATE_LIMITED_INLINE,server/src/index.ts:567,"app.use('/api/team'; apiLimiter; teamRoutes);",2026-05-25T00:00:00Z,rate_limits_chunk_01
13,server/src/index.ts,568,"app.use('/api/audit'  apiLimiter  auditRoutes);",RATE_LIMITED_INLINE,server/src/index.ts:568,"app.use('/api/audit'; apiLimiter; auditRoutes);",2026-05-25T00:00:00Z,rate_limits_chunk_01
14,server/src/index.ts,569,"app.use('/api/organization'  apiLimiter  organizationRoutes);",RATE_LIMITED_INLINE,server/src/index.ts:569,"app.use('/api/organization'; apiLimiter; organizationRoutes);",2026-05-25T00:00:00Z,rate_limits_chunk_01
15,server/src/index.ts,570,"app.use('/api/control-mappings'  apiLimiter  controlMappingsRoutes);",RATE_LIMITED_INLINE,server/src/index.ts:570,"app.use('/api/control-mappings'; apiLimiter; controlMappingsRoutes);",2026-05-25T00:00:00Z,rate_limits_chunk_01
16,server/src/index.ts,571,"app.use('/api/evidence-versions'  apiLimiter  evidenceVersionsRoutes);",RATE_LIMITED_INLINE,server/src/index.ts:571,"app.use('/api/evidence-versions'; apiLimiter; evidenceVersionsRoutes);",2026-05-25T00:00:00Z,rate_limits_chunk_01
17,server/src/index.ts,574,"app.use('/api/personnel'  apiLimiter  personnelRoutes);",RATE_LIMITED_INLINE,server/src/index.ts:574,"app.use('/api/personnel'; apiLimiter; personnelRoutes);",2026-05-25T00:00:00Z,rate_limits_chunk_01
18,server/src/index.ts,575,"app.use('/api/vendors'  apiLimiter  vendorRoutes);",RATE_LIMITED_INLINE,server/src/index.ts:575,"app.use('/api/vendors'; apiLimiter; vendorRoutes);",2026-05-25T00:00:00Z,rate_limits_chunk_01
19,server/src/index.ts,576,"app.use('/api/enterprise'  apiLimiter  enterpriseRoutes);",RATE_LIMITED_INLINE,server/src/index.ts:576,"app.use('/api/enterprise'; apiLimiter; enterpriseRoutes);",2026-05-25T00:00:00Z,rate_limits_chunk_01
20,server/src/index.ts,579,"app.use('/api/acos'  apiLimiter  acosRoutes);",RATE_LIMITED_INLINE,server/src/index.ts:579,"app.use('/api/acos'; apiLimiter; acosRoutes);",2026-05-25T00:00:00Z,rate_limits_chunk_01
21,server/src/index.ts,582,"app.use('/api/ai-rmf'  apiLimiter  aiRmfRoutes);",RATE_LIMITED_INLINE,server/src/index.ts:582,"app.use('/api/ai-rmf'; apiLimiter; aiRmfRoutes);",2026-05-25T00:00:00Z,rate_limits_chunk_01
22,server/src/index.ts,585,"app.use('/api/security'  apiLimiter  securityRoutes);",RATE_LIMITED_INLINE,server/src/index.ts:585,"app.use('/api/security'; apiLimiter; securityRoutes);",2026-05-25T00:00:00Z,rate_limits_chunk_01
23,server/src/index.ts,588,"app.use('/api/webhooks'  apiLimiter  webhooksRoutes);",RATE_LIMITED_INLINE,server/src/index.ts:588,"app.use('/api/webhooks'; apiLimiter; webhooksRoutes);",2026-05-25T00:00:00Z,rate_limits_chunk_01
24,server/src/index.ts,589,"app.use('/api/demo'  apiLimiter  demoRoutes);",RATE_LIMITED_INLINE,server/src/index.ts:589,"app.use('/api/demo'; apiLimiter; demoRoutes);",2026-05-25T00:00:00Z,rate_limits_chunk_01
25,server/src/index.ts,592,"app.use('/api/onboarding'  apiLimiter  onboardingRoutes);",RATE_LIMITED_INLINE,server/src/index.ts:592,"app.use('/api/onboarding'; apiLimiter; onboardingRoutes);",2026-05-25T00:00:00Z,rate_limits_chunk_01
26,server/src/index.ts,595,"app.use('/api/export'  apiLimiter  exportRoutes);",RATE_LIMITED_INLINE,server/src/index.ts:595,"app.use('/api/export'; apiLimiter; exportRoutes);",2026-05-25T00:00:00Z,rate_limits_chunk_01
27,server/src/index.ts,598,"app.use('/api/marketplace'  apiLimiter  marketplaceRoutes);",RATE_LIMITED_INLINE,server/src/index.ts:598,"app.use('/api/marketplace'; apiLimiter; marketplaceRoutes);",2026-05-25T00:00:00Z,rate_limits_chunk_01
28,server/src/index.ts,601,"app.use('/api/modules'  apiLimiter  featureModulesRoutes);",RATE_LIMITED_INLINE,server/src/index.ts:601,"app.use('/api/modules'; apiLimiter; featureModulesRoutes);",2026-05-25T00:00:00Z,rate_limits_chunk_01
29,server/src/index.ts,604,"app.use('/api/dora'  apiLimiter  doraRoutes);",RATE_LIMITED_INLINE,server/src/index.ts:604,"app.use('/api/dora'; apiLimiter; doraRoutes);",2026-05-25T00:00:00Z,rate_limits_chunk_01
30,server/src/index.ts,607,"app.use('/api/auditor'  apiLimiter  auditorRoutes);",RATE_LIMITED_INLINE,server/src/index.ts:607,"app.use('/api/auditor'; apiLimiter; auditorRoutes);",2026-05-25T00:00:00Z,rate_limits_chunk_01
31,server/src/index.ts,610,"app.use('/api/sox'  apiLimiter  soxRoutes);",RATE_LIMITED_INLINE,server/src/index.ts:610,"app.use('/api/sox'; apiLimiter; soxRoutes);",2026-05-25T00:00:00Z,rate_limits_chunk_01
32,server/src/index.ts,613,"app.use('/api/sod'  apiLimiter  sodRoutes);",RATE_LIMITED_INLINE,server/src/index.ts:613,"app.use('/api/sod'; apiLimiter; sodRoutes);",2026-05-25T00:00:00Z,rate_limits_chunk_01
33,server/src/index.ts,616,"app.use('/api/mdm'  apiLimiter  mdmRoutes);",RATE_LIMITED_INLINE,server/src/index.ts:616,"app.use('/api/mdm'; apiLimiter; mdmRoutes);",2026-05-25T00:00:00Z,rate_limits_chunk_01
34,server/src/index.ts,619,"app.use('/api/workflows'  apiLimiter  workflowRoutes);",RATE_LIMITED_INLINE,server/src/index.ts:619,"app.use('/api/workflows'; apiLimiter; workflowRoutes);",2026-05-25T00:00:00Z,rate_limits_chunk_01
35,server/src/index.ts,622,"app.use('/api/privacy'  apiLimiter  privacyRoutes);",RATE_LIMITED_INLINE,server/src/index.ts:622,"app.use('/api/privacy'; apiLimiter; privacyRoutes);",2026-05-25T00:00:00Z,rate_limits_chunk_01
36,server/src/index.ts,625,"app.use('/api/dpia'  apiLimiter  dpiaRoutes);",RATE_LIMITED_INLINE,server/src/index.ts:625,"app.use('/api/dpia'; apiLimiter; dpiaRoutes);",2026-05-25T00:00:00Z,rate_limits_chunk_01
37,server/src/index.ts,628,"app.use('/api/ropa'  apiLimiter  ropaRoutes);",RATE_LIMITED_INLINE,server/src/index.ts:628,"app.use('/api/ropa'; apiLimiter; ropaRoutes);",2026-05-25T00:00:00Z,rate_limits_chunk_01
38,server/src/index.ts,631,"app.use('/api/cookie-consent'  apiLimiter  cookieConsentRoutes);",RATE_LIMITED_INLINE,server/src/index.ts:631,"app.use('/api/cookie-consent'; apiLimiter; cookieConsentRoutes);",2026-05-25T00:00:00Z,rate_limits_chunk_01
39,server/src/index.ts,634,"app.use('/api/dpo'  apiLimiter  dpoRoutes);",RATE_LIMITED_INLINE,server/src/index.ts:634,"app.use('/api/dpo'; apiLimiter; dpoRoutes);",2026-05-25T00:00:00Z,rate_limits_chunk_01
40,server/src/index.ts,637,"app.use('/api/security-training'  apiLimiter  securityTrainingRoutes);",RATE_LIMITED_INLINE,server/src/index.ts:637,"app.use('/api/security-training'; apiLimiter; securityTrainingRoutes);",2026-05-25T00:00:00Z,rate_limits_chunk_01
41,server/src/index.ts,640,"app.use('/api/anonymization'  apiLimiter  anonymizationRoutes);",RATE_LIMITED_INLINE,server/src/index.ts:640,"app.use('/api/anonymization'; apiLimiter; anonymizationRoutes);",2026-05-25T00:00:00Z,rate_limits_chunk_01
42,server/src/index.ts,643,"app.use('/api/incidents'  apiLimiter  incidentRoutes);",RATE_LIMITED_INLINE,server/src/index.ts:643,"app.use('/api/incidents'; apiLimiter; incidentRoutes);",2026-05-25T00:00:00Z,rate_limits_chunk_01
43,server/src/index.ts,644,"app.use('/api/assets'  apiLimiter  assetRoutes);",RATE_LIMITED_INLINE,server/src/index.ts:644,"app.use('/api/assets'; apiLimiter; assetRoutes);",2026-05-25T00:00:00Z,rate_limits_chunk_01
44,server/src/index.ts,645,"app.use('/api/calendar'  apiLimiter  calendarRoutes);",RATE_LIMITED_INLINE,server/src/index.ts:645,"app.use('/api/calendar'; apiLimiter; calendarRoutes);",2026-05-25T00:00:00Z,rate_limits_chunk_01
45,server/src/index.ts,646,"app.use('/api/maturity'  apiLimiter  maturityRoutes);",RATE_LIMITED_INLINE,server/src/index.ts:646,"app.use('/api/maturity'; apiLimiter; maturityRoutes);",2026-05-25T00:00:00Z,rate_limits_chunk_01
46,server/src/index.ts,647,"app.use('/api/bia'  apiLimiter  biaRoutes);",RATE_LIMITED_INLINE,server/src/index.ts:647,"app.use('/api/bia'; apiLimiter; biaRoutes);",2026-05-25T00:00:00Z,rate_limits_chunk_01
47,server/src/index.ts,648,"app.use('/api/exceptions'  apiLimiter  exceptionRoutes);",RATE_LIMITED_INLINE,server/src/index.ts:648,"app.use('/api/exceptions'; apiLimiter; exceptionRoutes);",2026-05-25T00:00:00Z,rate_limits_chunk_01
48,server/src/index.ts,649,"app.use('/api/certifications'  apiLimiter  certificationRoutes);",RATE_LIMITED_INLINE,server/src/index.ts:649,"app.use('/api/certifications'; apiLimiter; certificationRoutes);",2026-05-25T00:00:00Z,rate_limits_chunk_01
49,server/src/index.ts,650,"app.use('/api/costs'  apiLimiter  costRoutes);",RATE_LIMITED_INLINE,server/src/index.ts:650,"app.use('/api/costs'; apiLimiter; costRoutes);",2026-05-25T00:00:00Z,rate_limits_chunk_01
50,server/src/index.ts,651,"app.use('/api/executive'  apiLimiter  executiveRoutes);",RATE_LIMITED_INLINE,server/src/index.ts:651,"app.use('/api/executive'; apiLimiter; executiveRoutes);",2026-05-25T00:00:00Z,rate_limits_chunk_01
51,server/src/index.ts,652,"app.use('/api/control-effectiveness'  apiLimiter  controlEffectivenessRoutes);",RATE_LIMITED_INLINE,server/src/index.ts:640-690,"app.use('/api/control-effectiveness'; apiLimiter; controlEffectivenessRoutes);",2026-05-25T00:00:00Z,rate_limits_chunk_02
52,server/src/index.ts,653,"app.use('/api/regulatory-changes'  apiLimiter  regulatoryChangeRoutes);",RATE_LIMITED_INLINE,server/src/index.ts:640-690,"app.use('/api/regulatory-changes'; apiLimiter; regulatoryChangeRoutes);",2026-05-25T00:00:00Z,rate_limits_chunk_02
53,server/src/index.ts,654,"app.use('/api/evidence-collection'  apiLimiter  evidenceCollectionRoutes);",RATE_LIMITED_INLINE,server/src/index.ts:640-690,"app.use('/api/evidence-collection'; apiLimiter; evidenceCollectionRoutes);",2026-05-25T00:00:00Z,rate_limits_chunk_02
54,server/src/index.ts,655,"app.use('/api/audit-prep'  apiLimiter  auditPrepRoutes);",RATE_LIMITED_INLINE,server/src/index.ts:640-690,"app.use('/api/audit-prep'; apiLimiter; auditPrepRoutes);",2026-05-25T00:00:00Z,rate_limits_chunk_02
55,server/src/index.ts,657,"app.use('/api/vendor-monitoring'  apiLimiter  vendorMonitoringRoutes);",RATE_LIMITED_INLINE,server/src/index.ts:640-690,"app.use('/api/vendor-monitoring'; apiLimiter; vendorMonitoringRoutes);",2026-05-25T00:00:00Z,rate_limits_chunk_02
56,server/src/index.ts,658,"app.use('/api/cicd-gates'  apiLimiter  cicdGateRoutes);",RATE_LIMITED_INLINE,server/src/index.ts:640-690,"app.use('/api/cicd-gates'; apiLimiter; cicdGateRoutes);",2026-05-25T00:00:00Z,rate_limits_chunk_02
57,server/src/index.ts,659,"app.use('/api/sso'  ssoLimiter  ssoRoutes); // Generous rate limiter for SSO callbacks",RATE_LIMITED_INLINE,server/src/index.ts:640-690,"app.use('/api/sso'; ssoLimiter; ssoRoutes); // Generous rate limiter for SSO callbacks",2026-05-25T00:00:00Z,rate_limits_chunk_02
58,server/src/index.ts,660,"app.use('/api/scim'  scimLimiter  scimRoutes); // Generous rate limiter for SCIM provisioning",RATE_LIMITED_INLINE,server/src/index.ts:640-690,"app.use('/api/scim'; scimLimiter; scimRoutes); // Generous rate limiter for SCIM provisioning",2026-05-25T00:00:00Z,rate_limits_chunk_02
59,server/src/index.ts,661,"app.use('/api/roles'  apiLimiter  roleRoutes);",RATE_LIMITED_INLINE,server/src/index.ts:640-690,"app.use('/api/roles'; apiLimiter; roleRoutes);",2026-05-25T00:00:00Z,rate_limits_chunk_02
60,server/src/index.ts,662,"app.use('/api/branding'  apiLimiter  brandingRoutes);",RATE_LIMITED_INLINE,server/src/index.ts:640-690,"app.use('/api/branding'; apiLimiter; brandingRoutes);",2026-05-25T00:00:00Z,rate_limits_chunk_02
61,server/src/index.ts,663,"app.use('/api/search'  apiLimiter  searchRoutes);",RATE_LIMITED_INLINE,server/src/index.ts:640-690,"app.use('/api/search'; apiLimiter; searchRoutes);",2026-05-25T00:00:00Z,rate_limits_chunk_02
62,server/src/index.ts,664,"app.use('/api/notifications'  apiLimiter  notificationRoutes);",RATE_LIMITED_INLINE,server/src/index.ts:640-690,"app.use('/api/notifications'; apiLimiter; notificationRoutes);",2026-05-25T00:00:00Z,rate_limits_chunk_02
63,server/src/index.ts,665,"app.use('/api/dashboards'  apiLimiter  dashboardRoutes);",RATE_LIMITED_INLINE,server/src/index.ts:640-690,"app.use('/api/dashboards'; apiLimiter; dashboardRoutes);",2026-05-25T00:00:00Z,rate_limits_chunk_02
64,server/src/index.ts,666,"app.use('/api/reports'  apiLimiter  reportRoutes);",RATE_LIMITED_INLINE,server/src/index.ts:640-690,"app.use('/api/reports'; apiLimiter; reportRoutes);",2026-05-25T00:00:00Z,rate_limits_chunk_02
65,server/src/index.ts,667,"app.use('/api/bulk'  apiLimiter  bulkRoutes);",RATE_LIMITED_INLINE,server/src/index.ts:640-690,"app.use('/api/bulk'; apiLimiter; bulkRoutes);",2026-05-25T00:00:00Z,rate_limits_chunk_02
66,server/src/index.ts,668,"app.use('/api/ticketing'  apiLimiter  ticketingRoutes);",RATE_LIMITED_INLINE,server/src/index.ts:640-690,"app.use('/api/ticketing'; apiLimiter; ticketingRoutes);",2026-05-25T00:00:00Z,rate_limits_chunk_02
67,server/src/index.ts,669,"app.use('/api/compliance'  apiLimiter  complianceRoutes);",RATE_LIMITED_INLINE,server/src/index.ts:640-690,"app.use('/api/compliance'; apiLimiter; complianceRoutes);",2026-05-25T00:00:00Z,rate_limits_chunk_02
68,server/src/index.ts,670,"app.use('/api/realtime'  apiLimiter  realTimeComplianceRoutes);",RATE_LIMITED_INLINE,server/src/index.ts:640-690,"app.use('/api/realtime'; apiLimiter; realTimeComplianceRoutes);",2026-05-25T00:00:00Z,rate_limits_chunk_02
69,server/src/index.ts,671,"app.use('/api/iso27001'  apiLimiter  iso27001Routes);",RATE_LIMITED_INLINE,server/src/index.ts:640-690,"app.use('/api/iso27001'; apiLimiter; iso27001Routes);",2026-05-25T00:00:00Z,rate_limits_chunk_02
70,server/src/index.ts,672,"app.use('/api/hipaa'  apiLimiter  hipaaRoutes);",RATE_LIMITED_INLINE,server/src/index.ts:640-690,"app.use('/api/hipaa'; apiLimiter; hipaaRoutes);",2026-05-25T00:00:00Z,rate_limits_chunk_02
71,server/src/index.ts,673,"app.use('/api/pci-dss'  apiLimiter  pciDssRoutes);",RATE_LIMITED_INLINE,server/src/index.ts:640-690,"app.use('/api/pci-dss'; apiLimiter; pciDssRoutes);",2026-05-25T00:00:00Z,rate_limits_chunk_02
72,server/src/index.ts,674,"app.use('/api/soc2'  apiLimiter  soc2Routes);",RATE_LIMITED_INLINE,server/src/index.ts:640-690,"app.use('/api/soc2'; apiLimiter; soc2Routes);",2026-05-25T00:00:00Z,rate_limits_chunk_02
73,server/src/index.ts,675,"app.use('/api/nist-csf'  apiLimiter  nistCsfRoutes);",RATE_LIMITED_INLINE,server/src/index.ts:640-690,"app.use('/api/nist-csf'; apiLimiter; nistCsfRoutes);",2026-05-25T00:00:00Z,rate_limits_chunk_02
74,server/src/index.ts,676,"app.use('/api/nps'  apiLimiter  npsRoutes);",RATE_LIMITED_INLINE,server/src/index.ts:640-690,"app.use('/api/nps'; apiLimiter; npsRoutes);",2026-05-25T00:00:00Z,rate_limits_chunk_02
75,server/src/index.ts,686,"app.use('/api/v1'  apiLimiter  apiVersioningMiddleware()  v1Router);",RATE_LIMITED_INLINE,server/src/index.ts:680-690,"app.use('/api/v1'; apiLimiter; apiVersioningMiddleware(); v1Router);",2026-05-25T00:00:00Z,rate_limits_chunk_02
76,server/src/index.ts,687,"app.use('/api/v2'  apiLimiter  apiVersioningMiddleware()  v2Router);",RATE_LIMITED_INLINE,server/src/index.ts:680-690,"app.use('/api/v2'; apiLimiter; apiVersioningMiddleware(); v2Router);",2026-05-25T00:00:00Z,rate_limits_chunk_02
77,server/src/routes/scim.ts,256,"router.use('/v2/Users'  scimAuthenticate);",INTERNAL_NOT_USER_FACING,server/src/routes/scim.ts:240-280,"router.use('/v2/Users'; scimAuthenticate); // auth middleware attachment on scimRoutes which is mounted with scimLimiter at index.ts:660",2026-05-25T00:00:00Z,rate_limits_chunk_02
78,server/src/routes/scim.ts,257,"router.use('/v2/Groups'  scimAuthenticate);",INTERNAL_NOT_USER_FACING,server/src/routes/scim.ts:240-280,"router.use('/v2/Groups'; scimAuthenticate); // auth middleware attachment on scimRoutes which is mounted with scimLimiter at index.ts:660",2026-05-25T00:00:00Z,rate_limits_chunk_02
