site_number,file,line,call_signature,verdict,auth_method,evidence_quote,severity,verified_at,verified_by
1,server/src/routes/privacy.ts,61,router.get(,UNCLASSIFIED,,,UNCLASSIFIED,,
2,server/src/routes/privacy.ts,174,router.get(,UNCLASSIFIED,,,UNCLASSIFIED,,
3,server/src/routes/privacy.ts,211,router.post(,UNCLASSIFIED,,,UNCLASSIFIED,,
4,server/src/routes/privacy.ts,261,router.get(,UNCLASSIFIED,,,UNCLASSIFIED,,
5,server/src/routes/privacy.ts,285,router.patch(,UNCLASSIFIED,,,UNCLASSIFIED,,
6,server/src/routes/privacy.ts,338,router.post(,UNCLASSIFIED,,,UNCLASSIFIED,,
7,server/src/routes/privacy.ts,383,router.post(,UNCLASSIFIED,,,UNCLASSIFIED,,
8,server/src/routes/privacy.ts,432,router.get(,UNCLASSIFIED,,,UNCLASSIFIED,,
9,server/src/routes/privacy.ts,469,router.post(,UNCLASSIFIED,,,UNCLASSIFIED,,
10,server/src/routes/privacy.ts,508,router.patch(,UNCLASSIFIED,,,UNCLASSIFIED,,
11,server/src/routes/privacy.ts,553,router.get(,UNCLASSIFIED,,,UNCLASSIFIED,,
12,server/src/routes/privacy.ts,599,router.get(,UNCLASSIFIED,,,UNCLASSIFIED,,
13,server/src/routes/privacy.ts,664,router.get(,UNCLASSIFIED,,,UNCLASSIFIED,,
14,server/src/routes/privacy.ts,701,router.put(,UNCLASSIFIED,,,UNCLASSIFIED,,
15,server/src/routes/privacy.ts,756,router.get(,UNCLASSIFIED,,,UNCLASSIFIED,,
16,server/src/routes/privacy.ts,791,router.post(,UNCLASSIFIED,,,UNCLASSIFIED,,
17,server/src/routes/privacy.ts,827,router.patch(,UNCLASSIFIED,,,UNCLASSIFIED,,
18,server/src/routes/privacy.ts,867,router.delete(,UNCLASSIFIED,,,UNCLASSIFIED,,
19,server/src/routes/privacy.ts,891,router.get(,UNCLASSIFIED,,,UNCLASSIFIED,,
20,server/src/routes/privacy.ts,925,router.post(,UNCLASSIFIED,,,UNCLASSIFIED,,
21,server/src/routes/privacy.ts,981,router.get(,UNCLASSIFIED,,,UNCLASSIFIED,,
22,server/src/routes/privacy.ts,1016,router.post(,UNCLASSIFIED,,,UNCLASSIFIED,,
23,server/src/routes/privacy.ts,1054,router.patch(,UNCLASSIFIED,,,UNCLASSIFIED,,
24,server/src/routes/privacy.ts,1092,router.get(,UNCLASSIFIED,,,UNCLASSIFIED,,
25,server/src/routes/privacy.ts,1123,router.post(,UNCLASSIFIED,,,UNCLASSIFIED,,
26,server/src/routes/privacy.ts,1192,router.get(,UNCLASSIFIED,,,UNCLASSIFIED,,
27,server/src/routes/privacy.ts,1222,router.post(,UNCLASSIFIED,,,UNCLASSIFIED,,
28,server/src/routes/privacy.ts,1262,router.patch(,UNCLASSIFIED,,,UNCLASSIFIED,,
29,server/src/routes/privacy.ts,1307,router.get(,UNCLASSIFIED,,,UNCLASSIFIED,,
30,server/src/routes/privacy.ts,1337,router.post(,UNCLASSIFIED,,,UNCLASSIFIED,,
31,server/src/routes/privacy.ts,1376,router.get(,UNCLASSIFIED,,,UNCLASSIFIED,,
32,server/src/routes/privacy.ts,1417,router.post(,UNCLASSIFIED,,,UNCLASSIFIED,,
33,server/src/routes/privacy.ts,1466,router.get(,UNCLASSIFIED,,,UNCLASSIFIED,,
34,server/src/routes/privacy.ts,1526,router.get(,UNCLASSIFIED,,,UNCLASSIFIED,,
35,server/src/routes/privacy.ts,1556,router.post(,UNCLASSIFIED,,,UNCLASSIFIED,,
36,server/src/routes/privacy.ts,1596,router.get(,UNCLASSIFIED,,,UNCLASSIFIED,,
37,server/src/routes/privacy.ts,1618,router.patch(,UNCLASSIFIED,,,UNCLASSIFIED,,
38,server/src/routes/privacy.ts,1669,router.post(,UNCLASSIFIED,,,UNCLASSIFIED,,
39,server/src/routes/privacy.ts,1712,router.post(,UNCLASSIFIED,,,UNCLASSIFIED,,
40,server/src/routes/privacy.ts,1756,router.get(,UNCLASSIFIED,,,UNCLASSIFIED,,
41,server/src/routes/privacy.ts,1786,router.post(,UNCLASSIFIED,,,UNCLASSIFIED,,
42,server/src/routes/privacy.ts,1817,router.patch(,UNCLASSIFIED,,,UNCLASSIFIED,,
43,server/src/routes/privacy.ts,1854,router.post(,UNCLASSIFIED,,,UNCLASSIFIED,,
44,server/src/routes/privacy.ts,1893,router.get(,UNCLASSIFIED,,,UNCLASSIFIED,,
45,server/src/routes/privacy.ts,1922,router.post(,UNCLASSIFIED,,,UNCLASSIFIED,,
46,server/src/routes/privacy.ts,1960,router.patch(,UNCLASSIFIED,,,UNCLASSIFIED,,
47,server/src/routes/privacy.ts,1999,router.post(,UNCLASSIFIED,,,UNCLASSIFIED,,
48,server/src/routes/privacy.ts,2035,router.get(,UNCLASSIFIED,,,UNCLASSIFIED,,
49,server/src/routes/privacy.ts,2065,router.post(,UNCLASSIFIED,,,UNCLASSIFIED,,
50,server/src/routes/privacy.ts,2107,router.patch(,UNCLASSIFIED,,,UNCLASSIFIED,,
51,server/src/routes/privacy.ts,2143,router.post(,UNCLASSIFIED,,,UNCLASSIFIED,,
52,server/src/routes/privacy.ts,2170,router.post(,UNCLASSIFIED,,,UNCLASSIFIED,,
53,server/src/routes/privacy.ts,2197,router.post(,UNCLASSIFIED,,,UNCLASSIFIED,,
54,server/src/routes/privacy.ts,2229,router.get('/notices'; asyncHandler(async (req: Request; res: Response) => {,UNCLASSIFIED,,,UNCLASSIFIED,,
55,server/src/routes/privacy.ts,2248,router.post('/notices'; asyncHandler(async (req: Request; res: Response) => {,UNCLASSIFIED,,,UNCLASSIFIED,,
56,server/src/routes/privacy.ts,2258,router.get('/notices/:id'; asyncHandler(async (req: Request; res: Response) => {,UNCLASSIFIED,,,UNCLASSIFIED,,
57,server/src/routes/privacy.ts,2268,router.patch('/notices/:id'; asyncHandler(async (req: Request; res: Response) => {,UNCLASSIFIED,,,UNCLASSIFIED,,
58,server/src/routes/privacy.ts,2282,router.delete('/notices/:id'; asyncHandler(async (req: Request; res: Response) => {,UNCLASSIFIED,,,UNCLASSIFIED,,
59,server/src/routes/privacy.ts,2293,router.post('/notices/:id/impression'; asyncHandler(async (req: Request; res: Response) => {,UNCLASSIFIED,,,UNCLASSIFIED,,
60,server/src/routes/privacy.ts,2307,router.post('/notices/:id/accept'; asyncHandler(async (req: Request; res: Response) => {,UNCLASSIFIED,,,UNCLASSIFIED,,
61,server/src/routes/privacy.ts,2321,router.post('/notices/:id/dismiss'; asyncHandler(async (req: Request; res: Response) => {,UNCLASSIFIED,,,UNCLASSIFIED,,
62,server/src/routes/privacy.ts,2335,router.get('/notices/by-context/:context'; asyncHandler(async (req: Request; res: Response) => {,UNCLASSIFIED,,,UNCLASSIFIED,,
63,server/src/routes/privacy.ts,2353,router.get('/child-consent/config'; asyncHandler(async (req: Request; res: Response) => {,UNCLASSIFIED,,,UNCLASSIFIED,,
64,server/src/routes/privacy.ts,2380,router.post('/child-consent/verify-age'; asyncHandler(async (req: Request; res: Response) => {,UNCLASSIFIED,,,UNCLASSIFIED,,
65,server/src/routes/privacy.ts,2434,router.post('/child-consent/parental-consent'; asyncHandler(async (req: Request; res: Response) => {,UNCLASSIFIED,,,UNCLASSIFIED,,
66,server/src/routes/privacy.ts,2463,router.get('/child-consent/pending'; asyncHandler(async (req: Request; res: Response) => {,UNCLASSIFIED,,,UNCLASSIFIED,,
67,server/src/routes/status.ts,20,router.get(,UNCLASSIFIED,,,UNCLASSIFIED,,
68,server/src/routes/status.ts,62,router.get(,UNCLASSIFIED,,,UNCLASSIFIED,,
69,server/src/routes/acos.ts,65,router.post('/goals'; ...requireAcosFeature('acosGoals'); authorize('admin'; 'editor'); validateBody(createGoalSchema); asyncHandler(acosController.createGoal));,UNCLASSIFIED,,,UNCLASSIFIED,,
70,server/src/routes/acos.ts,66,router.get('/goals'; ...requireAcosFeature('acosGoals'); asyncHandler(acosController.getGoals));,UNCLASSIFIED,,,UNCLASSIFIED,,
71,server/src/routes/acos.ts,67,router.get('/goals/:goalId'; ...requireAcosFeature('acosGoals'); asyncHandler(acosController.getGoal));,UNCLASSIFIED,,,UNCLASSIFIED,,
72,server/src/routes/acos.ts,68,router.patch('/goals/:goalId'; ...requireAcosFeature('acosGoals'); authorize('admin'; 'editor'); validateBody(updateGoalSchema); asyncHandler(acosController.updateGoal));,UNCLASSIFIED,,,UNCLASSIFIED,,
73,server/src/routes/acos.ts,69,router.delete('/goals/:goalId'; ...requireAcosFeature('acosGoals'); authorize('admin'; 'editor'); asyncHandler(acosController.deleteGoal));,UNCLASSIFIED,,,UNCLASSIFIED,,
74,server/src/routes/acos.ts,70,router.post('/goals/:goalId/restore'; ...requireAcosFeature('acosGoals'); authorize('admin'; 'editor'); asyncHandler(acosController.restoreGoal));,UNCLASSIFIED,,,UNCLASSIFIED,,
75,server/src/routes/acos.ts,73,router.post('/control-loops'; ...requireAcosFeature('acosControlLoops'); authorize('admin'; 'editor'); validateBody(createControlLoopSchema); asyncHandler(acosController.createControlLoop));,UNCLASSIFIED,,,UNCLASSIFIED,,
76,server/src/routes/acos.ts,74,router.get('/control-loops/:loopId'; ...requireAcosFeature('acosControlLoops'); asyncHandler(acosController.getControlLoop));,UNCLASSIFIED,,,UNCLASSIFIED,,
77,server/src/routes/acos.ts,75,router.get('/control-loops/:loopId/history'; ...requireAcosFeature('acosControlLoops'); asyncHandler(acosController.getControlLoopHistory));,UNCLASSIFIED,,,UNCLASSIFIED,,
78,server/src/routes/acos.ts,76,router.post('/control-loops/:loopId/execute'; ...requireAcosFeature('acosControlLoops'); authorize('admin'; 'editor'); asyncHandler(acosController.executeControlLoop));,UNCLASSIFIED,,,UNCLASSIFIED,,
79,server/src/routes/acos.ts,77,router.post('/control-loops/:loopId/pause'; ...requireAcosFeature('acosControlLoops'); authorize('admin'; 'editor'); asyncHandler(acosController.pauseControlLoop));,UNCLASSIFIED,,,UNCLASSIFIED,,
80,server/src/routes/acos.ts,78,router.post('/control-loops/:loopId/resume'; ...requireAcosFeature('acosControlLoops'); authorize('admin'; 'editor'); asyncHandler(acosController.resumeControlLoop));,UNCLASSIFIED,,,UNCLASSIFIED,,
81,server/src/routes/acos.ts,79,router.patch('/control-loops/:loopId'; ...requireAcosFeature('acosControlLoops'); authorize('admin'; 'editor'); validateBody(updateControlLoopSchema); asyncHandler(acosController.updateControlLoop));,UNCLASSIFIED,,,UNCLASSIFIED,,
82,server/src/routes/acos.ts,80,router.delete('/control-loops/:loopId'; ...requireAcosFeature('acosControlLoops'); authorize('admin'; 'editor'); asyncHandler(acosController.deleteControlLoop));,UNCLASSIFIED,,,UNCLASSIFIED,,
83,server/src/routes/acos.ts,83,router.post('/agentic/estimate-blast-radius'; ...requireAcosFeature('acosAgenticActions'); authorize('admin'; 'editor'); validateBody(estimateBlastRadiusSchema); asyncHandler(acosController.estimateBlastRadius));,UNCLASSIFIED,,,UNCLASSIFIED,,
84,server/src/routes/acos.ts,84,router.post('/agentic/execute-action'; ...requireAcosFeature('acosAgenticActions'); authorize('admin'; 'editor'); validateBody(executeActionSchema); asyncHandler(acosController.executeAction));,UNCLASSIFIED,,,UNCLASSIFIED,,
85,server/src/routes/acos.ts,85,router.post('/agentic/rollback/:actionId'; ...requireAcosFeature('acosAgenticActions'); authorize('admin'); asyncHandler(acosController.rollbackAction));,UNCLASSIFIED,,,UNCLASSIFIED,,
86,server/src/routes/acos.ts,86,router.post('/agentic/rollback-multiple'; ...requireAcosFeature('acosAgenticActions'); authorize('admin'); validateBody(rollbackMultipleSchema); asyncHandler(acosController.rollbackMultipleActions));,UNCLASSIFIED,,,UNCLASSIFIED,,
87,server/src/routes/acos.ts,90,router.get('/evidence/anchor-sla'; ...requireAcosFeature('acosEvidenceTruth'); authorize('admin'); asyncHandler(acosController.getAnchorSLA));,UNCLASSIFIED,,,UNCLASSIFIED,,
88,server/src/routes/acos.ts,92,router.post('/evidence/bulk-analyze'; ...requireAcosFeature('acosEvidenceTruth'); authorize('admin'; 'editor'); validateBody(bulkAnalyzeEvidenceSchema); asyncHandler(acosController.bulkAnalyzeEvidence));,UNCLASSIFIED,,,UNCLASSIFIED,,
89,server/src/routes/acos.ts,93,router.post('/evidence/verify-hash'; ...requireAcosFeature('acosEvidenceTruth'); upload.single('file'); validateMultipartBody(verifyFileHashSchema); asyncHandler(acosController.verifyFileHash));,UNCLASSIFIED,,,UNCLASSIFIED,,
90,server/src/routes/acos.ts,94,router.post('/evidence/sign'; ...requireAcosFeature('acosEvidenceTruth'); upload.single('file'); authorize('admin'; 'editor'); asyncHandler(acosController.signEvidence));,UNCLASSIFIED,,,UNCLASSIFIED,,
91,server/src/routes/acos.ts,95,router.post('/evidence/verify-signature'; ...requireAcosFeature('acosEvidenceTruth'); upload.single('file'); validateMultipartBody(verifyEvidenceSignatureSchema); asyncHandler(acosController.verifyEvidenceSignature));,UNCLASSIFIED,,,UNCLASSIFIED,,
92,server/src/routes/acos.ts,96,router.post('/evidence/timestamp'; ...requireAcosFeature('acosEvidenceTruth'); upload.single('file'); authorize('admin'; 'editor'); asyncHandler(acosController.timestampEvidence));,UNCLASSIFIED,,,UNCLASSIFIED,,
93,server/src/routes/acos.ts,97,router.post('/evidence/chain-of-custody'; ...requireAcosFeature('acosEvidenceTruth'); authorize('admin'; 'editor'); validateBody(chainOfCustodySchema); asyncHandler(acosController.createChainOfCustody));,UNCLASSIFIED,,,UNCLASSIFIED,,
94,server/src/routes/acos.ts,98,router.post('/evidence/multi-party-attestation'; ...requireAcosFeature('acosEvidenceTruth'); upload.single('file'); authorize('admin'; 'editor'); validateMultipartBody(multiPartyAttestationSchema; { jsonFields: ['parties'] }); asyncHandler(acosController.createMultiPartyAttestation));,UNCLASSIFIED,,,UNCLASSIFIED,,
95,server/src/routes/acos.ts,100,router.post('/evidence/:evidenceId/analyze'; ...requireAcosFeature('acosEvidenceTruth'); validateParams(evidenceIdParamSchema); upload.single('file'); asyncHandler(acosController.analyzeEvidence));,UNCLASSIFIED,,,UNCLASSIFIED,,
96,server/src/routes/acos.ts,101,router.get('/evidence/:evidenceId/analysis'; ...requireAcosFeature('acosEvidenceTruth'); validateParams(evidenceIdParamSchema); asyncHandler(acosController.getEvidenceAnalysis));,UNCLASSIFIED,,,UNCLASSIFIED,,
97,server/src/routes/acos.ts,102,router.post('/evidence/:evidenceId/reanalyze'; ...requireAcosFeature('acosEvidenceTruth'); validateParams(evidenceIdParamSchema); upload.single('file'); authorize('admin'; 'editor'); asyncHandler(acosController.reanalyzeEvidence));,UNCLASSIFIED,,,UNCLASSIFIED,,
98,server/src/routes/acos.ts,103,router.get('/evidence/:evidenceId/analysis/history'; ...requireAcosFeature('acosEvidenceTruth'); validateParams(evidenceIdParamSchema); asyncHandler(acosController.getAnalysisHistory));,UNCLASSIFIED,,,UNCLASSIFIED,,
99,server/src/routes/acos.ts,104,router.get('/evidence/:evidenceId/analysis/export'; ...requireAcosFeature('acosEvidenceTruth'); validateParams(evidenceIdParamSchema); asyncHandler(acosController.exportAnalysisReport));,UNCLASSIFIED,,,UNCLASSIFIED,,
100,server/src/routes/acos.ts,106,router.post('/evidence/:evidenceId/analyze-and-anchor'; ...requireAcosFeature('acosEvidenceTruth'); validateParams(evidenceIdParamSchema); authorize('admin'; 'editor'); upload.single('file'); validateMultipartBody(analyzeAndAnchorSchema); asyncHandler(acosController.analyzeAndAnchor));,UNCLASSIFIED,,,UNCLASSIFIED,,
101,server/src/routes/acos.ts,107,router.post('/evidence/:evidenceId/verify-integrity'; ...requireAcosFeature('acosEvidenceTruth'); validateParams(evidenceIdParamSchema); upload.single('file'); asyncHandler(acosController.verifyIntegrity));,UNCLASSIFIED,,,UNCLASSIFIED,,
102,server/src/routes/acos.ts,108,router.get('/evidence/:evidenceId/provenance'; ...requireAcosFeature('acosEvidenceTruth'); validateParams(evidenceIdParamSchema); asyncHandler(acosController.getProvenance));,UNCLASSIFIED,,,UNCLASSIFIED,,
103,server/src/routes/acos.ts,111,router.post('/rif/ingest-regulation'; ...requireAcosFeature('acosRegulatoryIntelligence'); authorize('admin'); upload.single('file'); asyncHandler(acosController.ingestRegulation));,UNCLASSIFIED,,,UNCLASSIFIED,,
104,server/src/routes/acos.ts,112,router.post('/rif/detect-changes'; authorize('admin'); asyncHandler(acosController.detectRegulatoryChanges));,UNCLASSIFIED,,,UNCLASSIFIED,,
105,server/src/routes/acos.ts,113,router.post('/rif/:regulatoryChangeId/auto-update'; authorize('admin'); asyncHandler(acosController.autoUpdateControls));,UNCLASSIFIED,,,UNCLASSIFIED,,
106,server/src/routes/acos.ts,114,router.post('/rif/auto-update/rollback'; authorize('admin'); asyncHandler(acosController.rollbackAutoUpdate));,UNCLASSIFIED,,,UNCLASSIFIED,,
107,server/src/routes/acos.ts,115,router.post('/rif/auto-update/batch'; authorize('admin'); asyncHandler(acosController.batchAutoUpdate));,UNCLASSIFIED,,,UNCLASSIFIED,,
108,server/src/routes/acos.ts,116,router.post('/rif/conflicts/bulk-analysis'; authorize('admin'); asyncHandler(acosController.bulkConflictAnalysis));,UNCLASSIFIED,,,UNCLASSIFIED,,
109,server/src/routes/acos.ts,117,router.get('/rif/conflicts/history'; asyncHandler(acosController.getConflictHistory));,UNCLASSIFIED,,,UNCLASSIFIED,,
110,server/src/routes/acos.ts,118,router.post('/rif/conflicts/:conflictId/resolve'; authorize('admin'); validateBody(resolveConflictSchema); asyncHandler(acosController.resolveConflict));,UNCLASSIFIED,,,UNCLASSIFIED,,
111,server/src/routes/acos.ts,119,router.post('/rif/feeds'; authorize('admin'); validateBody(addFeedSchema); asyncHandler(acosController.addFeed));,UNCLASSIFIED,,,UNCLASSIFIED,,
112,server/src/routes/acos.ts,120,router.delete('/rif/feeds/:feedId'; authorize('admin'); asyncHandler(acosController.removeFeed));,UNCLASSIFIED,,,UNCLASSIFIED,,
113,server/src/routes/acos.ts,121,router.get('/rif/feeds/dashboard'; asyncHandler(acosController.getFeedStatusDashboard));,UNCLASSIFIED,,,UNCLASSIFIED,,
114,server/src/routes/acos.ts,124,router.get('/tgn/frameworks/:frameworkId/trajectory'; ...requireAcosFeature('acosTemporalGraphs'); asyncHandler(acosController.predictComplianceTrajectory));,UNCLASSIFIED,,,UNCLASSIFIED,,
115,server/src/routes/acos.ts,125,router.get('/tgn/early-warnings'; ...requireAcosFeature('acosTemporalGraphs'); asyncHandler(acosController.getEarlyWarnings));,UNCLASSIFIED,,,UNCLASSIFIED,,
116,server/src/routes/acos.ts,128,router.get('/tgn/predict-risks'; ...requireAcosFeature('acosRiskPrediction'); asyncHandler(acosController.predictFutureRisks));,UNCLASSIFIED,,,UNCLASSIFIED,,
117,server/src/routes/acos.ts,129,router.post('/tgn/refresh-risk-predictions'; ...requireAcosFeature('acosRiskPrediction'); asyncHandler(acosController.refreshRiskPredictions));,UNCLASSIFIED,,,UNCLASSIFIED,,
118,server/src/routes/acos.ts,132,router.post('/digital-twin/simulate'; ...requireAcosFeature('acosDigitalTwin'); authorize('admin'; 'editor'); validateBody(runSimulationSchema); asyncHandler(acosController.runSimulation));,UNCLASSIFIED,,,UNCLASSIFIED,,
119,server/src/routes/acos.ts,133,router.post('/digital-twin/simulate/with-constraints'; authorize('admin'; 'editor'); validateBody(runSimulationSchema); asyncHandler(acosController.runSimulationWithConstraints));,UNCLASSIFIED,,,UNCLASSIFIED,,
120,server/src/routes/acos.ts,134,router.post('/digital-twin/compare-scenarios'; authorize('admin'; 'editor'); validateBody(compareScenariosSchema); asyncHandler(acosController.compareScenarios));,UNCLASSIFIED,,,UNCLASSIFIED,,
121,server/src/routes/acos.ts,135,router.post('/digital-twin/simulations/:scenarioId/save-state'; authorize('admin'; 'editor'); asyncHandler(acosController.saveSimulationState));,UNCLASSIFIED,,,UNCLASSIFIED,,
122,server/src/routes/acos.ts,136,router.get('/digital-twin/simulations/:scenarioId/load-state'; asyncHandler(acosController.loadSimulationState));,UNCLASSIFIED,,,UNCLASSIFIED,,
123,server/src/routes/acos.ts,137,router.post('/digital-twin/simulations/:scenarioId/rollback'; authorize('admin'; 'editor'); asyncHandler(acosController.rollbackSimulation));,UNCLASSIFIED,,,UNCLASSIFIED,,
124,server/src/routes/acos.ts,138,router.post('/digital-twin/monte-carlo'; authorize('admin'; 'editor'); validateBody(runMonteCarloSchema); asyncHandler(acosController.runMonteCarlo));,UNCLASSIFIED,,,UNCLASSIFIED,,
125,server/src/routes/acos.ts,141,router.post('/red-team/simulate'; ...requireAcosFeature('acosRedTeam'); authorize('admin'); validateBody(runRedTeamSimulationSchema); asyncHandler(acosController.runRedTeamSimulation));,UNCLASSIFIED,,,UNCLASSIFIED,,
126,server/src/routes/acos.ts,142,router.post('/red-team/automated-scan'; authorize('admin'); validateBody(runAutomatedScanSchema); asyncHandler(acosController.runAutomatedScan));,UNCLASSIFIED,,,UNCLASSIFIED,,
127,server/src/routes/acos.ts,143,router.get('/red-team/compliance-gaps'; authorize('admin'); asyncHandler(acosController.scanForComplianceGaps));,UNCLASSIFIED,,,UNCLASSIFIED,,
128,server/src/routes/acos.ts,144,router.get('/red-team/misconfigurations'; authorize('admin'); asyncHandler(acosController.scanForMisconfigurations));,UNCLASSIFIED,,,UNCLASSIFIED,,
129,server/src/routes/acos.ts,145,router.get('/red-team/policy-violations'; authorize('admin'); asyncHandler(acosController.scanForPolicyViolations));,UNCLASSIFIED,,,UNCLASSIFIED,,
130,server/src/routes/acos.ts,146,router.post('/red-team/schedule'; authorize('admin'); validateBody(scheduleScanSchema); asyncHandler(acosController.scheduleScan));,UNCLASSIFIED,,,UNCLASSIFIED,,
131,server/src/routes/acos.ts,147,router.post('/red-team/export-results'; authorize('admin'); asyncHandler(acosController.exportScanResults));,UNCLASSIFIED,,,UNCLASSIFIED,,
132,server/src/routes/acos.ts,148,router.post('/red-team/compare-results'; authorize('admin'); validateBody(compareScanResultsSchema); asyncHandler(acosController.compareScanResults));,UNCLASSIFIED,,,UNCLASSIFIED,,
133,server/src/routes/acos.ts,149,router.post('/red-team/mark-false-positive'; authorize('admin'); validateBody(markFalsePositiveSchema); asyncHandler(acosController.markFalsePositive));,UNCLASSIFIED,,,UNCLASSIFIED,,
134,server/src/routes/acos.ts,152,router.post('/swarm/join'; ...requireAcosFeature('acosFederatedLearning'); authorize('admin'); validateBody(joinFederationSchema); asyncHandler(acosController.joinFederation));,UNCLASSIFIED,,,UNCLASSIFIED,,
135,server/src/routes/acos.ts,153,router.post('/swarm/leave'; authorize('admin'); asyncHandler(acosController.leaveFederation));,UNCLASSIFIED,,,UNCLASSIFIED,,
136,server/src/routes/acos.ts,154,router.post('/swarm/contribute'; authorize('admin'); validateBody(contributeToFederationSchema); asyncHandler(acosController.contributeToFederation));,UNCLASSIFIED,,,UNCLASSIFIED,,
137,server/src/routes/acos.ts,155,router.get('/swarm/receive-model'; asyncHandler(acosController.receiveFederatedModel));,UNCLASSIFIED,,,UNCLASSIFIED,,
138,server/src/routes/acos.ts,156,router.post('/swarm/recover'; authorize('admin'); asyncHandler(acosController.recoverFederation));,UNCLASSIFIED,,,UNCLASSIFIED,,
139,server/src/routes/acos.ts,157,router.get('/swarm/insights'; asyncHandler(acosController.getSwarmInsights));,UNCLASSIFIED,,,UNCLASSIFIED,,
140,server/src/routes/acos.ts,158,router.get('/swarm/insights/industry'; asyncHandler(acosController.getIndustryInsights));,UNCLASSIFIED,,,UNCLASSIFIED,,
141,server/src/routes/acos.ts,159,router.get('/swarm/insights/sector'; asyncHandler(acosController.getSectorInsights));,UNCLASSIFIED,,,UNCLASSIFIED,,
142,server/src/routes/acos.ts,160,router.get('/swarm/insights/frameworks/:frameworkId'; asyncHandler(acosController.getFrameworkInsights));,UNCLASSIFIED,,,UNCLASSIFIED,,
143,server/src/routes/acos.ts,161,router.get('/swarm/benchmark'; asyncHandler(acosController.benchmarkAgainstPeers));,UNCLASSIFIED,,,UNCLASSIFIED,,
144,server/src/routes/acos.ts,162,router.get('/swarm/trends'; asyncHandler(acosController.identifyTrends));,UNCLASSIFIED,,,UNCLASSIFIED,,
145,server/src/routes/acos.ts,163,router.post('/swarm/insights/export'; asyncHandler(acosController.exportInsights));,UNCLASSIFIED,,,UNCLASSIFIED,,
146,server/src/routes/acos.ts,164,router.post('/swarm/model/rollback'; authorize('admin'); asyncHandler(acosController.rollbackModel));,UNCLASSIFIED,,,UNCLASSIFIED,,
147,server/src/routes/acos.ts,165,router.post('/swarm/model/distribute'; authorize('admin'); asyncHandler(acosController.distributeModel));,UNCLASSIFIED,,,UNCLASSIFIED,,
148,server/src/routes/acos.ts,166,router.get('/swarm/model/audit-trail'; asyncHandler(acosController.getModelAuditTrail));,UNCLASSIFIED,,,UNCLASSIFIED,,
149,server/src/routes/acos.ts,169,router.post('/multimodal/transcribe-audio'; ...requireAcosFeature('acosMultiModal'); upload.single('audio'); asyncHandler(acosController.transcribeAudio));,UNCLASSIFIED,,,UNCLASSIFIED,,
150,server/src/routes/acos.ts,170,router.post('/multimodal/analyze-video'; ...requireAcosFeature('acosMultiModal'); upload.single('video'); asyncHandler(acosController.analyzeVideo));,UNCLASSIFIED,,,UNCLASSIFIED,,
151,server/src/routes/acos.ts,173,router.post('/physical-ai/register-device'; ...requireVisionaryFeature('acosPhysicalAi'); authorize('admin'); validateBody(registerDeviceSchema); asyncHandler(acosController.registerDevice));,UNCLASSIFIED,,,UNCLASSIFIED,,
152,server/src/routes/acos.ts,174,router.post('/physical-ai/bulk-register'; authorize('admin'); validateBody(bulkRegisterDevicesSchema); asyncHandler(acosController.bulkRegisterDevices));,UNCLASSIFIED,,,UNCLASSIFIED,,
153,server/src/routes/acos.ts,175,router.delete('/physical-ai/devices/:deviceId'; authorize('admin'); asyncHandler(acosController.deregisterDevice));,UNCLASSIFIED,,,UNCLASSIFIED,,
154,server/src/routes/acos.ts,176,router.get('/physical-ai/devices'; asyncHandler(acosController.getDevices));,UNCLASSIFIED,,,UNCLASSIFIED,,
155,server/src/routes/acos.ts,177,router.post('/physical-ai/devices/:deviceId/compliance-check'; authorize('admin'); asyncHandler(acosController.performEdgeComplianceCheck));,UNCLASSIFIED,,,UNCLASSIFIED,,
156,server/src/routes/acos.ts,178,router.get('/physical-ai/devices/:deviceId/heartbeat'; asyncHandler(acosController.monitorDeviceHeartbeat));,UNCLASSIFIED,,,UNCLASSIFIED,,
157,server/src/routes/acos.ts,179,router.get('/physical-ai/devices/offline'; asyncHandler(acosController.detectOfflineDevices));,UNCLASSIFIED,,,UNCLASSIFIED,,
158,server/src/routes/acos.ts,180,router.get('/physical-ai/devices/:deviceId/battery'; asyncHandler(acosController.monitorBatteryLevel));,UNCLASSIFIED,,,UNCLASSIFIED,,
159,server/src/routes/acos.ts,181,router.get('/physical-ai/devices/:deviceId/connectivity'; asyncHandler(acosController.monitorConnectivity));,UNCLASSIFIED,,,UNCLASSIFIED,,
160,server/src/routes/acos.ts,182,router.get('/physical-ai/devices/:deviceId/firmware'; asyncHandler(acosController.trackFirmwareVersion));,UNCLASSIFIED,,,UNCLASSIFIED,,
161,server/src/routes/acos.ts,183,router.get('/physical-ai/health/dashboard'; asyncHandler(acosController.getHealthDashboard));,UNCLASSIFIED,,,UNCLASSIFIED,,
162,server/src/routes/acos.ts,184,router.get('/physical-ai/devices/:deviceId/health/history'; asyncHandler(acosController.getHealthHistory));,UNCLASSIFIED,,,UNCLASSIFIED,,
163,server/src/routes/acos.ts,185,router.get('/physical-ai/devices/:deviceId/predictive-maintenance'; asyncHandler(acosController.performPredictiveMaintenance));,UNCLASSIFIED,,,UNCLASSIFIED,,
164,server/src/routes/acos.ts,186,router.get('/physical-ai/health/bulk-check'; asyncHandler(acosController.bulkHealthCheck));,UNCLASSIFIED,,,UNCLASSIFIED,,
165,server/src/routes/acos.ts,189,router.post('/vr/sessions'; ...requireVisionaryFeature('acosVrTraining'); authorize('admin'; 'editor'); validateBody(createVRSessionSchema); asyncHandler(acosController.createVRSession));,UNCLASSIFIED,,,UNCLASSIFIED,,
166,server/src/routes/acos.ts,190,router.get('/vr/sessions'; asyncHandler(acosController.getActiveVRSessions));,UNCLASSIFIED,,,UNCLASSIFIED,,
167,server/src/routes/acos.ts,191,router.get('/vr/sessions/:sessionId'; asyncHandler(acosController.getVRSessionDetails));,UNCLASSIFIED,,,UNCLASSIFIED,,
168,server/src/routes/acos.ts,192,router.get('/vr/sessions/:sessionId/health'; asyncHandler(acosController.checkVRSessionHealth));,UNCLASSIFIED,,,UNCLASSIFIED,,
169,server/src/routes/acos.ts,193,router.post('/vr/sessions/:sessionId/join'; asyncHandler(acosController.joinVRSession));,UNCLASSIFIED,,,UNCLASSIFIED,,
170,server/src/routes/acos.ts,194,router.post('/vr/sessions/:sessionId/leave'; asyncHandler(acosController.leaveVRSession));,UNCLASSIFIED,,,UNCLASSIFIED,,
171,server/src/routes/acos.ts,195,router.post('/vr/sessions/:sessionId/start'; authorize('admin'; 'editor'); asyncHandler(acosController.startVRSession));,UNCLASSIFIED,,,UNCLASSIFIED,,
172,server/src/routes/acos.ts,196,router.post('/vr/sessions/:sessionId/end'; authorize('admin'; 'editor'); asyncHandler(acosController.endVRSession));,UNCLASSIFIED,,,UNCLASSIFIED,,
173,server/src/routes/acos.ts,197,router.post('/vr/sessions/:sessionId/annotations'; validateBody(vrAnnotationSchema); asyncHandler(acosController.addVRAnnotation));,UNCLASSIFIED,,,UNCLASSIFIED,,
174,server/src/routes/acos.ts,198,router.post('/vr/sessions/:sessionId/annotations/voice'; asyncHandler(acosController.addVRVoiceAnnotation));,UNCLASSIFIED,,,UNCLASSIFIED,,
175,server/src/routes/acos.ts,199,router.put('/vr/sessions/:sessionId/annotations/:annotationId'; validateBody(vrAnnotationSchema); asyncHandler(acosController.editVRAnnotation));,UNCLASSIFIED,,,UNCLASSIFIED,,
176,server/src/routes/acos.ts,200,router.delete('/vr/sessions/:sessionId/annotations/:annotationId'; asyncHandler(acosController.deleteVRAnnotation));,UNCLASSIFIED,,,UNCLASSIFIED,,
177,server/src/routes/acos.ts,201,router.get('/vr/sessions/:sessionId/annotations/:annotationId/history'; asyncHandler(acosController.getVRAnnotationHistory));,UNCLASSIFIED,,,UNCLASSIFIED,,
178,server/src/routes/acos.ts,202,router.get('/vr/sessions/:sessionId/annotations/export'; asyncHandler(acosController.exportVRAnnotations));,UNCLASSIFIED,,,UNCLASSIFIED,,
179,server/src/routes/acos.ts,203,router.post('/vr/sessions/:sessionId/chat'; validateBody(vrChatMessageSchema); asyncHandler(acosController.sendVRChatMessage));,UNCLASSIFIED,,,UNCLASSIFIED,,
180,server/src/routes/acos.ts,204,router.get('/vr/sessions/:sessionId/chat'; asyncHandler(acosController.getVRChatHistory));,UNCLASSIFIED,,,UNCLASSIFIED,,
181,server/src/routes/acos.ts,205,router.post('/vr/sessions/:sessionId/voice-chat/toggle'; asyncHandler(acosController.toggleVRVoiceChat));,UNCLASSIFIED,,,UNCLASSIFIED,,
182,server/src/routes/acos.ts,206,router.post('/vr/sessions/:sessionId/participants/:userId/mute'; asyncHandler(acosController.muteVRParticipant));,UNCLASSIFIED,,,UNCLASSIFIED,,
183,server/src/routes/acos.ts,207,router.post('/vr/sessions/:sessionId/pointer'; asyncHandler(acosController.updateVRPointer));,UNCLASSIFIED,,,UNCLASSIFIED,,
184,server/src/routes/acos.ts,208,router.post('/vr/sessions/:sessionId/screen-sharing/enable'; asyncHandler(acosController.enableVRScreenSharing));,UNCLASSIFIED,,,UNCLASSIFIED,,
185,server/src/routes/acos.ts,209,router.post('/vr/sessions/:sessionId/screen-sharing/disable'; asyncHandler(acosController.disableVRScreenSharing));,UNCLASSIFIED,,,UNCLASSIFIED,,
186,server/src/routes/acos.ts,210,router.post('/vr/sessions/:sessionId/follow/:targetUserId'; asyncHandler(acosController.enableVRFollowMode));,UNCLASSIFIED,,,UNCLASSIFIED,,
187,server/src/routes/acos.ts,211,router.post('/vr/sessions/:sessionId/follow/disable'; asyncHandler(acosController.disableVRFollowMode));,UNCLASSIFIED,,,UNCLASSIFIED,,
188,server/src/routes/acos.ts,212,router.post('/vr/sessions/:sessionId/presenter-mode'; asyncHandler(acosController.enableVRPresenterMode));,UNCLASSIFIED,,,UNCLASSIFIED,,
189,server/src/routes/acos.ts,213,router.post('/vr/sessions/:sessionId/environment/update'; asyncHandler(acosController.updateVREnvironment));,UNCLASSIFIED,,,UNCLASSIFIED,,
190,server/src/routes/acos.ts,214,router.post('/vr/sessions/:sessionId/environment/theme'; asyncHandler(acosController.setVREnvironmentTheme));,UNCLASSIFIED,,,UNCLASSIFIED,,
191,server/src/routes/acos.ts,215,router.post('/vr/training/scenarios'; authorize('admin'); validateBody(createVRTrainingScenarioSchema); asyncHandler(acosController.createVRTrainingScenario));,UNCLASSIFIED,,,UNCLASSIFIED,,
192,server/src/routes/acos.ts,216,router.post('/vr/training/scenarios/:scenarioId/start'; asyncHandler(acosController.startVRTraining));,UNCLASSIFIED,,,UNCLASSIFIED,,
193,server/src/routes/acos.ts,217,router.post('/vr/training/sessions/:sessionId/progress'; asyncHandler(acosController.trackVRTrainingProgress));,UNCLASSIFIED,,,UNCLASSIFIED,,
194,server/src/routes/acos.ts,218,router.get('/vr/training/sessions/:sessionId/evaluate'; asyncHandler(acosController.evaluateVRTraining));,UNCLASSIFIED,,,UNCLASSIFIED,,
195,server/src/routes/acos.ts,219,router.post('/vr/training/sessions/:sessionId/complete'; asyncHandler(acosController.completeVRTraining));,UNCLASSIFIED,,,UNCLASSIFIED,,
196,server/src/routes/acos.ts,220,router.get('/vr/training/history'; asyncHandler(acosController.getVRTrainingHistory));,UNCLASSIFIED,,,UNCLASSIFIED,,
197,server/src/routes/acos.ts,223,router.post('/jit/request'; ...requireVisionaryFeature('acosJitCompliance'); authorize('admin'; 'editor'); validateBody(requestJITAccessSchema); asyncHandler(acosController.requestJITAccess));,UNCLASSIFIED,,,UNCLASSIFIED,,
198,server/src/routes/acos.ts,224,router.get('/jit/sessions'; asyncHandler(acosController.getJITAccessSessions));,UNCLASSIFIED,,,UNCLASSIFIED,,
199,server/src/routes/acos.ts,225,router.post('/jit/sessions/:sessionId/revoke'; authorize('admin'); asyncHandler(acosController.revokeJITSession));,UNCLASSIFIED,,,UNCLASSIFIED,,
200,server/src/routes/acos.ts,226,router.post('/jit/requests/:requestId/cancel'; asyncHandler(acosController.cancelJITAccessRequest));,UNCLASSIFIED,,,UNCLASSIFIED,,
201,server/src/routes/acos.ts,229,router.get('/jit/requests/pending'; authorize('admin'); asyncHandler(acosController.getPendingJITAccessRequests));,UNCLASSIFIED,,,UNCLASSIFIED,,
202,server/src/routes/acos.ts,230,router.get('/jit/requests'; authorize('admin'); asyncHandler(acosController.getAllJITAccessRequests));,UNCLASSIFIED,,,UNCLASSIFIED,,
203,server/src/routes/acos.ts,231,router.post('/jit/requests/:requestId/approve'; authorize('admin'); asyncHandler(acosController.approveJITAccessRequest));,UNCLASSIFIED,,,UNCLASSIFIED,,
204,server/src/routes/acos.ts,232,router.post('/jit/requests/:requestId/deny'; authorize('admin'); asyncHandler(acosController.denyJITAccessRequest));,UNCLASSIFIED,,,UNCLASSIFIED,,
205,server/src/routes/acos.ts,235,router.post('/swarm-tasks/agents'; authorize('admin'); validateBody(registerSwarmAgentSchema); asyncHandler(acosController.registerSwarmAgent));,UNCLASSIFIED,,,UNCLASSIFIED,,
206,server/src/routes/acos.ts,236,router.get('/swarm-tasks/agents'; asyncHandler(acosController.getSwarmAgents));,UNCLASSIFIED,,,UNCLASSIFIED,,
207,server/src/routes/acos.ts,237,router.get('/swarm-tasks/agents/:agentId'; asyncHandler(acosController.getSwarmAgentById));,UNCLASSIFIED,,,UNCLASSIFIED,,
208,server/src/routes/acos.ts,238,router.put('/swarm-tasks/agents/:agentId/status'; authorize('admin'); validateBody(updateSwarmAgentStatusSchema); asyncHandler(acosController.updateSwarmAgentStatus));,UNCLASSIFIED,,,UNCLASSIFIED,,
209,server/src/routes/acos.ts,239,router.post('/swarm-tasks/agents/:agentId/deactivate'; authorize('admin'); asyncHandler(acosController.deactivateSwarmAgent));,UNCLASSIFIED,,,UNCLASSIFIED,,
210,server/src/routes/acos.ts,240,router.post('/swarm-tasks/agents/:agentId/reactivate'; authorize('admin'); asyncHandler(acosController.reactivateSwarmAgent));,UNCLASSIFIED,,,UNCLASSIFIED,,
211,server/src/routes/acos.ts,241,router.get('/swarm-tasks/agents/:agentId/workload'; asyncHandler(acosController.getSwarmAgentWorkload));,UNCLASSIFIED,,,UNCLASSIFIED,,
212,server/src/routes/acos.ts,242,router.post('/swarm-tasks'; authorize('admin'; 'editor'); validateBody(submitSwarmTaskSchema); asyncHandler(acosController.submitSwarmTask));,UNCLASSIFIED,,,UNCLASSIFIED,,
213,server/src/routes/acos.ts,243,router.post('/swarm-tasks/bulk'; authorize('admin'; 'editor'); validateBody(bulkSubmitSwarmTasksSchema); asyncHandler(acosController.bulkSubmitSwarmTasks));,UNCLASSIFIED,,,UNCLASSIFIED,,
214,server/src/routes/acos.ts,244,router.get('/swarm-tasks'; asyncHandler(acosController.getAllSwarmTasks));,UNCLASSIFIED,,,UNCLASSIFIED,,
215,server/src/routes/acos.ts,245,router.get('/swarm-tasks/active'; asyncHandler(acosController.getActiveSwarmTasks));,UNCLASSIFIED,,,UNCLASSIFIED,,
216,server/src/routes/acos.ts,246,router.get('/swarm-tasks/:taskId'; asyncHandler(acosController.getSwarmTaskStatus));,UNCLASSIFIED,,,UNCLASSIFIED,,
217,server/src/routes/acos.ts,247,router.post('/swarm-tasks/:taskId/cancel'; authorize('admin'); asyncHandler(acosController.cancelSwarmTask));,UNCLASSIFIED,,,UNCLASSIFIED,,
218,server/src/routes/acos.ts,248,router.post('/swarm-tasks/:taskId/agents/:agentId/progress'; asyncHandler(acosController.reportSwarmTaskProgress));,UNCLASSIFIED,,,UNCLASSIFIED,,
219,server/src/routes/acos.ts,249,router.post('/swarm-tasks/:taskId/agents/:agentId/complete'; asyncHandler(acosController.completeSwarmTask));,UNCLASSIFIED,,,UNCLASSIFIED,,
220,server/src/routes/acos.ts,250,router.get('/swarm-tasks/metrics'; asyncHandler(acosController.getSwarmMetrics));,UNCLASSIFIED,,,UNCLASSIFIED,,
221,server/src/routes/acos.ts,251,router.get('/swarm-tasks/metrics/history'; asyncHandler(acosController.getSwarmHistoricalMetrics));,UNCLASSIFIED,,,UNCLASSIFIED,,
222,server/src/routes/acos.ts,252,router.get('/swarm-tasks/metrics/alerts'; asyncHandler(acosController.getSwarmMetricAlerts));,UNCLASSIFIED,,,UNCLASSIFIED,,
223,server/src/routes/acos.ts,253,router.post('/swarm-tasks/metrics/alerts/:alertId/resolve'; authorize('admin'); asyncHandler(acosController.resolveSwarmMetricAlert));,UNCLASSIFIED,,,UNCLASSIFIED,,
224,server/src/routes/acos.ts,254,router.get('/swarm-tasks/metrics/export'; asyncHandler(acosController.exportSwarmMetrics));,UNCLASSIFIED,,,UNCLASSIFIED,,
225,server/src/routes/acos.ts,255,router.get('/swarm-tasks/dashboard'; asyncHandler(acosController.getSwarmDashboard));,UNCLASSIFIED,,,UNCLASSIFIED,,
226,server/src/routes/acos.ts,258,router.get('/swarm/federation-status'; asyncHandler(acosController.getFederationStatus));,UNCLASSIFIED,,,UNCLASSIFIED,,
227,server/src/routes/acos.ts,259,router.post('/swarm/participate'; authorize('admin'); asyncHandler(acosController.participateInSwarm));,UNCLASSIFIED,,,UNCLASSIFIED,,
228,server/src/routes/acos.ts,262,router.get('/rif/changes'; asyncHandler(acosController.getRegulatoryChanges));,UNCLASSIFIED,,,UNCLASSIFIED,,
229,server/src/routes/acos.ts,263,router.post('/rif/monitor-feeds'; authorize('admin'); asyncHandler(acosController.monitorRegulatoryFeeds));,UNCLASSIFIED,,,UNCLASSIFIED,,
230,server/src/routes/acos.ts,266,router.get('/control-loops'; asyncHandler(acosController.getControlLoops));,UNCLASSIFIED,,,UNCLASSIFIED,,
231,server/src/routes/acos.ts,267,router.get('/compliance-debts'; asyncHandler(acosController.getComplianceDebts));,UNCLASSIFIED,,,UNCLASSIFIED,,
232,server/src/routes/acos.ts,268,router.post('/compliance-debts'; authorize('admin'; 'editor'); validateBody(trackComplianceDebtSchema); asyncHandler(acosController.trackComplianceDebt));,UNCLASSIFIED,,,UNCLASSIFIED,,
233,server/src/routes/acos.ts,269,router.post('/compliance-debts/calculate-from-gap'; authorize('admin'; 'editor'); validateBody(calculateDebtFromGapSchema); asyncHandler(acosController.calculateDebtFromGapAnalysis));,UNCLASSIFIED,,,UNCLASSIFIED,,
234,server/src/routes/acos.ts,270,router.post('/compliance-debts/:debtId/resolve'; authorize('admin'; 'editor'); asyncHandler(acosController.resolveComplianceDebt));,UNCLASSIFIED,,,UNCLASSIFIED,,
235,server/src/routes/acos.ts,271,router.get('/compliance-debts/export'; authorize('admin'; 'editor'); asyncHandler(acosController.exportDebtReport));,UNCLASSIFIED,,,UNCLASSIFIED,,
236,server/src/routes/acos.ts,272,router.get('/change-impacts'; asyncHandler(acosController.getChangeImpacts));,UNCLASSIFIED,,,UNCLASSIFIED,,
237,server/src/routes/acos.ts,273,router.post('/change-impacts/forecast'; authorize('admin'; 'editor'); validateBody(forecastChangeImpactSchema); asyncHandler(acosController.forecastChangeImpact));,UNCLASSIFIED,,,UNCLASSIFIED,,
238,server/src/routes/acos.ts,274,router.post('/change-impacts/:impactId/resolve'; authorize('admin'; 'editor'); asyncHandler(acosController.resolveChangeImpact));,UNCLASSIFIED,,,UNCLASSIFIED,,
239,server/src/routes/acos.ts,277,router.post('/neuro-symbolic/hybrid-reasoning'; ...requireVisionaryFeature('acosNeuroSymbolic'); authorize('admin'; 'editor'); validateBody(hybridReasoningSchema); asyncHandler(acosController.performHybridReasoning));,UNCLASSIFIED,,,UNCLASSIFIED,,
240,server/src/routes/acos.ts,278,router.post('/neuro-symbolic/infer-rules'; authorize('admin'; 'editor'); asyncHandler(acosController.inferRulesFromPatterns));,UNCLASSIFIED,,,UNCLASSIFIED,,
241,server/src/routes/acos.ts,279,router.post('/neuro-symbolic/causal-reasoning'; authorize('admin'; 'editor'); asyncHandler(acosController.performCausalReasoning));,UNCLASSIFIED,,,UNCLASSIFIED,,
242,server/src/routes/acos.ts,280,router.post('/neuro-symbolic/explainable-decision'; authorize('admin'; 'editor'); asyncHandler(acosController.generateExplainableDecision));,UNCLASSIFIED,,,UNCLASSIFIED,,
243,server/src/routes/acos.ts,281,router.get('/neuro-symbolic/reasoning-history'; asyncHandler(acosController.getReasoningHistory));,UNCLASSIFIED,,,UNCLASSIFIED,,
244,server/src/routes/acos.ts,282,router.post('/neuro-symbolic/inferences/:inferenceId/validate'; authorize('admin'; 'editor'); asyncHandler(acosController.validateInferredRule));,UNCLASSIFIED,,,UNCLASSIFIED,,
245,server/src/routes/acos.ts,285,router.post('/homomorphic/keys/generate'; ...requireVisionaryFeature('acosHomomorphicEncryption'); authorize('admin'; 'editor'); validateBody(generateHomomorphicKeysSchema); asyncHandler(acosController.generateHomomorphicKeys));,UNCLASSIFIED,,,UNCLASSIFIED,,
246,server/src/routes/acos.ts,286,router.post('/homomorphic/encrypt'; authorize('admin'; 'editor'); validateBody(encryptDataSchema); asyncHandler(acosController.encryptData));,UNCLASSIFIED,,,UNCLASSIFIED,,
247,server/src/routes/acos.ts,287,router.post('/homomorphic/decrypt'; authorize('admin'; 'editor'); validateBody(decryptDataSchema); asyncHandler(acosController.decryptData));,UNCLASSIFIED,,,UNCLASSIFIED,,
248,server/src/routes/acos.ts,288,router.post('/homomorphic/linear-regression'; authorize('admin'; 'editor'); asyncHandler(acosController.performEncryptedLinearRegression));,UNCLASSIFIED,,,UNCLASSIFIED,,
249,server/src/routes/acos.ts,289,router.post('/homomorphic/statistics'; authorize('admin'; 'editor'); asyncHandler(acosController.computeEncryptedStatistics));,UNCLASSIFIED,,,UNCLASSIFIED,,
250,server/src/routes/acos.ts,290,router.post('/homomorphic/neural-network'; authorize('admin'; 'editor'); asyncHandler(acosController.performEncryptedNeuralNetwork));,UNCLASSIFIED,,,UNCLASSIFIED,,
251,server/src/routes/dpo.ts,40,router.get(,UNCLASSIFIED,,,UNCLASSIFIED,,
252,server/src/routes/dpo.ts,66,router.post(,UNCLASSIFIED,,,UNCLASSIFIED,,
253,server/src/routes/dpo.ts,116,router.patch(,UNCLASSIFIED,,,UNCLASSIFIED,,
254,server/src/routes/dpo.ts,159,router.delete(,UNCLASSIFIED,,,UNCLASSIFIED,,
255,server/src/routes/dpo.ts,204,router.get(,UNCLASSIFIED,,,UNCLASSIFIED,,
256,server/src/routes/dpo.ts,232,router.post(,UNCLASSIFIED,,,UNCLASSIFIED,,
257,server/src/routes/dpo.ts,285,router.patch(,UNCLASSIFIED,,,UNCLASSIFIED,,
258,server/src/routes/dpo.ts,340,router.delete(,UNCLASSIFIED,,,UNCLASSIFIED,,
259,server/src/routes/dpo.ts,382,router.get(,UNCLASSIFIED,,,UNCLASSIFIED,,
260,server/src/routes/dpo.ts,419,router.post(,UNCLASSIFIED,,,UNCLASSIFIED,,
261,server/src/routes/dpo.ts,470,router.get(,UNCLASSIFIED,,,UNCLASSIFIED,,
262,server/src/routes/hipaa.ts,35,router.get(,UNCLASSIFIED,,,UNCLASSIFIED,,
263,server/src/routes/hipaa.ts,45,router.post(,UNCLASSIFIED,,,UNCLASSIFIED,,
264,server/src/routes/hipaa.ts,59,router.get(,UNCLASSIFIED,,,UNCLASSIFIED,,
265,server/src/routes/hipaa.ts,71,router.get(,UNCLASSIFIED,,,UNCLASSIFIED,,
266,server/src/routes/hipaa.ts,81,router.post(,UNCLASSIFIED,,,UNCLASSIFIED,,
267,server/src/routes/hipaa.ts,95,router.delete(,UNCLASSIFIED,,,UNCLASSIFIED,,
268,server/src/routes/hipaa.ts,110,router.get(,UNCLASSIFIED,,,UNCLASSIFIED,,
269,server/src/routes/hipaa.ts,121,router.post(,UNCLASSIFIED,,,UNCLASSIFIED,,
270,server/src/routes/hipaa.ts,135,router.get(,UNCLASSIFIED,,,UNCLASSIFIED,,
271,server/src/routes/hipaa.ts,147,router.patch(,UNCLASSIFIED,,,UNCLASSIFIED,,
272,server/src/routes/hipaa.ts,162,router.get(,UNCLASSIFIED,,,UNCLASSIFIED,,
273,server/src/routes/hipaa.ts,173,router.post(,UNCLASSIFIED,,,UNCLASSIFIED,,
274,server/src/routes/hipaa.ts,187,router.get(,UNCLASSIFIED,,,UNCLASSIFIED,,
275,server/src/routes/hipaa.ts,196,router.post(,UNCLASSIFIED,,,UNCLASSIFIED,,
276,server/src/routes/hipaa.ts,213,router.get(,UNCLASSIFIED,,,UNCLASSIFIED,,
277,server/src/routes/incidents.ts,37,router.get(,UNCLASSIFIED,,,UNCLASSIFIED,,
278,server/src/routes/incidents.ts,122,router.get(,UNCLASSIFIED,,,UNCLASSIFIED,,
279,server/src/routes/incidents.ts,178,router.get(,UNCLASSIFIED,,,UNCLASSIFIED,,
280,server/src/routes/incidents.ts,207,router.post(,UNCLASSIFIED,,,UNCLASSIFIED,,
281,server/src/routes/incidents.ts,268,router.patch(,UNCLASSIFIED,,,UNCLASSIFIED,,
282,server/src/routes/incidents.ts,337,router.delete(,UNCLASSIFIED,,,UNCLASSIFIED,,
283,server/src/routes/incidents.ts,384,router.get(,UNCLASSIFIED,,,UNCLASSIFIED,,
284,server/src/routes/incidents.ts,415,router.post(,UNCLASSIFIED,,,UNCLASSIFIED,,
285,server/src/routes/incidents.ts,453,router.post(,UNCLASSIFIED,,,UNCLASSIFIED,,
286,server/src/routes/incidents.ts,492,router.patch(,UNCLASSIFIED,,,UNCLASSIFIED,,
287,server/src/routes/integrations.ts,29,router.get(,UNCLASSIFIED,,,UNCLASSIFIED,,
288,server/src/routes/integrations.ts,37,router.get('/google/callback'; asyncHandler(integrationsController.callbackGoogle));,UNCLASSIFIED,,,UNCLASSIFIED,,
289,server/src/routes/integrations.ts,40,router.post(,UNCLASSIFIED,,,UNCLASSIFIED,,
290,server/src/routes/integrations.ts,48,router.delete(,UNCLASSIFIED,,,UNCLASSIFIED,,
291,server/src/routes/integrations.ts,59,router.get(,UNCLASSIFIED,,,UNCLASSIFIED,,
292,server/src/routes/integrations.ts,66,router.get('/github/callback'; asyncHandler(integrationsController.callbackGitHub));,UNCLASSIFIED,,,UNCLASSIFIED,,
293,server/src/routes/integrations.ts,68,router.post(,UNCLASSIFIED,,,UNCLASSIFIED,,
294,server/src/routes/integrations.ts,75,router.delete(,UNCLASSIFIED,,,UNCLASSIFIED,,
295,server/src/routes/integrations.ts,86,router.get(,UNCLASSIFIED,,,UNCLASSIFIED,,
296,server/src/routes/integrations.ts,93,router.get('/slack/callback'; asyncHandler(integrationsController.callbackSlack));,UNCLASSIFIED,,,UNCLASSIFIED,,
297,server/src/routes/integrations.ts,95,router.post(,UNCLASSIFIED,,,UNCLASSIFIED,,
298,server/src/routes/integrations.ts,102,router.post(,UNCLASSIFIED,,,UNCLASSIFIED,,
299,server/src/routes/integrations.ts,110,router.delete(,UNCLASSIFIED,,,UNCLASSIFIED,,
300,server/src/routes/integrations.ts,121,router.get(,UNCLASSIFIED,,,UNCLASSIFIED,,
301,server/src/routes/integrations.ts,128,router.get('/jira/callback'; asyncHandler(integrationsController.callbackJira));,UNCLASSIFIED,,,UNCLASSIFIED,,
302,server/src/routes/integrations.ts,130,router.post(,UNCLASSIFIED,,,UNCLASSIFIED,,
303,server/src/routes/integrations.ts,137,router.post(,UNCLASSIFIED,,,UNCLASSIFIED,,
304,server/src/routes/integrations.ts,145,router.delete(,UNCLASSIFIED,,,UNCLASSIFIED,,
305,server/src/routes/integrations.ts,156,router.post(,UNCLASSIFIED,,,UNCLASSIFIED,,
306,server/src/routes/integrations.ts,164,router.post(,UNCLASSIFIED,,,UNCLASSIFIED,,
307,server/src/routes/integrations.ts,171,router.delete(,UNCLASSIFIED,,,UNCLASSIFIED,,
308,server/src/routes/integrations.ts,182,router.post(,UNCLASSIFIED,,,UNCLASSIFIED,,
309,server/src/routes/integrations.ts,190,router.post(,UNCLASSIFIED,,,UNCLASSIFIED,,
310,server/src/routes/integrations.ts,197,router.delete(,UNCLASSIFIED,,,UNCLASSIFIED,,
311,server/src/routes/integrations.ts,205,router.post(,UNCLASSIFIED,,,UNCLASSIFIED,,
312,server/src/routes/integrations.ts,213,router.get(,UNCLASSIFIED,,,UNCLASSIFIED,,
313,server/src/routes/integrations.ts,220,router.get(,UNCLASSIFIED,,,UNCLASSIFIED,,
314,server/src/routes/integrations.ts,227,router.get(,UNCLASSIFIED,,,UNCLASSIFIED,,
315,server/src/routes/integrations.ts,234,router.get(,UNCLASSIFIED,,,UNCLASSIFIED,,
316,server/src/routes/integrations.ts,241,router.get(,UNCLASSIFIED,,,UNCLASSIFIED,,
317,server/src/routes/integrations.ts,248,router.get(,UNCLASSIFIED,,,UNCLASSIFIED,,
318,server/src/routes/integrations.ts,255,router.get(,UNCLASSIFIED,,,UNCLASSIFIED,,
319,server/src/routes/integrations.ts,266,router.post(,UNCLASSIFIED,,,UNCLASSIFIED,,
320,server/src/routes/integrations.ts,274,router.post(,UNCLASSIFIED,,,UNCLASSIFIED,,
321,server/src/routes/integrations.ts,283,router.post(,UNCLASSIFIED,,,UNCLASSIFIED,,
322,server/src/routes/integrations.ts,291,router.get(,UNCLASSIFIED,,,UNCLASSIFIED,,
323,server/src/routes/integrations.ts,302,router.get(,UNCLASSIFIED,,,UNCLASSIFIED,,
324,server/src/routes/integrations.ts,309,router.get(,UNCLASSIFIED,,,UNCLASSIFIED,,
325,server/src/routes/integrations.ts,316,router.post(,UNCLASSIFIED,,,UNCLASSIFIED,,
326,server/src/routes/integrations.ts,326,router.get(,UNCLASSIFIED,,,UNCLASSIFIED,,
327,server/src/routes/integrations.ts,334,router.post(,UNCLASSIFIED,,,UNCLASSIFIED,,
328,server/src/routes/integrations.ts,343,router.delete(,UNCLASSIFIED,,,UNCLASSIFIED,,
329,server/src/routes/maturity.ts,36,router.get(,UNCLASSIFIED,,,UNCLASSIFIED,,
330,server/src/routes/maturity.ts,66,router.get(,UNCLASSIFIED,,,UNCLASSIFIED,,
331,server/src/routes/maturity.ts,128,router.get(,UNCLASSIFIED,,,UNCLASSIFIED,,
332,server/src/routes/maturity.ts,172,router.get(,UNCLASSIFIED,,,UNCLASSIFIED,,
333,server/src/routes/maturity.ts,201,router.post(,UNCLASSIFIED,,,UNCLASSIFIED,,
334,server/src/routes/maturity.ts,272,router.post(,UNCLASSIFIED,,,UNCLASSIFIED,,
335,server/src/routes/controlEffectiveness.ts,42,router.get(,UNCLASSIFIED,,,UNCLASSIFIED,,
336,server/src/routes/controlEffectiveness.ts,125,router.get(,UNCLASSIFIED,,,UNCLASSIFIED,,
337,server/src/routes/controlEffectiveness.ts,207,router.get(,UNCLASSIFIED,,,UNCLASSIFIED,,
338,server/src/routes/controlEffectiveness.ts,285,router.get(,UNCLASSIFIED,,,UNCLASSIFIED,,
339,server/src/routes/controlEffectiveness.ts,341,router.get(,UNCLASSIFIED,,,UNCLASSIFIED,,
340,server/src/routes/controlEffectiveness.ts,393,router.post(,UNCLASSIFIED,,,UNCLASSIFIED,,
341,server/src/routes/demo.ts,31,router.post('/request'; validateBody(submitDemoRequestSchema); asyncHandler(demoController.submitDemoRequest.bind(demoController)));,UNCLASSIFIED,,,UNCLASSIFIED,,
342,server/src/routes/demo.ts,42,router.get(,UNCLASSIFIED,,,UNCLASSIFIED,,
343,server/src/routes/demo.ts,54,router.get(,UNCLASSIFIED,,,UNCLASSIFIED,,
344,server/src/routes/demo.ts,66,router.get(,UNCLASSIFIED,,,UNCLASSIFIED,,
345,server/src/routes/demo.ts,78,router.get(,UNCLASSIFIED,,,UNCLASSIFIED,,
346,server/src/routes/demo.ts,90,router.patch(,UNCLASSIFIED,,,UNCLASSIFIED,,
347,server/src/routes/demo.ts,103,router.put(,UNCLASSIFIED,,,UNCLASSIFIED,,
348,server/src/routes/demo.ts,116,router.post(,UNCLASSIFIED,,,UNCLASSIFIED,,
349,server/src/routes/demo.ts,129,router.post(,UNCLASSIFIED,,,UNCLASSIFIED,,
350,server/src/routes/demo.ts,142,router.delete(,UNCLASSIFIED,,,UNCLASSIFIED,,
351,server/src/routes/controlMappings.ts,12,router.post('/'; authorize('admin'; 'editor'); validateBody(createControlMappingSchema); asyncHandler(controlMappingsController.createMapping.bind(controlMappingsController)));,UNCLASSIFIED,,,UNCLASSIFIED,,
352,server/src/routes/controlMappings.ts,13,router.get('/'; authenticate; asyncHandler(controlMappingsController.listAllMappings.bind(controlMappingsController)));,UNCLASSIFIED,,,UNCLASSIFIED,,
353,server/src/routes/controlMappings.ts,14,router.get('/control/:controlId'; authenticate; asyncHandler(controlMappingsController.getMappings.bind(controlMappingsController)));,UNCLASSIFIED,,,UNCLASSIFIED,,
354,server/src/routes/controlMappings.ts,15,router.patch('/:mappingId'; authorize('admin'; 'editor'); validateBody(updateControlMappingSchema); asyncHandler(controlMappingsController.updateMapping.bind(controlMappingsController)));,UNCLASSIFIED,,,UNCLASSIFIED,,
355,server/src/routes/controlMappings.ts,16,router.delete('/:mappingId'; authorize('admin'; 'editor'); asyncHandler(controlMappingsController.deleteMapping.bind(controlMappingsController)));,UNCLASSIFIED,,,UNCLASSIFIED,,
356,server/src/routes/controlMappings.ts,17,router.get('/export/csv'; authenticate; asyncHandler(controlMappingsController.exportMappings.bind(controlMappingsController)));,UNCLASSIFIED,,,UNCLASSIFIED,,
357,server/src/routes/aiRmf.ts,19,router.post('/systems'; authorize('admin'; 'editor'); validateBody(createAISystemSchema); asyncHandler(aiRmfController.createAISystem.bind(aiRmfController)));,UNCLASSIFIED,,,UNCLASSIFIED,,
358,server/src/routes/aiRmf.ts,20,router.get('/systems'; asyncHandler(aiRmfController.getAISystems.bind(aiRmfController)));,UNCLASSIFIED,,,UNCLASSIFIED,,
359,server/src/routes/aiRmf.ts,21,router.get('/systems/:id'; asyncHandler(aiRmfController.getAISystemById.bind(aiRmfController)));,UNCLASSIFIED,,,UNCLASSIFIED,,
360,server/src/routes/aiRmf.ts,22,router.patch('/systems/:id'; authorize('admin'; 'editor'); validateBody(updateAISystemSchema); asyncHandler(aiRmfController.updateAISystem.bind(aiRmfController)));,UNCLASSIFIED,,,UNCLASSIFIED,,
361,server/src/routes/aiRmf.ts,23,router.delete('/systems/:id'; authorize('admin'); asyncHandler(aiRmfController.deleteAISystem.bind(aiRmfController)));,UNCLASSIFIED,,,UNCLASSIFIED,,
362,server/src/routes/aiRmf.ts,29,router.patch('/systems/:aiSystemId/functions/:functionName'; authorize('admin'; 'editor'); asyncHandler(aiRmfController.updateCoreFunction.bind(aiRmfController)));,UNCLASSIFIED,,,UNCLASSIFIED,,
363,server/src/routes/aiRmf.ts,35,router.patch('/categories/:categoryId'; authorize('admin'; 'editor'); asyncHandler(aiRmfController.updateCategory.bind(aiRmfController)));,UNCLASSIFIED,,,UNCLASSIFIED,,
364,server/src/routes/aiRmf.ts,36,router.patch('/subcategories/:subcategoryId'; authorize('admin'; 'editor'); asyncHandler(aiRmfController.updateSubcategory.bind(aiRmfController)));,UNCLASSIFIED,,,UNCLASSIFIED,,
365,server/src/routes/aiRmf.ts,42,router.patch('/systems/:aiSystemId/trustworthiness/:characteristic'; authorize('admin'; 'editor'); asyncHandler(aiRmfController.updateTrustworthinessCharacteristic.bind(aiRmfController)));,UNCLASSIFIED,,,UNCLASSIFIED,,
366,server/src/routes/aiRmf.ts,48,router.patch('/systems/:aiSystemId/lifecycle/:stage'; authorize('admin'; 'editor'); asyncHandler(aiRmfController.updateLifecycleStage.bind(aiRmfController)));,UNCLASSIFIED,,,UNCLASSIFIED,,
367,server/src/routes/aiRmf.ts,54,router.post('/systems/:aiSystemId/actors'; authorize('admin'; 'editor'); asyncHandler(aiRmfController.addActor.bind(aiRmfController)));,UNCLASSIFIED,,,UNCLASSIFIED,,
368,server/src/routes/aiRmf.ts,55,router.delete('/actors/:actorId'; authorize('admin'; 'editor'); asyncHandler(aiRmfController.removeActor.bind(aiRmfController)));,UNCLASSIFIED,,,UNCLASSIFIED,,
369,server/src/routes/aiRmf.ts,61,router.post('/systems/:aiSystemId/assessments'; authorize('admin'; 'editor'); asyncHandler(aiRmfController.createAssessment.bind(aiRmfController)));,UNCLASSIFIED,,,UNCLASSIFIED,,
370,server/src/routes/aiRmf.ts,62,router.get('/systems/:aiSystemId/assessments'; asyncHandler(aiRmfController.getAssessments.bind(aiRmfController)));,UNCLASSIFIED,,,UNCLASSIFIED,,
371,server/src/routes/aiRmf.ts,63,router.delete('/assessments/:assessmentId'; authorize('admin'; 'editor'); asyncHandler(aiRmfController.deleteAssessment.bind(aiRmfController)));,UNCLASSIFIED,,,UNCLASSIFIED,,
372,server/src/routes/aiRmf.ts,69,router.post('/systems/:aiSystemId/profiles'; authorize('admin'; 'editor'); asyncHandler(aiRmfController.createProfile.bind(aiRmfController)));,UNCLASSIFIED,,,UNCLASSIFIED,,
373,server/src/routes/aiRmf.ts,75,router.post('/systems/:aiSystemId/risk-activities'; authorize('admin'; 'editor'); asyncHandler(aiRmfController.createRiskActivity.bind(aiRmfController)));,UNCLASSIFIED,,,UNCLASSIFIED,,
374,server/src/routes/aiRmf.ts,76,router.patch('/risk-activities/:riskActivityId'; authorize('admin'; 'editor'); asyncHandler(aiRmfController.updateRiskActivity.bind(aiRmfController)));,UNCLASSIFIED,,,UNCLASSIFIED,,
375,server/src/routes/aiRmf.ts,82,router.post('/systems/:aiSystemId/calculate-trustworthiness'; authorize('admin'; 'editor'); asyncHandler(aiRmfController.calculateTrustworthinessScore.bind(aiRmfController)));,UNCLASSIFIED,,,UNCLASSIFIED,,
376,server/src/routes/aiRmf.ts,83,router.get('/dashboard'; asyncHandler(aiRmfController.getDashboardData.bind(aiRmfController)));,UNCLASSIFIED,,,UNCLASSIFIED,,
377,server/src/routes/soc2.ts,41,router.get(,UNCLASSIFIED,,,UNCLASSIFIED,,
378,server/src/routes/soc2.ts,51,router.post(,UNCLASSIFIED,,,UNCLASSIFIED,,
379,server/src/routes/soc2.ts,65,router.patch(,UNCLASSIFIED,,,UNCLASSIFIED,,
380,server/src/routes/soc2.ts,80,router.get(,UNCLASSIFIED,,,UNCLASSIFIED,,
381,server/src/routes/soc2.ts,90,router.get(,UNCLASSIFIED,,,UNCLASSIFIED,,
382,server/src/routes/soc2.ts,98,router.post(,UNCLASSIFIED,,,UNCLASSIFIED,,
383,server/src/routes/soc2.ts,113,router.post(,UNCLASSIFIED,,,UNCLASSIFIED,,
384,server/src/routes/soc2.ts,127,router.patch(,UNCLASSIFIED,,,UNCLASSIFIED,,
385,server/src/routes/soc2.ts,160,router.post(,UNCLASSIFIED,,,UNCLASSIFIED,,
386,server/src/routes/soc2.ts,182,router.get(,UNCLASSIFIED,,,UNCLASSIFIED,,
387,server/src/routes/soc2.ts,209,router.post(,UNCLASSIFIED,,,UNCLASSIFIED,,
388,server/src/routes/soc2.ts,223,router.post(,UNCLASSIFIED,,,UNCLASSIFIED,,
389,server/src/routes/soc2.ts,236,router.get(,UNCLASSIFIED,,,UNCLASSIFIED,,
390,server/src/routes/soc2.ts,250,router.post(,UNCLASSIFIED,,,UNCLASSIFIED,,
391,server/src/routes/soc2.ts,264,router.patch(,UNCLASSIFIED,,,UNCLASSIFIED,,
392,server/src/routes/soc2.ts,289,router.get(,UNCLASSIFIED,,,UNCLASSIFIED,,
393,server/src/routes/soc2.ts,303,router.post(,UNCLASSIFIED,,,UNCLASSIFIED,,
394,server/src/routes/soc2.ts,317,router.get(,UNCLASSIFIED,,,UNCLASSIFIED,,
395,server/src/routes/soc2.ts,329,router.post(,UNCLASSIFIED,,,UNCLASSIFIED,,
396,server/src/routes/webhooks.ts,126,router.get('/event-types'; asyncHandler(webhookController.getEventTypes.bind(webhookController)));,UNCLASSIFIED,,,UNCLASSIFIED,,
397,server/src/routes/webhooks.ts,172,router.post(,UNCLASSIFIED,,,UNCLASSIFIED,,
398,server/src/routes/webhooks.ts,184,router.get(,UNCLASSIFIED,,,UNCLASSIFIED,,
399,server/src/routes/webhooks.ts,191,router.post(,UNCLASSIFIED,,,UNCLASSIFIED,,
400,server/src/routes/webhooks.ts,200,router.delete(,UNCLASSIFIED,,,UNCLASSIFIED,,
401,server/src/routes/webhooks.ts,208,router.get(,UNCLASSIFIED,,,UNCLASSIFIED,,
402,server/src/routes/webhooks.ts,239,router.get('/'; asyncHandler(webhookController.getWebhooks.bind(webhookController)));,UNCLASSIFIED,,,UNCLASSIFIED,,
403,server/src/routes/webhooks.ts,242,router.get('/:webhookId'; asyncHandler(webhookController.getWebhook.bind(webhookController)));,UNCLASSIFIED,,,UNCLASSIFIED,,
404,server/src/routes/webhooks.ts,245,router.post('/'; authorize('admin'); validateBody(createWebhookSchema); asyncHandler(webhookController.createWebhook.bind(webhookController)));,UNCLASSIFIED,,,UNCLASSIFIED,,
405,server/src/routes/webhooks.ts,248,router.patch('/:webhookId'; authorize('admin'); validateBody(updateWebhookSchema); asyncHandler(webhookController.updateWebhook.bind(webhookController)));,UNCLASSIFIED,,,UNCLASSIFIED,,
406,server/src/routes/webhooks.ts,251,router.delete('/:webhookId'; authorize('admin'); asyncHandler(webhookController.deleteWebhook.bind(webhookController)));,UNCLASSIFIED,,,UNCLASSIFIED,,
407,server/src/routes/webhooks.ts,254,router.post('/:webhookId/test'; authorize('admin'); asyncHandler(webhookController.testWebhook.bind(webhookController)));,UNCLASSIFIED,,,UNCLASSIFIED,,
408,server/src/routes/webhooks.ts,257,router.post('/:webhookId/regenerate-secret'; authorize('admin'); asyncHandler(webhookController.regenerateSecret.bind(webhookController)));,UNCLASSIFIED,,,UNCLASSIFIED,,
409,server/src/routes/webhooks.ts,264,router.get('/events/history'; asyncHandler(webhookController.getEventHistory.bind(webhookController)));,UNCLASSIFIED,,,UNCLASSIFIED,,
410,server/src/routes/webhooks.ts,267,router.post('/events/:eventId/retry'; authorize('admin'); asyncHandler(webhookController.retryEvent.bind(webhookController)));,UNCLASSIFIED,,,UNCLASSIFIED,,
411,server/src/routes/webhooks.ts,274,router.get('/keys/list'; asyncHandler(webhookController.getApiKeys.bind(webhookController)));,UNCLASSIFIED,,,UNCLASSIFIED,,
412,server/src/routes/webhooks.ts,277,router.post('/keys'; authorize('admin'); validateBody(createApiKeySchema); asyncHandler(webhookController.createApiKey.bind(webhookController)));,UNCLASSIFIED,,,UNCLASSIFIED,,
413,server/src/routes/webhooks.ts,280,router.delete('/keys/:keyId'; authorize('admin'); asyncHandler(webhookController.revokeApiKey.bind(webhookController)));,UNCLASSIFIED,,,UNCLASSIFIED,,
414,server/src/routes/workflow.ts,40,router.get(,UNCLASSIFIED,,,UNCLASSIFIED,,
415,server/src/routes/workflow.ts,80,router.post(,UNCLASSIFIED,,,UNCLASSIFIED,,
416,server/src/routes/workflow.ts,107,router.get(,UNCLASSIFIED,,,UNCLASSIFIED,,
417,server/src/routes/workflow.ts,130,router.patch(,UNCLASSIFIED,,,UNCLASSIFIED,,
418,server/src/routes/workflow.ts,165,router.delete(,UNCLASSIFIED,,,UNCLASSIFIED,,
419,server/src/routes/workflow.ts,184,router.post(,UNCLASSIFIED,,,UNCLASSIFIED,,
420,server/src/routes/workflow.ts,217,router.post(,UNCLASSIFIED,,,UNCLASSIFIED,,
421,server/src/routes/workflow.ts,264,router.get(,UNCLASSIFIED,,,UNCLASSIFIED,,
422,server/src/routes/workflow.ts,282,router.post(,UNCLASSIFIED,,,UNCLASSIFIED,,
423,server/src/routes/workflow.ts,351,router.get(,UNCLASSIFIED,,,UNCLASSIFIED,,
424,server/src/routes/workflow.ts,382,router.get(,UNCLASSIFIED,,,UNCLASSIFIED,,
425,server/src/routes/workflow.ts,398,router.post(,UNCLASSIFIED,,,UNCLASSIFIED,,
426,server/src/routes/workflow.ts,438,router.get(,UNCLASSIFIED,,,UNCLASSIFIED,,
427,server/src/routes/workflow.ts,464,router.post(,UNCLASSIFIED,,,UNCLASSIFIED,,
428,server/src/routes/workflow.ts,490,router.patch(,UNCLASSIFIED,,,UNCLASSIFIED,,
429,server/src/routes/workflow.ts,523,router.delete(,UNCLASSIFIED,,,UNCLASSIFIED,,
430,server/src/routes/risks.ts,84,router.get('/'; asyncHandler(risksController.list.bind(risksController)));,UNCLASSIFIED,,,UNCLASSIFIED,,
431,server/src/routes/risks.ts,121,router.get('/:id'; asyncHandler(risksController.getById.bind(risksController)));,UNCLASSIFIED,,,UNCLASSIFIED,,
432,server/src/routes/risks.ts,158,router.post('/'; authorize('admin'; 'editor'); validateBody(createRiskSchema); asyncHandler(risksController.create.bind(risksController)));,UNCLASSIFIED,,,UNCLASSIFIED,,
433,server/src/routes/risks.ts,230,router.patch('/:id'; authorize('admin'; 'editor'); validateBody(updateRiskSchema); asyncHandler(risksController.update.bind(risksController)));,UNCLASSIFIED,,,UNCLASSIFIED,,
434,server/src/routes/risks.ts,259,router.delete('/:id'; authorize('admin'); asyncHandler(risksController.delete.bind(risksController)));,UNCLASSIFIED,,,UNCLASSIFIED,,
435,server/src/routes/risks.ts,325,router.post('/prioritize'; authorize('admin'; 'editor'); asyncHandler(risksController.prioritize.bind(risksController)));,UNCLASSIFIED,,,UNCLASSIFIED,,
436,server/src/routes/risks.ts,406,router.post('/:id/remediation'; authorize('admin'; 'editor'); asyncHandler(risksController.generateRemediation.bind(risksController)));,UNCLASSIFIED,,,UNCLASSIFIED,,
437,server/src/routes/risks.ts,473,router.post('/scan'; authorize('admin'; 'editor'); asyncHandler(risksController.scan.bind(risksController)));,UNCLASSIFIED,,,UNCLASSIFIED,,
438,server/src/routes/search.ts,36,router.get(,UNCLASSIFIED,,,UNCLASSIFIED,,
439,server/src/routes/search.ts,209,router.post(,UNCLASSIFIED,,,UNCLASSIFIED,,
440,server/src/routes/search.ts,375,router.get(,UNCLASSIFIED,,,UNCLASSIFIED,,
441,server/src/routes/search.ts,422,router.post(,UNCLASSIFIED,,,UNCLASSIFIED,,
442,server/src/routes/frameworks.ts,41,router.get('/scores/history'; asyncHandler(async (req: Request; res: Response) => {,UNCLASSIFIED,,,UNCLASSIFIED,,
443,server/src/routes/frameworks.ts,137,router.get('/templates'; asyncHandler(async (_req: Request; res: Response) => {,UNCLASSIFIED,,,UNCLASSIFIED,,
444,server/src/routes/frameworks.ts,143,router.get('/templates/:frameworkType'; asyncHandler(async (req: Request; res: Response) => {,UNCLASSIFIED,,,UNCLASSIFIED,,
445,server/src/routes/frameworks.ts,162,router.post('/:id/apply-template'; authorize('admin'; 'editor'); validateBody(applyTemplateSchema); asyncHandler(async (req: Request; res: Response) => {,UNCLASSIFIED,,,UNCLASSIFIED,,
446,server/src/routes/frameworks.ts,189,router.post('/:id/regenerate-mappings'; authorize('admin'; 'editor'); asyncHandler(async (req: Request; res: Response) => {,UNCLASSIFIED,,,UNCLASSIFIED,,
447,server/src/routes/frameworks.ts,204,router.get('/'; asyncHandler(frameworksController.list.bind(frameworksController)));,UNCLASSIFIED,,,UNCLASSIFIED,,
448,server/src/routes/frameworks.ts,205,router.get('/:id'; asyncHandler(frameworksController.getById.bind(frameworksController)));,UNCLASSIFIED,,,UNCLASSIFIED,,
449,server/src/routes/frameworks.ts,206,router.post('/'; authorize('admin'; 'editor'); enforceLimit('maxFrameworks'); validateBody(createFrameworkSchema); asyncHandler(frameworksController.create.bind(frameworksController)));,UNCLASSIFIED,,,UNCLASSIFIED,,
450,server/src/routes/frameworks.ts,207,router.patch('/:id'; authorize('admin'; 'editor'); validateBody(updateFrameworkSchema); asyncHandler(frameworksController.update.bind(frameworksController)));,UNCLASSIFIED,,,UNCLASSIFIED,,
451,server/src/routes/frameworks.ts,208,router.delete('/:id'; authorize('admin'); asyncHandler(frameworksController.delete.bind(frameworksController)));,UNCLASSIFIED,,,UNCLASSIFIED,,
452,server/src/routes/frameworks.ts,209,router.get('/:frameworkId/controls/:controlId/export'; authorize('admin'; 'editor'); asyncHandler(frameworksController.exportControl.bind(frameworksController)));,UNCLASSIFIED,,,UNCLASSIFIED,,
453,server/src/routes/frameworks.ts,212,router.post('/:frameworkId/controls'; authorize('admin'; 'editor'); validateBody(createControlSchema); asyncHandler(frameworksController.createControl.bind(frameworksController)));,UNCLASSIFIED,,,UNCLASSIFIED,,
454,server/src/routes/frameworks.ts,213,router.patch('/:frameworkId/controls/:controlId'; authorize('admin'; 'editor'); validateBody(updateControlSchema); asyncHandler(frameworksController.updateControl.bind(frameworksController)));,UNCLASSIFIED,,,UNCLASSIFIED,,
455,server/src/routes/frameworks.ts,214,router.post('/:frameworkId/controls/bulk-update'; authorize('admin'; 'editor'); validateBody(bulkUpdateControlsSchema); asyncHandler(frameworksController.bulkUpdateControls.bind(frameworksController)));,UNCLASSIFIED,,,UNCLASSIFIED,,
456,server/src/routes/frameworks.ts,215,router.delete('/:frameworkId/controls/:controlId'; authorize('admin'; 'editor'); asyncHandler(frameworksController.deleteControl.bind(frameworksController)));,UNCLASSIFIED,,,UNCLASSIFIED,,
457,server/src/routes/frameworks.ts,218,router.post('/:frameworkId/controls/:controlId/evidence'; authorize('admin'; 'editor'); upload.single('file'); asyncHandler(frameworksController.uploadEvidence.bind(frameworksController)));,UNCLASSIFIED,,,UNCLASSIFIED,,
458,server/src/routes/frameworks.ts,219,router.get('/:frameworkId/controls/:controlId/evidence/url'; authenticate; asyncHandler(frameworksController.getEvidenceUrl.bind(frameworksController)));,UNCLASSIFIED,,,UNCLASSIFIED,,
459,server/src/routes/frameworks.ts,222,router.post('/:frameworkId/smart-upload'; authorize('admin'; 'editor'); upload.single('file'); asyncHandler(frameworksController.smartUpload.bind(frameworksController)));,UNCLASSIFIED,,,UNCLASSIFIED,,
460,server/src/routes/frameworks.ts,225,router.get('/:frameworkId/suggestions'; authenticate; asyncHandler(frameworksController.getSuggestions.bind(frameworksController)));,UNCLASSIFIED,,,UNCLASSIFIED,,
461,server/src/routes/frameworks.ts,226,router.post('/suggestions/:suggestionId/accept'; authorize('admin'; 'editor'); asyncHandler(frameworksController.acceptSuggestion.bind(frameworksController)));,UNCLASSIFIED,,,UNCLASSIFIED,,
462,server/src/routes/frameworks.ts,227,router.post('/suggestions/:suggestionId/reject'; authorize('admin'; 'editor'); validateBody(rejectSuggestionSchema); asyncHandler(frameworksController.rejectSuggestion.bind(frameworksController)));,UNCLASSIFIED,,,UNCLASSIFIED,,
463,server/src/routes/executive.ts,49,router.get(,UNCLASSIFIED,,,UNCLASSIFIED,,
464,server/src/routes/executive.ts,252,router.get(,UNCLASSIFIED,,,UNCLASSIFIED,,
465,server/src/routes/executive.ts,300,router.post(,UNCLASSIFIED,,,UNCLASSIFIED,,
466,server/src/routes/executive.ts,475,router.get(,UNCLASSIFIED,,,UNCLASSIFIED,,
467,server/src/routes/ropa.ts,84,router.get(,UNCLASSIFIED,,,UNCLASSIFIED,,
468,server/src/routes/ropa.ts,147,router.get(,UNCLASSIFIED,,,UNCLASSIFIED,,
469,server/src/routes/ropa.ts,239,router.get(,UNCLASSIFIED,,,UNCLASSIFIED,,
470,server/src/routes/ropa.ts,275,router.post(,UNCLASSIFIED,,,UNCLASSIFIED,,
471,server/src/routes/ropa.ts,365,router.get(,UNCLASSIFIED,,,UNCLASSIFIED,,
472,server/src/routes/ropa.ts,391,router.patch(,UNCLASSIFIED,,,UNCLASSIFIED,,
473,server/src/routes/ropa.ts,438,router.delete(,UNCLASSIFIED,,,UNCLASSIFIED,,
474,server/src/routes/ropa.ts,469,router.post(,UNCLASSIFIED,,,UNCLASSIFIED,,
475,server/src/routes/auditor.ts,35,router.get(,UNCLASSIFIED,,,UNCLASSIFIED,,
476,server/src/routes/auditor.ts,49,router.post(,UNCLASSIFIED,,,UNCLASSIFIED,,
477,server/src/routes/auditor.ts,64,router.get(,UNCLASSIFIED,,,UNCLASSIFIED,,
478,server/src/routes/auditor.ts,74,router.post(,UNCLASSIFIED,,,UNCLASSIFIED,,
479,server/src/routes/auditor.ts,86,router.get(,UNCLASSIFIED,,,UNCLASSIFIED,,
480,server/src/routes/auditor.ts,96,router.patch(,UNCLASSIFIED,,,UNCLASSIFIED,,
481,server/src/routes/auditor.ts,108,router.delete(,UNCLASSIFIED,,,UNCLASSIFIED,,
482,server/src/routes/auditor.ts,123,router.get(,UNCLASSIFIED,,,UNCLASSIFIED,,
483,server/src/routes/auditor.ts,133,router.post(,UNCLASSIFIED,,,UNCLASSIFIED,,
484,server/src/routes/auditor.ts,145,router.get(,UNCLASSIFIED,,,UNCLASSIFIED,,
485,server/src/routes/auditor.ts,155,router.patch(,UNCLASSIFIED,,,UNCLASSIFIED,,
486,server/src/routes/auditor.ts,167,router.delete(,UNCLASSIFIED,,,UNCLASSIFIED,,
487,server/src/routes/auditor.ts,182,router.get(,UNCLASSIFIED,,,UNCLASSIFIED,,
488,server/src/routes/auditor.ts,192,router.post(,UNCLASSIFIED,,,UNCLASSIFIED,,
489,server/src/routes/auditor.ts,207,router.get(,UNCLASSIFIED,,,UNCLASSIFIED,,
490,server/src/routes/auditor.ts,217,router.patch(,UNCLASSIFIED,,,UNCLASSIFIED,,
491,server/src/routes/auditor.ts,229,router.delete(,UNCLASSIFIED,,,UNCLASSIFIED,,
492,server/src/routes/auditor.ts,244,router.get(,UNCLASSIFIED,,,UNCLASSIFIED,,
493,server/src/routes/auditor.ts,254,router.post(,UNCLASSIFIED,,,UNCLASSIFIED,,
494,server/src/routes/auditor.ts,269,router.get(,UNCLASSIFIED,,,UNCLASSIFIED,,
495,server/src/routes/auditor.ts,279,router.patch(,UNCLASSIFIED,,,UNCLASSIFIED,,
496,server/src/routes/auditor.ts,291,router.delete(,UNCLASSIFIED,,,UNCLASSIFIED,,
497,server/src/routes/auditor.ts,306,router.get(,UNCLASSIFIED,,,UNCLASSIFIED,,
498,server/src/routes/auditor.ts,316,router.post(,UNCLASSIFIED,,,UNCLASSIFIED,,
499,server/src/routes/auditor.ts,331,router.get(,UNCLASSIFIED,,,UNCLASSIFIED,,
500,server/src/routes/auditor.ts,341,router.patch(,UNCLASSIFIED,,,UNCLASSIFIED,,
