prisma_model,supabase_table,rls_enabled,policy_count,policy_evidence,verdict
Organization,Organization,live_supabase:rls_enabled=true,4,live_supabase:policy_count=4,RLS_OK
User,User,live_supabase:rls_enabled=true,4,live_supabase:policy_count=4,RLS_OK
TwoFactorBackupCode,TwoFactorBackupCode,live_supabase:rls_enabled=true,0,live_supabase:policy_count=0,RLS_ENABLED_NO_POLICY
Personnel,Personnel,live_supabase:rls_enabled=true,4,live_supabase:policy_count=4,RLS_OK
AccessReview,AccessReview,live_supabase:rls_enabled=true,4,live_supabase:policy_count=4,RLS_OK
Vendor,Vendor,live_supabase:rls_enabled=true,4,live_supabase:policy_count=4,RLS_OK
VendorAssessment,VendorAssessment,live_supabase:rls_enabled=true,0,live_supabase:policy_count=0,RLS_ENABLED_NO_POLICY
VendorReview,VendorReview,live_supabase:rls_enabled=true,0,live_supabase:policy_count=0,RLS_ENABLED_NO_POLICY
VendorMonitor,VendorMonitor,live_supabase:rls_enabled=true,0,live_supabase:policy_count=0,RLS_ENABLED_NO_POLICY
RiskAssessment,RiskAssessment,live_supabase:rls_enabled=true,4,live_supabase:policy_count=4,RLS_OK
ComplianceFramework,ComplianceFramework,live_supabase:rls_enabled=true,4,live_supabase:policy_count=4,RLS_OK
FrameworkControl,FrameworkControl,live_supabase:rls_enabled=true,0,live_supabase:policy_count=0,RLS_ENABLED_NO_POLICY
RiskItem,RiskItem,live_supabase:rls_enabled=true,4,live_supabase:policy_count=4,RLS_OK
Questionnaire,Questionnaire,live_supabase:rls_enabled=true,4,live_supabase:policy_count=4,RLS_OK
QuestionnaireQuestion,QuestionnaireQuestion,live_supabase:rls_enabled=true,0,live_supabase:policy_count=0,RLS_ENABLED_NO_POLICY
QuestionnaireResponse,QuestionnaireResponse,live_supabase:rls_enabled=true,0,live_supabase:policy_count=0,RLS_ENABLED_NO_POLICY
Policy,Policy,live_supabase:rls_enabled=true,4,live_supabase:policy_count=4,RLS_OK
TrustCertificate,TrustCertificate,live_supabase:rls_enabled=true,4,live_supabase:policy_count=4,RLS_OK
CustomReport,CustomReport,live_supabase:rls_enabled=true,4,live_supabase:policy_count=4,RLS_OK
ContinuousMonitor,ContinuousMonitor,live_supabase:rls_enabled=true,4,live_supabase:policy_count=4,RLS_OK
MonitorResult,MonitorResult,live_supabase:rls_enabled=true,0,live_supabase:policy_count=0,RLS_ENABLED_NO_POLICY
Issue,Issue,live_supabase:rls_enabled=true,4,live_supabase:policy_count=4,RLS_OK
IssueComment,IssueComment,live_supabase:rls_enabled=true,0,live_supabase:policy_count=0,RLS_ENABLED_NO_POLICY
AuditLog,AuditLog,live_supabase:rls_enabled=true,4,live_supabase:policy_count=4,RLS_OK
Integration,Integration,live_supabase:rls_enabled=true,4,live_supabase:policy_count=4,RLS_OK
MagicLink,MagicLink,live_supabase:rls_enabled=true,0,live_supabase:policy_count=0,RLS_ENABLED_NO_POLICY
FileUpload,FileUpload,live_supabase:rls_enabled=true,4,live_supabase:policy_count=4,RLS_OK
StripeEvent,StripeEvent,live_supabase:rls_enabled=true,0,live_supabase:policy_count=0,RLS_ENABLED_NO_POLICY
ComplianceGoal,ComplianceGoal,live_supabase:rls_enabled=true,4,live_supabase:policy_count=4,RLS_OK
ControlLoop,ControlLoop,live_supabase:rls_enabled=true,4,live_supabase:policy_count=4,RLS_OK
ControlLoopHistory,ControlLoopHistory,live_supabase:rls_enabled=true,4,live_supabase:policy_count=4,RLS_OK
ComplianceDebt,ComplianceDebt,live_supabase:rls_enabled=true,4,live_supabase:policy_count=4,RLS_OK
ChangeImpact,ChangeImpact,live_supabase:rls_enabled=true,4,live_supabase:policy_count=4,RLS_OK
AgenticAction,AgenticAction,live_supabase:rls_enabled=true,4,live_supabase:policy_count=4,RLS_OK
EvidenceAnalysis,EvidenceAnalysis,live_supabase:rls_enabled=true,4,live_supabase:policy_count=4,RLS_OK
EvidenceAttestation,EvidenceAttestation,live_supabase:rls_enabled=true,4,live_supabase:policy_count=4,RLS_OK
UserSigningKey,UserSigningKey,live_supabase:rls_enabled=true,4,live_supabase:policy_count=4,RLS_OK
RegulatoryFeed,RegulatoryFeed,live_supabase:rls_enabled=true,4,live_supabase:policy_count=4,RLS_OK
RegulatoryChange,RegulatoryChange,live_supabase:rls_enabled=true,4,live_supabase:policy_count=4,RLS_OK
RiskPrediction,RiskPrediction,live_supabase:rls_enabled=true,4,live_supabase:policy_count=4,RLS_OK
ComplianceTrajectory,ComplianceTrajectory,live_supabase:rls_enabled=true,4,live_supabase:policy_count=4,RLS_OK
SimulationScenario,SimulationScenario,live_supabase:rls_enabled=true,4,live_supabase:policy_count=4,RLS_OK
SimulationResult,SimulationResult,live_supabase:rls_enabled=true,4,live_supabase:policy_count=4,RLS_OK
RedTeamResult,RedTeamResult,live_supabase:rls_enabled=true,4,live_supabase:policy_count=4,RLS_OK
SwarmInsight,SwarmInsight,live_supabase:rls_enabled=true,4,live_supabase:policy_count=4,RLS_OK
IoTDevice,IoTDevice,live_supabase:rls_enabled=true,4,live_supabase:policy_count=4,RLS_OK
EdgeComplianceCheck,EdgeComplianceCheck,live_supabase:rls_enabled=true,4,live_supabase:policy_count=4,RLS_OK
TranscriptionResult,TranscriptionResult,live_supabase:rls_enabled=true,4,live_supabase:policy_count=4,RLS_OK
DeviceTrust,DeviceTrust,live_supabase:rls_enabled=true,4,live_supabase:policy_count=4,RLS_OK
ZeroTrustPolicy,ZeroTrustPolicy,live_supabase:rls_enabled=true,4,live_supabase:policy_count=4,RLS_OK
NetworkSegment,NetworkSegment,live_supabase:rls_enabled=true,4,live_supabase:policy_count=4,RLS_OK
KeyUsage,KeyUsage,live_supabase:rls_enabled=true,4,live_supabase:policy_count=4,RLS_OK
KeyRotationPolicy,KeyRotationPolicy,live_supabase:rls_enabled=true,4,live_supabase:policy_count=4,RLS_OK
CompliancePolicy,CompliancePolicy,live_supabase:rls_enabled=true,4,live_supabase:policy_count=4,RLS_OK
VRTrainingScenario,VRTrainingScenario,live_supabase:rls_enabled=true,4,live_supabase:policy_count=4,RLS_OK
VRTrainingSession,VRTrainingSession,live_supabase:rls_enabled=true,4,live_supabase:policy_count=4,RLS_OK
VRSessionPerformance,VRSessionPerformance,live_supabase:rls_enabled=true,0,live_supabase:policy_count=0,RLS_ENABLED_NO_POLICY
VRCollaborativeSession,VRCollaborativeSession,live_supabase:rls_enabled=true,4,live_supabase:policy_count=4,RLS_OK
NeuroSymbolicReasoning,NeuroSymbolicReasoning,live_supabase:rls_enabled=true,4,live_supabase:policy_count=4,RLS_OK
RuleInference,RuleInference,live_supabase:rls_enabled=true,4,live_supabase:policy_count=4,RLS_OK
FederatedSwarmPeer,FederatedSwarmPeer,live_supabase:rls_enabled=true,4,live_supabase:policy_count=4,RLS_OK
FederatedSwarmAggregation,FederatedSwarmAggregation,live_supabase:rls_enabled=true,4,live_supabase:policy_count=4,RLS_OK
PrivacyBudgetLedger,PrivacyBudgetLedger,live_supabase:rls_enabled=true,4,live_supabase:policy_count=4,RLS_OK
SCAFFOLDControlVariate,SCAFFOLDControlVariate,live_supabase:rls_enabled=true,4,live_supabase:policy_count=4,RLS_OK
KnowledgeGraphEntity,KnowledgeGraphEntity,live_supabase:rls_enabled=true,4,live_supabase:policy_count=4,RLS_OK
KnowledgeGraphRelationship,KnowledgeGraphRelationship,live_supabase:rls_enabled=true,4,live_supabase:policy_count=4,RLS_OK
Notification,Notification,live_supabase:rls_enabled=true,4,live_supabase:policy_count=4,RLS_OK
NotificationPreference,NotificationPreference,live_supabase:rls_enabled=true,0,live_supabase:policy_count=0,RLS_ENABLED_NO_POLICY
Webhook,Webhook,live_supabase:rls_enabled=true,4,live_supabase:policy_count=4,RLS_OK
WebhookEvent,WebhookEvent,live_supabase:rls_enabled=true,4,live_supabase:policy_count=4,RLS_OK
SubscriptionHistory,SubscriptionHistory,live_supabase:rls_enabled=true,4,live_supabase:policy_count=4,RLS_OK
UsageTracking,UsageTracking,live_supabase:rls_enabled=true,4,live_supabase:policy_count=4,RLS_OK
ApiKey,ApiKey,live_supabase:rls_enabled=true,4,live_supabase:policy_count=4,RLS_OK
DemoRequest,DemoRequest,live_supabase:rls_enabled=true,0,live_supabase:policy_count=0,RLS_ENABLED_NO_POLICY
FeatureSubscription,FeatureSubscription,live_supabase:rls_enabled=true,4,live_supabase:policy_count=4,RLS_OK
ControlMapping,ControlMapping,live_supabase:rls_enabled=true,0,live_supabase:policy_count=0,RLS_ENABLED_NO_POLICY
AISuggestion,AISuggestion,live_supabase:rls_enabled=true,4,live_supabase:policy_count=4,RLS_OK
EvidenceVersion,EvidenceVersion,live_supabase:rls_enabled=true,0,live_supabase:policy_count=0,RLS_ENABLED_NO_POLICY
ChatConversation,ChatConversation,live_supabase:rls_enabled=true,4,live_supabase:policy_count=4,RLS_OK
AISystem,AISystem,live_supabase:rls_enabled=true,4,live_supabase:policy_count=4,RLS_OK
AIRMFCoreFunction,AIRMFCoreFunction,live_supabase:rls_enabled=true,0,live_supabase:policy_count=0,RLS_ENABLED_NO_POLICY
AIRMFCategory,AIRMFCategory,live_supabase:rls_enabled=true,0,live_supabase:policy_count=0,RLS_ENABLED_NO_POLICY
AIRMFSubcategory,AIRMFSubcategory,live_supabase:rls_enabled=true,0,live_supabase:policy_count=0,RLS_ENABLED_NO_POLICY
AIRMFTrustworthinessCharacteristic,AIRMFTrustworthinessCharacteristic,live_supabase:rls_enabled=true,0,live_supabase:policy_count=0,RLS_ENABLED_NO_POLICY
AIRMFLifecycleStage,AIRMFLifecycleStage,live_supabase:rls_enabled=true,0,live_supabase:policy_count=0,RLS_ENABLED_NO_POLICY
AIRMFActor,AIRMFActor,live_supabase:rls_enabled=true,0,live_supabase:policy_count=0,RLS_ENABLED_NO_POLICY
AIRMFAssessment,AIRMFAssessment,live_supabase:rls_enabled=true,0,live_supabase:policy_count=0,RLS_ENABLED_NO_POLICY
AIRMFProfile,AIRMFProfile,live_supabase:rls_enabled=true,0,live_supabase:policy_count=0,RLS_ENABLED_NO_POLICY
AIRMFRiskActivity,AIRMFRiskActivity,live_supabase:rls_enabled=true,0,live_supabase:policy_count=0,RLS_ENABLED_NO_POLICY
EUAIActSystem,EUAIActSystem,live_supabase:rls_enabled=true,4,live_supabase:policy_count=4,RLS_OK
EUAIActRiskAssessment,EUAIActRiskAssessment,live_supabase:rls_enabled=true,4,live_supabase:policy_count=4,RLS_OK
EUAIActTransparencyReport,EUAIActTransparencyReport,live_supabase:rls_enabled=true,4,live_supabase:policy_count=4,RLS_OK
DMAGatekeeper,DMAGatekeeper,live_supabase:rls_enabled=true,4,live_supabase:policy_count=4,RLS_OK
DMAComplianceReport,DMAComplianceReport,live_supabase:rls_enabled=true,4,live_supabase:policy_count=4,RLS_OK
DMAObligationTracking,DMAObligationTracking,live_supabase:rls_enabled=true,4,live_supabase:policy_count=4,RLS_OK
DSAPlatform,DSAPlatform,live_supabase:rls_enabled=true,4,live_supabase:policy_count=4,RLS_OK
DSAContentModeration,DSAContentModeration,live_supabase:rls_enabled=true,4,live_supabase:policy_count=4,RLS_OK
DSATransparencyReport,DSATransparencyReport,live_supabase:rls_enabled=true,4,live_supabase:policy_count=4,RLS_OK
DSAIllegalContentReport,DSAIllegalContentReport,live_supabase:rls_enabled=true,4,live_supabase:policy_count=4,RLS_OK
DSAAdRepository,DSAAdRepository,live_supabase:rls_enabled=true,4,live_supabase:policy_count=4,RLS_OK
DSARiskAssessment,DSARiskAssessment,live_supabase:rls_enabled=true,4,live_supabase:policy_count=4,RLS_OK
DSANonPersonalizedFeed,DSANonPersonalizedFeed,live_supabase:rls_enabled=true,4,live_supabase:policy_count=4,RLS_OK
EmailVerificationToken,EmailVerificationToken,live_supabase:rls_enabled=true,0,live_supabase:policy_count=0,RLS_ENABLED_NO_POLICY
Course,Course,live_supabase:rls_enabled=true,0,live_supabase:policy_count=0,RLS_ENABLED_NO_POLICY
CourseLesson,CourseLesson,live_supabase:rls_enabled=true,0,live_supabase:policy_count=0,RLS_ENABLED_NO_POLICY
CourseEnrollment,CourseEnrollment,live_supabase:rls_enabled=true,0,live_supabase:policy_count=0,RLS_ENABLED_NO_POLICY
Tutorial,Tutorial,live_supabase:rls_enabled=true,0,live_supabase:policy_count=0,RLS_ENABLED_NO_POLICY
Webinar,Webinar,live_supabase:rls_enabled=true,0,live_supabase:policy_count=0,RLS_ENABLED_NO_POLICY
WebinarRegistration,WebinarRegistration,live_supabase:rls_enabled=true,0,live_supabase:policy_count=0,RLS_ENABLED_NO_POLICY
CertificationProgram,CertificationProgram,live_supabase:rls_enabled=true,0,live_supabase:policy_count=0,RLS_ENABLED_NO_POLICY
UserCertification,UserCertification,live_supabase:rls_enabled=true,0,live_supabase:policy_count=0,RLS_ENABLED_NO_POLICY
ForumCategory,ForumCategory,live_supabase:rls_enabled=true,0,live_supabase:policy_count=0,RLS_ENABLED_NO_POLICY
ForumPost,ForumPost,live_supabase:rls_enabled=true,0,live_supabase:policy_count=0,RLS_ENABLED_NO_POLICY
ForumComment,ForumComment,live_supabase:rls_enabled=true,0,live_supabase:policy_count=0,RLS_ENABLED_NO_POLICY
ForumVote,ForumVote,live_supabase:rls_enabled=true,0,live_supabase:policy_count=0,RLS_ENABLED_NO_POLICY
CommunityEvent,CommunityEvent,live_supabase:rls_enabled=true,0,live_supabase:policy_count=0,RLS_ENABLED_NO_POLICY
EventRegistration,EventRegistration,live_supabase:rls_enabled=true,0,live_supabase:policy_count=0,RLS_ENABLED_NO_POLICY
SharedResource,SharedResource,live_supabase:rls_enabled=true,0,live_supabase:policy_count=0,RLS_ENABLED_NO_POLICY
ResourceDownload,ResourceDownload,live_supabase:rls_enabled=true,0,live_supabase:policy_count=0,RLS_ENABLED_NO_POLICY
UserContribution,UserContribution,live_supabase:rls_enabled=true,0,live_supabase:policy_count=0,RLS_ENABLED_NO_POLICY
ContributionActivity,ContributionActivity,live_supabase:rls_enabled=true,0,live_supabase:policy_count=0,RLS_ENABLED_NO_POLICY
ServiceStatus,ServiceStatus,live_supabase:rls_enabled=true,0,live_supabase:policy_count=0,RLS_ENABLED_NO_POLICY
StatusHistory,StatusHistory,live_supabase:rls_enabled=true,0,live_supabase:policy_count=0,RLS_ENABLED_NO_POLICY
Incident,Incident,live_supabase:rls_enabled=true,0,live_supabase:policy_count=0,RLS_ENABLED_NO_POLICY
IncidentUpdate,IncidentUpdate,live_supabase:rls_enabled=true,0,live_supabase:policy_count=0,RLS_ENABLED_NO_POLICY
MaintenanceWindow,MaintenanceWindow,live_supabase:rls_enabled=true,0,live_supabase:policy_count=0,RLS_ENABLED_NO_POLICY
StatusSubscription,StatusSubscription,live_supabase:rls_enabled=true,0,live_supabase:policy_count=0,RLS_ENABLED_NO_POLICY
OnboardingProgress,OnboardingProgress,live_supabase:rls_enabled=true,4,live_supabase:policy_count=4,RLS_OK
OnboardingEvent,OnboardingEvent,live_supabase:rls_enabled=true,4,live_supabase:policy_count=4,RLS_OK
OnboardingChecklist,OnboardingChecklist,live_supabase:rls_enabled=true,4,live_supabase:policy_count=4,RLS_OK
PhishingTraining,PhishingTraining,live_supabase:rls_enabled=true,4,live_supabase:policy_count=4,RLS_OK
GapAnalysis,GapAnalysis,live_supabase:rls_enabled=true,4,live_supabase:policy_count=4,RLS_OK
RFPResponse,RFPResponse,live_supabase:rls_enabled=true,4,live_supabase:policy_count=4,RLS_OK
DataMap,DataMap,live_supabase:rls_enabled=true,4,live_supabase:policy_count=4,RLS_OK
BCPPlan,BCPPlan,live_supabase:rls_enabled=true,4,live_supabase:policy_count=4,RLS_OK
JITAccessRequest,JITAccessRequest,live_supabase:rls_enabled=true,4,live_supabase:policy_count=4,RLS_OK
JITSession,JITSession,live_supabase:rls_enabled=true,4,live_supabase:policy_count=4,RLS_OK
SwarmAgent,SwarmAgent,live_supabase:rls_enabled=true,4,live_supabase:policy_count=4,RLS_OK
SwarmTask,SwarmTask,live_supabase:rls_enabled=true,4,live_supabase:policy_count=4,RLS_OK
SwarmTaskCheckpoint,SwarmTaskCheckpoint,live_supabase:rls_enabled=true,0,live_supabase:policy_count=0,RLS_ENABLED_NO_POLICY
UserSession,UserSession,live_supabase:rls_enabled=true,4,live_supabase:policy_count=4,RLS_OK
VRParticipant,VRParticipant,live_supabase:rls_enabled=true,0,live_supabase:policy_count=0,RLS_ENABLED_NO_POLICY
VRChatMessage,VRChatMessage,live_supabase:rls_enabled=true,0,live_supabase:policy_count=0,RLS_ENABLED_NO_POLICY
VRAnnotation,VRAnnotation,live_supabase:rls_enabled=true,0,live_supabase:policy_count=0,RLS_ENABLED_NO_POLICY
VRVoiceChatState,VRVoiceChatState,live_supabase:rls_enabled=true,0,live_supabase:policy_count=0,RLS_ENABLED_NO_POLICY
VRTrainingProgress,VRTrainingProgress,live_supabase:rls_enabled=true,0,live_supabase:policy_count=0,RLS_ENABLED_NO_POLICY
QuestionnaireTemplate,QuestionnaireTemplate,live_supabase:rls_enabled=true,4,live_supabase:policy_count=4,RLS_OK
PolicyTemplate,PolicyTemplate,live_supabase:rls_enabled=true,4,live_supabase:policy_count=4,RLS_OK
WebRTCSession,WebRTCSession,live_supabase:rls_enabled=true,4,live_supabase:policy_count=4,RLS_OK
WebRTCPeer,WebRTCPeer,live_supabase:rls_enabled=true,0,live_supabase:policy_count=0,RLS_ENABLED_NO_POLICY
LivenessChallenge,LivenessChallenge,live_supabase:rls_enabled=true,4,live_supabase:policy_count=4,RLS_OK
LivenessFrame,LivenessFrame,live_supabase:rls_enabled=true,0,live_supabase:policy_count=0,RLS_ENABLED_NO_POLICY
LDAPRoleMapping,LDAPRoleMapping,live_supabase:rls_enabled=true,4,live_supabase:policy_count=4,RLS_OK
SwarmTaskMetric,SwarmTaskMetric,live_supabase:rls_enabled=true,4,live_supabase:policy_count=4,RLS_OK
SwarmTaskAlert,SwarmTaskAlert,live_supabase:rls_enabled=true,4,live_supabase:policy_count=4,RLS_OK
GNNModel,GNNModel,live_supabase:rls_enabled=true,4,live_supabase:policy_count=4,RLS_OK
GovernanceBody,GovernanceBody,live_supabase:rls_enabled=true,4,live_supabase:policy_count=4,RLS_OK
GovernanceMeeting,GovernanceMeeting,live_supabase:rls_enabled=true,0,live_supabase:policy_count=0,RLS_ENABLED_NO_POLICY
GovernanceDecision,GovernanceDecision,live_supabase:rls_enabled=true,0,live_supabase:policy_count=0,RLS_ENABLED_NO_POLICY
EscalationPath,EscalationPath,live_supabase:rls_enabled=true,0,live_supabase:policy_count=0,RLS_ENABLED_NO_POLICY
DPOProfile,DPOProfile,live_supabase:rls_enabled=true,4,live_supabase:policy_count=4,RLS_OK
BreachIncident,BreachIncident,live_supabase:rls_enabled=true,4,live_supabase:policy_count=4,RLS_OK
BreachNotification,BreachNotification,live_supabase:rls_enabled=true,0,live_supabase:policy_count=0,RLS_ENABLED_NO_POLICY
BreachTemplate,BreachTemplate,live_supabase:rls_enabled=true,4,live_supabase:policy_count=4,RLS_OK
RegulatoryContact,RegulatoryContact,live_supabase:rls_enabled=true,4,live_supabase:policy_count=4,RLS_OK
CEProduct,CEProduct,live_supabase:rls_enabled=true,4,live_supabase:policy_count=4,RLS_OK
DigitalProductPassport,DigitalProductPassport,live_supabase:rls_enabled=true,4,live_supabase:policy_count=4,RLS_OK
ESGMetric,ESGMetric,live_supabase:rls_enabled=true,4,live_supabase:policy_count=4,RLS_OK
MaterialityAssessment,MaterialityAssessment,live_supabase:rls_enabled=true,4,live_supabase:policy_count=4,RLS_OK
SBOMEntry,SBOMEntry,live_supabase:rls_enabled=true,4,live_supabase:policy_count=4,RLS_OK
SBOMRepository,SBOMRepository,live_supabase:rls_enabled=true,4,live_supabase:policy_count=4,RLS_OK
SurveillancePlan,SurveillancePlan,live_supabase:rls_enabled=true,4,live_supabase:policy_count=4,RLS_OK
SurveillanceIncident,SurveillanceIncident,live_supabase:rls_enabled=true,0,live_supabase:policy_count=0,RLS_ENABLED_NO_POLICY
ProductRecall,ProductRecall,live_supabase:rls_enabled=true,4,live_supabase:policy_count=4,RLS_OK
ProductDecommission,ProductDecommission,live_supabase:rls_enabled=true,4,live_supabase:policy_count=4,RLS_OK
LifecycleAssessment,LifecycleAssessment,live_supabase:rls_enabled=true,4,live_supabase:policy_count=4,RLS_OK
ProductLifecycle,ProductLifecycle,live_supabase:rls_enabled=true,4,live_supabase:policy_count=4,RLS_OK
ProcessMap,ProcessMap,live_supabase:rls_enabled=true,4,live_supabase:policy_count=4,RLS_OK
RegulationModuleData,RegulationModuleData,live_supabase:rls_enabled=true,4,live_supabase:policy_count=4,RLS_OK
MetricsHistory,MetricsHistory,live_supabase:rls_enabled=true,4,live_supabase:policy_count=4,RLS_OK
DORAICTRiskAssessment,DORAICTRiskAssessment,live_supabase:rls_enabled=true,4,live_supabase:policy_count=4,RLS_OK
DORAICTIncident,DORAICTIncident,live_supabase:rls_enabled=true,4,live_supabase:policy_count=4,RLS_OK
DORAThirdPartyProvider,DORAThirdPartyProvider,live_supabase:rls_enabled=true,4,live_supabase:policy_count=4,RLS_OK
DORAResilienceTest,DORAResilienceTest,live_supabase:rls_enabled=true,4,live_supabase:policy_count=4,RLS_OK
DORAInformationRegister,DORAInformationRegister,live_supabase:rls_enabled=true,4,live_supabase:policy_count=4,RLS_OK
AuditorProfile,AuditorProfile,live_supabase:rls_enabled=true,4,live_supabase:policy_count=4,RLS_OK
AuditEngagement,AuditEngagement,live_supabase:rls_enabled=true,4,live_supabase:policy_count=4,RLS_OK
AuditFinding,AuditFinding,live_supabase:rls_enabled=true,4,live_supabase:policy_count=4,RLS_OK
AuditWorkpaper,AuditWorkpaper,live_supabase:rls_enabled=true,0,live_supabase:policy_count=0,RLS_ENABLED_NO_POLICY
AuditRequest,AuditRequest,live_supabase:rls_enabled=true,0,live_supabase:policy_count=0,RLS_ENABLED_NO_POLICY
GRCWorkflow,GRCWorkflow,live_supabase:rls_enabled=true,4,live_supabase:policy_count=4,RLS_OK
WorkflowExecution,WorkflowExecution,live_supabase:rls_enabled=true,0,live_supabase:policy_count=0,RLS_ENABLED_NO_POLICY
ManagedDevice,ManagedDevice,live_supabase:rls_enabled=true,4,live_supabase:policy_count=4,RLS_OK
MDMPolicy,MDMPolicy,live_supabase:rls_enabled=true,4,live_supabase:policy_count=4,RLS_OK
DeviceAction,DeviceAction,live_supabase:rls_enabled=true,0,live_supabase:policy_count=0,RLS_ENABLED_NO_POLICY
DeviceComplianceCheck,DeviceComplianceCheck,live_supabase:rls_enabled=true,0,live_supabase:policy_count=0,RLS_ENABLED_NO_POLICY
SOXControl,SOXControl,live_supabase:rls_enabled=true,4,live_supabase:policy_count=4,RLS_OK
SOXTestResult,SOXTestResult,live_supabase:rls_enabled=true,0,live_supabase:policy_count=0,RLS_ENABLED_NO_POLICY
SOXAssessment,SOXAssessment,live_supabase:rls_enabled=true,4,live_supabase:policy_count=4,RLS_OK
SoDRule,SoDRule,live_supabase:rls_enabled=true,4,live_supabase:policy_count=4,RLS_OK
SoDViolation,SoDViolation,live_supabase:rls_enabled=true,4,live_supabase:policy_count=4,RLS_OK
DSARRequest,DSARRequest,live_supabase:rls_enabled=true,4,live_supabase:policy_count=4,RLS_OK
ConsentRecord,ConsentRecord,live_supabase:rls_enabled=true,4,live_supabase:policy_count=4,RLS_OK
ConsentPreference,ConsentPreference,live_supabase:rls_enabled=true,4,live_supabase:policy_count=4,RLS_OK
DataDeletionRequest,DataDeletionRequest,live_supabase:rls_enabled=true,4,live_supabase:policy_count=4,RLS_OK
ProcessingRestriction,ProcessingRestriction,live_supabase:rls_enabled=true,4,live_supabase:policy_count=4,RLS_OK
RetentionPolicy,RetentionPolicy,live_supabase:rls_enabled=true,4,live_supabase:policy_count=4,RLS_OK
RetentionEnforcement,RetentionEnforcement,live_supabase:rls_enabled=true,0,live_supabase:policy_count=0,RLS_ENABLED_NO_POLICY
SCCTemplate,SCCTemplate,live_supabase:rls_enabled=true,4,live_supabase:policy_count=4,RLS_OK
TIAAssessment,TIAAssessment,live_supabase:rls_enabled=true,4,live_supabase:policy_count=4,RLS_OK
BCRProgram,BCRProgram,live_supabase:rls_enabled=true,4,live_supabase:policy_count=4,RLS_OK
AITransparencyNotice,AITransparencyNotice,live_supabase:rls_enabled=true,4,live_supabase:policy_count=4,RLS_OK
JITPrivacyNotice,JITPrivacyNotice,live_supabase:rls_enabled=true,4,live_supabase:policy_count=4,RLS_OK
AzureResource,AzureResource,live_supabase:rls_enabled=true,4,live_supabase:policy_count=4,RLS_OK
AzureSecurityFinding,AzureSecurityFinding,live_supabase:rls_enabled=true,4,live_supabase:policy_count=4,RLS_OK
AzureSecurityAlert,AzureSecurityAlert,live_supabase:rls_enabled=true,4,live_supabase:policy_count=4,RLS_OK
AzurePolicyCompliance,AzurePolicyCompliance,live_supabase:rls_enabled=true,4,live_supabase:policy_count=4,RLS_OK
AzureUser,AzureUser,live_supabase:rls_enabled=true,4,live_supabase:policy_count=4,RLS_OK
AzureSyncJob,AzureSyncJob,live_supabase:rls_enabled=true,4,live_supabase:policy_count=4,RLS_OK
DataProtectionImpactAssessment,DataProtectionImpactAssessment,live_supabase:rls_enabled=true,0,live_supabase:policy_count=0,RLS_ENABLED_NO_POLICY
DPIARiskAssessment,DPIARiskAssessment,live_supabase:rls_enabled=true,0,live_supabase:policy_count=0,RLS_ENABLED_NO_POLICY
ProcessingActivityRecord,ProcessingActivityRecord,live_supabase:rls_enabled=true,0,live_supabase:policy_count=0,RLS_ENABLED_NO_POLICY
SecurityTraining,SecurityTraining,live_supabase:rls_enabled=true,0,live_supabase:policy_count=0,RLS_ENABLED_NO_POLICY
SecurityTrainingRecord,SecurityTrainingRecord,live_supabase:rls_enabled=true,0,live_supabase:policy_count=0,RLS_ENABLED_NO_POLICY
GrcIncident,GrcIncident,live_supabase:rls_enabled=true,4,live_supabase:policy_count=4,RLS_OK
IncidentTimelineEntry,IncidentTimelineEntry,live_supabase:rls_enabled=true,0,live_supabase:policy_count=0,RLS_ENABLED_NO_POLICY
IncidentTask,IncidentTask,live_supabase:rls_enabled=true,0,live_supabase:policy_count=0,RLS_ENABLED_NO_POLICY
Asset,Asset,live_supabase:rls_enabled=true,0,live_supabase:policy_count=0,RLS_ENABLED_NO_POLICY
ComplianceDeadline,ComplianceDeadline,live_supabase:rls_enabled=true,0,live_supabase:policy_count=0,RLS_ENABLED_NO_POLICY
MaturityAssessment,MaturityAssessment,live_supabase:rls_enabled=true,0,live_supabase:policy_count=0,RLS_ENABLED_NO_POLICY
MaturityDomain,MaturityDomain,live_supabase:rls_enabled=true,0,live_supabase:policy_count=0,RLS_ENABLED_NO_POLICY
BusinessProcess,BusinessProcess,live_supabase:rls_enabled=true,0,live_supabase:policy_count=0,RLS_ENABLED_NO_POLICY
ProcessDependency,ProcessDependency,live_supabase:rls_enabled=true,0,live_supabase:policy_count=0,RLS_ENABLED_NO_POLICY
ControlEffectivenessRecord,ControlEffectivenessRecord,live_supabase:rls_enabled=true,0,live_supabase:policy_count=0,RLS_ENABLED_NO_POLICY
ComplianceCost,ComplianceCost,live_supabase:rls_enabled=true,0,live_supabase:policy_count=0,RLS_ENABLED_NO_POLICY
ComplianceException,ComplianceException,live_supabase:rls_enabled=true,0,live_supabase:policy_count=0,RLS_ENABLED_NO_POLICY
Certification,Certification,live_supabase:rls_enabled=true,0,live_supabase:policy_count=0,RLS_ENABLED_NO_POLICY
CertAudit,CertAudit,live_supabase:rls_enabled=true,0,live_supabase:policy_count=0,RLS_ENABLED_NO_POLICY
RegulatoryChangeDetection,RegulatoryChangeDetection,live_supabase:rls_enabled=true,0,live_supabase:policy_count=0,RLS_ENABLED_NO_POLICY
RegulatoryChangeImpact,RegulatoryChangeImpact,live_supabase:rls_enabled=true,0,live_supabase:policy_count=0,RLS_ENABLED_NO_POLICY
EvidenceCollectionRule,EvidenceCollectionRule,live_supabase:rls_enabled=true,0,live_supabase:policy_count=0,RLS_ENABLED_NO_POLICY
ControlTest,ControlTest,live_supabase:rls_enabled=true,0,live_supabase:policy_count=0,RLS_ENABLED_NO_POLICY
ControlTestResult,ControlTestResult,live_supabase:rls_enabled=true,0,live_supabase:policy_count=0,RLS_ENABLED_NO_POLICY
SSOConfiguration,SSOConfiguration,live_supabase:rls_enabled=true,0,live_supabase:policy_count=0,RLS_ENABLED_NO_POLICY
SCIMConfiguration,SCIMConfiguration,live_supabase:rls_enabled=true,0,live_supabase:policy_count=0,RLS_ENABLED_NO_POLICY
CustomRole,CustomRole,live_supabase:rls_enabled=true,0,live_supabase:policy_count=0,RLS_ENABLED_NO_POLICY
RolePermission,RolePermission,live_supabase:rls_enabled=true,0,live_supabase:policy_count=0,RLS_ENABLED_NO_POLICY
UserRole,UserRole,live_supabase:rls_enabled=true,0,live_supabase:policy_count=0,RLS_ENABLED_NO_POLICY
BrandingConfig,BrandingConfig,live_supabase:rls_enabled=true,0,live_supabase:policy_count=0,RLS_ENABLED_NO_POLICY
CustomDashboard,CustomDashboard,live_supabase:rls_enabled=true,0,live_supabase:policy_count=0,RLS_ENABLED_NO_POLICY
DashboardWidget,DashboardWidget,live_supabase:rls_enabled=true,0,live_supabase:policy_count=0,RLS_ENABLED_NO_POLICY
ReportTemplate,ReportTemplate,live_supabase:rls_enabled=true,0,live_supabase:policy_count=0,RLS_ENABLED_NO_POLICY
CICDGatePolicy,CICDGatePolicy,live_supabase:rls_enabled=true,0,live_supabase:policy_count=0,RLS_ENABLED_NO_POLICY
CICDGateResult,CICDGateResult,live_supabase:rls_enabled=true,0,live_supabase:policy_count=0,RLS_ENABLED_NO_POLICY
SearchIndex,SearchIndex,live_supabase:rls_enabled=true,0,live_supabase:policy_count=0,RLS_ENABLED_NO_POLICY
VendorMonitoringCheck,VendorMonitoringCheck,live_supabase:rls_enabled=true,0,live_supabase:policy_count=0,RLS_ENABLED_NO_POLICY
ISO27001Assessment,ISO27001Assessment,live_supabase:rls_enabled=true,0,live_supabase:policy_count=0,RLS_ENABLED_NO_POLICY
ISO27001SoA,ISO27001SoA,live_supabase:rls_enabled=true,0,live_supabase:policy_count=0,RLS_ENABLED_NO_POLICY
ISO27001RiskScenario,ISO27001RiskScenario,live_supabase:rls_enabled=true,0,live_supabase:policy_count=0,RLS_ENABLED_NO_POLICY
ISO27001CorrectiveAction,ISO27001CorrectiveAction,live_supabase:rls_enabled=true,0,live_supabase:policy_count=0,RLS_ENABLED_NO_POLICY
PHIRecord,PHIRecord,live_supabase:rls_enabled=true,0,live_supabase:policy_count=0,RLS_ENABLED_NO_POLICY
PHIAccessGrant,PHIAccessGrant,live_supabase:rls_enabled=true,0,live_supabase:policy_count=0,RLS_ENABLED_NO_POLICY
BusinessAssociateAgreement,BusinessAssociateAgreement,live_supabase:rls_enabled=true,0,live_supabase:policy_count=0,RLS_ENABLED_NO_POLICY
HIPAABreachRiskAssessment,HIPAABreachRiskAssessment,live_supabase:rls_enabled=true,0,live_supabase:policy_count=0,RLS_ENABLED_NO_POLICY
PCIScope,PCIScope,live_supabase:rls_enabled=true,0,live_supabase:policy_count=0,RLS_ENABLED_NO_POLICY
PCIRequirement,PCIRequirement,live_supabase:rls_enabled=true,0,live_supabase:policy_count=0,RLS_ENABLED_NO_POLICY
PCIEvidence,PCIEvidence,live_supabase:rls_enabled=true,0,live_supabase:policy_count=0,RLS_ENABLED_NO_POLICY
QSAFinding,QSAFinding,live_supabase:rls_enabled=true,0,live_supabase:policy_count=0,RLS_ENABLED_NO_POLICY
CompensatingControlWorksheet,CompensatingControlWorksheet,live_supabase:rls_enabled=true,0,live_supabase:policy_count=0,RLS_ENABLED_NO_POLICY
PCIROC,PCIROC,live_supabase:rls_enabled=true,0,live_supabase:policy_count=0,RLS_ENABLED_NO_POLICY
PCIAOC,PCIAOC,live_supabase:rls_enabled=true,0,live_supabase:policy_count=0,RLS_ENABLED_NO_POLICY
SOC2Engagement,SOC2Engagement,live_supabase:rls_enabled=true,0,live_supabase:policy_count=0,RLS_ENABLED_NO_POLICY
SOC2Control,SOC2Control,live_supabase:rls_enabled=true,0,live_supabase:policy_count=0,RLS_ENABLED_NO_POLICY
SOC2EvidenceSample,SOC2EvidenceSample,live_supabase:rls_enabled=true,0,live_supabase:policy_count=0,RLS_ENABLED_NO_POLICY
SOC2Exception,SOC2Exception,live_supabase:rls_enabled=true,0,live_supabase:policy_count=0,RLS_ENABLED_NO_POLICY
SOC2CUEC,SOC2CUEC,live_supabase:rls_enabled=true,0,live_supabase:policy_count=0,RLS_ENABLED_NO_POLICY
SOC2ManagementAssertion,SOC2ManagementAssertion,live_supabase:rls_enabled=true,0,live_supabase:policy_count=0,RLS_ENABLED_NO_POLICY
NistCsfProfile,NistCsfProfile,live_supabase:rls_enabled=true,0,live_supabase:policy_count=0,RLS_ENABLED_NO_POLICY
NistCsfSubcategoryAssessment,NistCsfSubcategoryAssessment,live_supabase:rls_enabled=true,0,live_supabase:policy_count=0,RLS_ENABLED_NO_POLICY
NistCsfGapAnalysis,NistCsfGapAnalysis,live_supabase:rls_enabled=true,0,live_supabase:policy_count=0,RLS_ENABLED_NO_POLICY
NistCsfActionItem,NistCsfActionItem,live_supabase:rls_enabled=true,0,live_supabase:policy_count=0,RLS_ENABLED_NO_POLICY
NPSInvitation,NPSInvitation,live_supabase:rls_enabled=true,0,live_supabase:policy_count=0,RLS_ENABLED_NO_POLICY
NPSResponse,NPSResponse,live_supabase:rls_enabled=true,0,live_supabase:policy_count=0,RLS_ENABLED_NO_POLICY
