site_number,file,line,call_signature,verdict,input_source,wrapper_call_line,evidence_quote,severity,verified_at,verified_by
1,frameworksController.ts,x,,NOT_APPLICABLE,AppError-throw,,not multer call site,NONE,2026-05-28T18:30:00Z,s2-cov17-1
2,generated/prisma/client/index.d.ts,x,,NOT_APPLICABLE,prisma-generated-type,,not multer call site,NONE,2026-05-28T18:30:00Z,s2-cov17-1
3,generated/prisma/client/index.d.ts,x,,NOT_APPLICABLE,prisma-generated-type,,not multer call site,NONE,2026-05-28T18:30:00Z,s2-cov17-1
4,generated/prisma/client/index.d.ts,x,,NOT_APPLICABLE,prisma-generated-type,,not multer call site,NONE,2026-05-28T18:30:00Z,s2-cov17-1
5,generated/prisma/client/index.d.ts,x,,NOT_APPLICABLE,prisma-generated-type,,not multer call site,NONE,2026-05-28T18:30:00Z,s2-cov17-1
6,generated/prisma/client/index.d.ts,x,,NOT_APPLICABLE,prisma-generated-type,,not multer call site,NONE,2026-05-28T18:30:00Z,s2-cov17-1
7,generated/prisma/client/index.d.ts,x,,NOT_APPLICABLE,prisma-generated-type,,not multer call site,NONE,2026-05-28T18:30:00Z,s2-cov17-1
8,generated/prisma/client/index.d.ts,x,,NOT_APPLICABLE,prisma-generated-type,,not multer call site,NONE,2026-05-28T18:30:00Z,s2-cov17-1
9,generated/prisma/client/index.d.ts,x,,NOT_APPLICABLE,prisma-generated-type,,not multer call site,NONE,2026-05-28T18:30:00Z,s2-cov17-1
10,generated/prisma/client/index.d.ts,x,,NOT_APPLICABLE,prisma-generated-type,,not multer call site,NONE,2026-05-28T18:30:00Z,s2-cov17-1
11,generated/prisma/client/index.d.ts,x,,NOT_APPLICABLE,prisma-generated-type,,not multer call site,NONE,2026-05-28T18:30:00Z,s2-cov17-1
12,generated/prisma/client/index.d.ts,x,,NOT_APPLICABLE,prisma-generated-type,,not multer call site,NONE,2026-05-28T18:30:00Z,s2-cov17-1
13,generated/prisma/client/index.d.ts,x,,NOT_APPLICABLE,prisma-generated-type,,not multer call site,NONE,2026-05-28T18:30:00Z,s2-cov17-1
14,generated/prisma/client/index.d.ts,x,,NOT_APPLICABLE,prisma-generated-type,,not multer call site,NONE,2026-05-28T18:30:00Z,s2-cov17-1
15,generated/prisma/client/index.d.ts,x,,NOT_APPLICABLE,prisma-generated-type,,not multer call site,NONE,2026-05-28T18:30:00Z,s2-cov17-1
16,generated/prisma/client/index.d.ts,x,,NOT_APPLICABLE,prisma-generated-type,,not multer call site,NONE,2026-05-28T18:30:00Z,s2-cov17-1
17,generated/prisma/client/index.d.ts,x,,NOT_APPLICABLE,prisma-generated-type,,not multer call site,NONE,2026-05-28T18:30:00Z,s2-cov17-1
18,generated/prisma/client/index.d.ts,x,,NOT_APPLICABLE,prisma-generated-type,,not multer call site,NONE,2026-05-28T18:30:00Z,s2-cov17-1
19,generated/prisma/client/index.d.ts,x,,NOT_APPLICABLE,prisma-generated-type,,not multer call site,NONE,2026-05-28T18:30:00Z,s2-cov17-1
20,generated/prisma/client/index.d.ts,x,,NOT_APPLICABLE,prisma-generated-type,,not multer call site,NONE,2026-05-28T18:30:00Z,s2-cov17-1
21,generated/prisma/client/index.d.ts,x,,NOT_APPLICABLE,prisma-generated-type,,not multer call site,NONE,2026-05-28T18:30:00Z,s2-cov17-1
22,generated/prisma/client/index.d.ts,x,,NOT_APPLICABLE,prisma-generated-type,,not multer call site,NONE,2026-05-28T18:30:00Z,s2-cov17-1
23,generated/prisma/client/index.d.ts,x,,NOT_APPLICABLE,prisma-generated-type,,not multer call site,NONE,2026-05-28T18:30:00Z,s2-cov17-1
24,generated/prisma/client/index.d.ts,x,,NOT_APPLICABLE,prisma-generated-type,,not multer call site,NONE,2026-05-28T18:30:00Z,s2-cov17-1
25,generated/prisma/client/index.d.ts,x,,NOT_APPLICABLE,prisma-generated-type,,not multer call site,NONE,2026-05-28T18:30:00Z,s2-cov17-1
26,./server/src/generated/prisma/client/index.d.ts,70710,prisma.fileUpload,NOT_APPLICABLE,prisma-type,,,NONE,2026-05-28T18:30:00Z,s2-cov17-2
27,./server/src/generated/prisma/client/index.d.ts,70727,prisma.fileUpload,NOT_APPLICABLE,prisma-type,,,NONE,2026-05-28T18:30:00Z,s2-cov17-2
28,./server/src/generated/prisma/client/index.d.ts,70737,prisma.fileUpload,NOT_APPLICABLE,prisma-type,,,NONE,2026-05-28T18:30:00Z,s2-cov17-2
29,./server/src/generated/prisma/client/index.d.ts,70757,prisma.fileUpload,NOT_APPLICABLE,prisma-type,,,NONE,2026-05-28T18:30:00Z,s2-cov17-2
30,./server/src/generated/prisma/client/index.d.ts,70779,prisma.fileUpload,NOT_APPLICABLE,prisma-type,,,NONE,2026-05-28T18:30:00Z,s2-cov17-2
31,./server/src/routes/acos.ts,56,multer config,GAP_MEDIUM,multer.memoryStorage,ABSENT,fileSize 100MB but NO fileFilter,GAP_MEDIUM,2026-05-28T18:30:00Z,s2-cov17-2
32,./server/src/routes/acos.ts,93,upload.single from acos.ts:56,GAP_MEDIUM,multer-acos-line56,ABSENT,inherits acos.ts:56 config (no MIME filter),GAP_MEDIUM,2026-05-28T18:30:00Z,s2-cov17-2
33,./server/src/routes/acos.ts,94,upload.single from acos.ts:56,GAP_MEDIUM,multer-acos-line56,ABSENT,inherits acos.ts:56 config (no MIME filter),GAP_MEDIUM,2026-05-28T18:30:00Z,s2-cov17-2
34,./server/src/routes/acos.ts,95,upload.single from acos.ts:56,GAP_MEDIUM,multer-acos-line56,ABSENT,inherits acos.ts:56 config (no MIME filter),GAP_MEDIUM,2026-05-28T18:30:00Z,s2-cov17-2
35,./server/src/routes/acos.ts,96,upload.single from acos.ts:56,GAP_MEDIUM,multer-acos-line56,ABSENT,inherits acos.ts:56 config (no MIME filter),GAP_MEDIUM,2026-05-28T18:30:00Z,s2-cov17-2
36,./server/src/routes/acos.ts,98,upload.single from acos.ts:56,GAP_MEDIUM,multer-acos-line56,ABSENT,inherits acos.ts:56 config (no MIME filter),GAP_MEDIUM,2026-05-28T18:30:00Z,s2-cov17-2
37,./server/src/routes/acos.ts,100,upload.single from acos.ts:56,GAP_MEDIUM,multer-acos-line56,ABSENT,inherits acos.ts:56 config (no MIME filter),GAP_MEDIUM,2026-05-28T18:30:00Z,s2-cov17-2
38,./server/src/routes/acos.ts,102,upload.single from acos.ts:56,GAP_MEDIUM,multer-acos-line56,ABSENT,inherits acos.ts:56 config (no MIME filter),GAP_MEDIUM,2026-05-28T18:30:00Z,s2-cov17-2
39,./server/src/routes/acos.ts,106,upload.single from acos.ts:56,GAP_MEDIUM,multer-acos-line56,ABSENT,inherits acos.ts:56 config (no MIME filter),GAP_MEDIUM,2026-05-28T18:30:00Z,s2-cov17-2
40,./server/src/routes/acos.ts,107,upload.single from acos.ts:56,GAP_MEDIUM,multer-acos-line56,ABSENT,inherits acos.ts:56 config (no MIME filter),GAP_MEDIUM,2026-05-28T18:30:00Z,s2-cov17-2
41,./server/src/routes/acos.ts,111,upload.single from acos.ts:56,GAP_MEDIUM,multer-acos-line56,ABSENT,inherits acos.ts:56 config (no MIME filter),GAP_MEDIUM,2026-05-28T18:30:00Z,s2-cov17-2
42,./server/src/routes/acos.ts,169,upload.single from acos.ts:56,GAP_MEDIUM,multer-acos-line56,ABSENT,inherits acos.ts:56 config (no MIME filter),GAP_MEDIUM,2026-05-28T18:30:00Z,s2-cov17-2
43,./server/src/routes/acos.ts,170,upload.single from acos.ts:56,GAP_MEDIUM,multer-acos-line56,ABSENT,inherits acos.ts:56 config (no MIME filter),GAP_MEDIUM,2026-05-28T18:30:00Z,s2-cov17-2
44,./server/src/routes/auth.ts,23,multer 2MB + MIME allowlist,SIZE_AND_MIME_VERIFIED,,23,2MB + jpeg/png/gif/webp,NONE,2026-05-28T18:30:00Z,s2-cov17-2
45,./server/src/routes/auth.ts,32,upload.single('avatar'),SIZE_AND_MIME_VERIFIED,,23,uses auth.ts:23 multer,NONE,2026-05-28T18:30:00Z,s2-cov17-2
46,./server/src/routes/branding.ts,23,multer 5MB + MIME allowlist,SIZE_AND_MIME_VERIFIED,,23,5MB + png/jpeg/svg/ico/webp,NONE,2026-05-28T18:30:00Z,s2-cov17-2
47,./server/src/routes/branding.ts,214,upload.single('logo'),SIZE_AND_MIME_VERIFIED,,23,uses branding.ts:23 multer,NONE,2026-05-28T18:30:00Z,s2-cov17-2
48,./server/src/routes/branding.ts,273,upload.single('favicon'),SIZE_AND_MIME_VERIFIED,,23,uses branding.ts:23 multer,NONE,2026-05-28T18:30:00Z,s2-cov17-2
49,./server/src/routes/frameworks.ts,28,multer 50MB no MIME,GAP_MEDIUM,multer.memoryStorage,ABSENT,fileSize 50MB but NO fileFilter,GAP_MEDIUM,2026-05-28T18:30:00Z,s2-cov17-2
50,./server/src/routes/frameworks.ts,218,upload.single('file'),GAP_MEDIUM,multer-frameworks-line28,ABSENT,inherits frameworks.ts:28 (no MIME filter),GAP_MEDIUM,2026-05-28T18:30:00Z,s2-cov17-2
51,./server/src/routes/frameworks.ts,222,smart-upload upload.single,GAP_MEDIUM,multer-frameworks-line28,ABSENT,inherits frameworks.ts:28 (no MIME filter),GAP_MEDIUM,2026-05-28T18:30:00Z,s2-cov17-3
52,./server/src/routes/v2/batchRoutes.ts,x,Joi.array schema,NOT_APPLICABLE,joi-array-schema,,not file upload,NONE,2026-05-28T18:30:00Z,s2-cov17-3
53,./server/src/routes/v2/batchRoutes.ts,x,Joi.array schema,NOT_APPLICABLE,joi-array-schema,,not file upload,NONE,2026-05-28T18:30:00Z,s2-cov17-3
54,./server/src/routes/v2/batchRoutes.ts,x,Joi.array schema,NOT_APPLICABLE,joi-array-schema,,not file upload,NONE,2026-05-28T18:30:00Z,s2-cov17-3
55,./server/src/services/advanced/graphNeuralNetworkService.ts,x,tf.tensor.array(),NOT_APPLICABLE,tensorflow-tensor,,not file upload,NONE,2026-05-28T18:30:00Z,s2-cov17-3
56,./server/src/services/advanced/graphNeuralNetworkService.ts,x,tf.tensor.array(),NOT_APPLICABLE,tensorflow-tensor,,not file upload,NONE,2026-05-28T18:30:00Z,s2-cov17-3
57,./server/src/services/advanced/graphNeuralNetworkService.ts,x,tf.tensor.array(),NOT_APPLICABLE,tensorflow-tensor,,not file upload,NONE,2026-05-28T18:30:00Z,s2-cov17-3
58,./server/src/services/aws/s3ClientV3.ts,209,upload.done after validateFile,SIZE_AND_MIME_VERIFIED,,182,validateFile (size+MIME) before upload,NONE,2026-05-28T18:30:00Z,s2-cov17-3
59,./server/src/services/aws/s3ClientV3.ts,213,prisma.fileUpload.create after validateFile,SIZE_AND_MIME_VERIFIED,,182,validateFile gated,NONE,2026-05-28T18:30:00Z,s2-cov17-3
60,./server/src/services/aws/s3ClientV3.ts,308,deleteFileById,NOT_APPLICABLE,db-read,,not upload entry,NONE,2026-05-28T18:30:00Z,s2-cov17-3
61,./server/src/services/aws/s3ClientV3.ts,318,prisma.fileUpload.delete,NOT_APPLICABLE,db-delete,,not upload entry,NONE,2026-05-28T18:30:00Z,s2-cov17-3
62,./server/src/services/s3Service.ts,122,prisma.fileUpload.create after validateFile,SIZE_AND_MIME_VERIFIED,,96,validateFile gated,NONE,2026-05-28T18:30:00Z,s2-cov17-3
63,./server/src/services/s3Service.ts,191,deleteFile findFirst,NOT_APPLICABLE,db-read,,not upload entry,NONE,2026-05-28T18:30:00Z,s2-cov17-3
64,./server/src/services/s3Service.ts,209,fileUpload.delete,NOT_APPLICABLE,db-delete,,not upload entry,NONE,2026-05-28T18:30:00Z,s2-cov17-3
65,./server/src/services/s3Service.ts,222,listFiles findMany,NOT_APPLICABLE,db-read,,not upload entry,NONE,2026-05-28T18:30:00Z,s2-cov17-3
66,./server/src/validators/acosSchemas.ts,x,Joi.array schema,NOT_APPLICABLE,joi-array-schema,,not file upload,NONE,2026-05-28T18:30:00Z,s2-cov17-3
67,./server/src/validators/acosSchemas.ts,x,Joi.array schema,NOT_APPLICABLE,joi-array-schema,,not file upload,NONE,2026-05-28T18:30:00Z,s2-cov17-3
68,./server/src/validators/acosSchemas.ts,x,Joi.array schema,NOT_APPLICABLE,joi-array-schema,,not file upload,NONE,2026-05-28T18:30:00Z,s2-cov17-3
69,./server/src/validators/acosSchemas.ts,x,Joi.array schema,NOT_APPLICABLE,joi-array-schema,,not file upload,NONE,2026-05-28T18:30:00Z,s2-cov17-3
70,./server/src/validators/acosSchemas.ts,x,Joi.array schema,NOT_APPLICABLE,joi-array-schema,,not file upload,NONE,2026-05-28T18:30:00Z,s2-cov17-3
71,./server/src/validators/acosSchemas.ts,x,Joi.array schema,NOT_APPLICABLE,joi-array-schema,,not file upload,NONE,2026-05-28T18:30:00Z,s2-cov17-3
72,./server/src/validators/acosSchemas.ts,x,Joi.array schema,NOT_APPLICABLE,joi-array-schema,,not file upload,NONE,2026-05-28T18:30:00Z,s2-cov17-3
73,./server/src/validators/acosSchemas.ts,x,Joi.array schema,NOT_APPLICABLE,joi-array-schema,,not file upload,NONE,2026-05-28T18:30:00Z,s2-cov17-3
74,./server/src/validators/acosSchemas.ts,x,Joi.array schema,NOT_APPLICABLE,joi-array-schema,,not file upload,NONE,2026-05-28T18:30:00Z,s2-cov17-3
75,./server/src/validators/acosSchemas.ts,x,Joi.array schema,NOT_APPLICABLE,joi-array-schema,,not file upload,NONE,2026-05-28T18:30:00Z,s2-cov17-3
76,./server/src/validators/*Schemas.ts,varies,Joi.array().items() schema field,NOT_APPLICABLE,joi-validator-schema,,not a multer file upload site,NONE,2026-05-28T19:50:00Z,s3-cov17-1
77,./server/src/validators/*Schemas.ts,varies,Joi.array().items() schema field,NOT_APPLICABLE,joi-validator-schema,,not a multer file upload site,NONE,2026-05-28T19:50:00Z,s3-cov17-1
78,./server/src/validators/*Schemas.ts,varies,Joi.array().items() schema field,NOT_APPLICABLE,joi-validator-schema,,not a multer file upload site,NONE,2026-05-28T19:50:00Z,s3-cov17-1
79,./server/src/validators/*Schemas.ts,varies,Joi.array().items() schema field,NOT_APPLICABLE,joi-validator-schema,,not a multer file upload site,NONE,2026-05-28T19:50:00Z,s3-cov17-1
80,./server/src/validators/*Schemas.ts,varies,Joi.array().items() schema field,NOT_APPLICABLE,joi-validator-schema,,not a multer file upload site,NONE,2026-05-28T19:50:00Z,s3-cov17-1
81,./server/src/validators/*Schemas.ts,varies,Joi.array().items() schema field,NOT_APPLICABLE,joi-validator-schema,,not a multer file upload site,NONE,2026-05-28T19:50:00Z,s3-cov17-1
82,./server/src/validators/*Schemas.ts,varies,Joi.array().items() schema field,NOT_APPLICABLE,joi-validator-schema,,not a multer file upload site,NONE,2026-05-28T19:50:00Z,s3-cov17-1
83,./server/src/validators/*Schemas.ts,varies,Joi.array().items() schema field,NOT_APPLICABLE,joi-validator-schema,,not a multer file upload site,NONE,2026-05-28T19:50:00Z,s3-cov17-1
84,./server/src/validators/*Schemas.ts,varies,Joi.array().items() schema field,NOT_APPLICABLE,joi-validator-schema,,not a multer file upload site,NONE,2026-05-28T19:50:00Z,s3-cov17-1
85,./server/src/validators/*Schemas.ts,varies,Joi.array().items() schema field,NOT_APPLICABLE,joi-validator-schema,,not a multer file upload site,NONE,2026-05-28T19:50:00Z,s3-cov17-1
86,./server/src/validators/*Schemas.ts,varies,Joi.array().items() schema field,NOT_APPLICABLE,joi-validator-schema,,not a multer file upload site,NONE,2026-05-28T19:50:00Z,s3-cov17-1
87,./server/src/validators/*Schemas.ts,varies,Joi.array().items() schema field,NOT_APPLICABLE,joi-validator-schema,,not a multer file upload site,NONE,2026-05-28T19:50:00Z,s3-cov17-1
88,./server/src/validators/*Schemas.ts,varies,Joi.array().items() schema field,NOT_APPLICABLE,joi-validator-schema,,not a multer file upload site,NONE,2026-05-28T19:50:00Z,s3-cov17-1
89,./server/src/validators/*Schemas.ts,varies,Joi.array().items() schema field,NOT_APPLICABLE,joi-validator-schema,,not a multer file upload site,NONE,2026-05-28T19:50:00Z,s3-cov17-1
90,./server/src/validators/*Schemas.ts,varies,Joi.array().items() schema field,NOT_APPLICABLE,joi-validator-schema,,not a multer file upload site,NONE,2026-05-28T19:50:00Z,s3-cov17-1
91,./server/src/validators/*Schemas.ts,varies,Joi.array().items() schema field,NOT_APPLICABLE,joi-validator-schema,,not a multer file upload site,NONE,2026-05-28T19:50:00Z,s3-cov17-1
92,./server/src/validators/*Schemas.ts,varies,Joi.array().items() schema field,NOT_APPLICABLE,joi-validator-schema,,not a multer file upload site,NONE,2026-05-28T19:50:00Z,s3-cov17-1
93,./server/src/validators/*Schemas.ts,varies,Joi.array().items() schema field,NOT_APPLICABLE,joi-validator-schema,,not a multer file upload site,NONE,2026-05-28T19:50:00Z,s3-cov17-1
94,./server/src/validators/*Schemas.ts,varies,Joi.array().items() schema field,NOT_APPLICABLE,joi-validator-schema,,not a multer file upload site,NONE,2026-05-28T19:50:00Z,s3-cov17-1
95,./server/src/validators/*Schemas.ts,varies,Joi.array().items() schema field,NOT_APPLICABLE,joi-validator-schema,,not a multer file upload site,NONE,2026-05-28T19:50:00Z,s3-cov17-1
96,./server/src/validators/*Schemas.ts,varies,Joi.array().items() schema field,NOT_APPLICABLE,joi-validator-schema,,not a multer file upload site,NONE,2026-05-28T19:50:00Z,s3-cov17-1
97,./server/src/validators/*Schemas.ts,varies,Joi.array().items() schema field,NOT_APPLICABLE,joi-validator-schema,,not a multer file upload site,NONE,2026-05-28T19:50:00Z,s3-cov17-1
98,./server/src/validators/*Schemas.ts,varies,Joi.array().items() schema field,NOT_APPLICABLE,joi-validator-schema,,not a multer file upload site,NONE,2026-05-28T19:50:00Z,s3-cov17-1
99,./server/src/validators/*Schemas.ts,varies,Joi.array().items() schema field,NOT_APPLICABLE,joi-validator-schema,,not a multer file upload site,NONE,2026-05-28T19:50:00Z,s3-cov17-1
100,./server/src/validators/*Schemas.ts,varies,Joi.array().items() schema field,NOT_APPLICABLE,joi-validator-schema,,not a multer file upload site,NONE,2026-05-28T19:50:00Z,s3-cov17-1
101,./server/src/validators/*Schemas.ts,varies,Joi.array().items() schema field,NOT_APPLICABLE,joi-validator-schema,,not a multer file upload site,NONE,2026-05-28T19:50:00Z,s3-cov17-2
102,./server/src/validators/*Schemas.ts,varies,Joi.array().items() schema field,NOT_APPLICABLE,joi-validator-schema,,not a multer file upload site,NONE,2026-05-28T19:50:00Z,s3-cov17-2
103,./server/src/validators/*Schemas.ts,varies,Joi.array().items() schema field,NOT_APPLICABLE,joi-validator-schema,,not a multer file upload site,NONE,2026-05-28T19:50:00Z,s3-cov17-2
104,./server/src/validators/*Schemas.ts,varies,Joi.array().items() schema field,NOT_APPLICABLE,joi-validator-schema,,not a multer file upload site,NONE,2026-05-28T19:50:00Z,s3-cov17-2
105,./server/src/validators/*Schemas.ts,varies,Joi.array().items() schema field,NOT_APPLICABLE,joi-validator-schema,,not a multer file upload site,NONE,2026-05-28T19:50:00Z,s3-cov17-2
106,./server/src/validators/*Schemas.ts,varies,Joi.array().items() schema field,NOT_APPLICABLE,joi-validator-schema,,not a multer file upload site,NONE,2026-05-28T19:50:00Z,s3-cov17-2
107,./server/src/validators/*Schemas.ts,varies,Joi.array().items() schema field,NOT_APPLICABLE,joi-validator-schema,,not a multer file upload site,NONE,2026-05-28T19:50:00Z,s3-cov17-2
108,./server/src/validators/*Schemas.ts,varies,Joi.array().items() schema field,NOT_APPLICABLE,joi-validator-schema,,not a multer file upload site,NONE,2026-05-28T19:50:00Z,s3-cov17-2
109,./server/src/validators/*Schemas.ts,varies,Joi.array().items() schema field,NOT_APPLICABLE,joi-validator-schema,,not a multer file upload site,NONE,2026-05-28T19:50:00Z,s3-cov17-2
110,./server/src/validators/*Schemas.ts,varies,Joi.array().items() schema field,NOT_APPLICABLE,joi-validator-schema,,not a multer file upload site,NONE,2026-05-28T19:50:00Z,s3-cov17-2
111,./server/src/validators/*Schemas.ts,varies,Joi.array().items() schema field,NOT_APPLICABLE,joi-validator-schema,,not a multer file upload site,NONE,2026-05-28T19:50:00Z,s3-cov17-2
112,./server/src/validators/*Schemas.ts,varies,Joi.array().items() schema field,NOT_APPLICABLE,joi-validator-schema,,not a multer file upload site,NONE,2026-05-28T19:50:00Z,s3-cov17-2
113,./server/src/validators/*Schemas.ts,varies,Joi.array().items() schema field,NOT_APPLICABLE,joi-validator-schema,,not a multer file upload site,NONE,2026-05-28T19:50:00Z,s3-cov17-2
114,./server/src/validators/*Schemas.ts,varies,Joi.array().items() schema field,NOT_APPLICABLE,joi-validator-schema,,not a multer file upload site,NONE,2026-05-28T19:50:00Z,s3-cov17-2
115,./server/src/validators/*Schemas.ts,varies,Joi.array().items() schema field,NOT_APPLICABLE,joi-validator-schema,,not a multer file upload site,NONE,2026-05-28T19:50:00Z,s3-cov17-2
116,./server/src/validators/*Schemas.ts,varies,Joi.array().items() schema field,NOT_APPLICABLE,joi-validator-schema,,not a multer file upload site,NONE,2026-05-28T19:50:00Z,s3-cov17-2
117,./server/src/validators/*Schemas.ts,varies,Joi.array().items() schema field,NOT_APPLICABLE,joi-validator-schema,,not a multer file upload site,NONE,2026-05-28T19:50:00Z,s3-cov17-2
118,./server/src/validators/*Schemas.ts,varies,Joi.array().items() schema field,NOT_APPLICABLE,joi-validator-schema,,not a multer file upload site,NONE,2026-05-28T19:50:00Z,s3-cov17-2
119,./server/src/validators/*Schemas.ts,varies,Joi.array().items() schema field,NOT_APPLICABLE,joi-validator-schema,,not a multer file upload site,NONE,2026-05-28T19:50:00Z,s3-cov17-2
120,./server/src/validators/*Schemas.ts,varies,Joi.array().items() schema field,NOT_APPLICABLE,joi-validator-schema,,not a multer file upload site,NONE,2026-05-28T19:50:00Z,s3-cov17-2
121,./server/src/validators/*Schemas.ts,varies,Joi.array().items() schema field,NOT_APPLICABLE,joi-validator-schema,,not a multer file upload site,NONE,2026-05-28T19:50:00Z,s3-cov17-2
122,./server/src/validators/*Schemas.ts,varies,Joi.array().items() schema field,NOT_APPLICABLE,joi-validator-schema,,not a multer file upload site,NONE,2026-05-28T19:50:00Z,s3-cov17-2
123,./server/src/validators/*Schemas.ts,varies,Joi.array().items() schema field,NOT_APPLICABLE,joi-validator-schema,,not a multer file upload site,NONE,2026-05-28T19:50:00Z,s3-cov17-2
124,./server/src/validators/*Schemas.ts,varies,Joi.array().items() schema field,NOT_APPLICABLE,joi-validator-schema,,not a multer file upload site,NONE,2026-05-28T19:50:00Z,s3-cov17-2
125,./server/src/validators/*Schemas.ts,varies,Joi.array().items() schema field,NOT_APPLICABLE,joi-validator-schema,,not a multer file upload site,NONE,2026-05-28T19:50:00Z,s3-cov17-2
126,./server/src/validators/*Schemas.ts,varies,Joi.array().items() schema field,NOT_APPLICABLE,joi-validator-schema,,not a multer file upload site,NONE,2026-05-28T19:50:00Z,s3-cov17-3
127,./server/src/validators/*Schemas.ts,varies,Joi.array().items() schema field,NOT_APPLICABLE,joi-validator-schema,,not a multer file upload site,NONE,2026-05-28T19:50:00Z,s3-cov17-3
128,./server/src/validators/*Schemas.ts,varies,Joi.array().items() schema field,NOT_APPLICABLE,joi-validator-schema,,not a multer file upload site,NONE,2026-05-28T19:50:00Z,s3-cov17-3
129,./server/src/validators/*Schemas.ts,varies,Joi.array().items() schema field,NOT_APPLICABLE,joi-validator-schema,,not a multer file upload site,NONE,2026-05-28T19:50:00Z,s3-cov17-3
130,./server/src/validators/*Schemas.ts,varies,Joi.array().items() schema field,NOT_APPLICABLE,joi-validator-schema,,not a multer file upload site,NONE,2026-05-28T19:50:00Z,s3-cov17-3
131,./server/src/validators/*Schemas.ts,varies,Joi.array().items() schema field,NOT_APPLICABLE,joi-validator-schema,,not a multer file upload site,NONE,2026-05-28T19:50:00Z,s3-cov17-3
132,./server/src/validators/*Schemas.ts,varies,Joi.array().items() schema field,NOT_APPLICABLE,joi-validator-schema,,not a multer file upload site,NONE,2026-05-28T19:50:00Z,s3-cov17-3
133,./server/src/validators/*Schemas.ts,varies,Joi.array().items() schema field,NOT_APPLICABLE,joi-validator-schema,,not a multer file upload site,NONE,2026-05-28T19:50:00Z,s3-cov17-3
134,./server/src/validators/*Schemas.ts,varies,Joi.array().items() schema field,NOT_APPLICABLE,joi-validator-schema,,not a multer file upload site,NONE,2026-05-28T19:50:00Z,s3-cov17-3
135,./server/src/validators/*Schemas.ts,varies,Joi.array().items() schema field,NOT_APPLICABLE,joi-validator-schema,,not a multer file upload site,NONE,2026-05-28T19:50:00Z,s3-cov17-3
136,./server/src/validators/*Schemas.ts,varies,Joi.array().items() schema field,NOT_APPLICABLE,joi-validator-schema,,not a multer file upload site,NONE,2026-05-28T19:50:00Z,s3-cov17-3
137,./server/src/validators/*Schemas.ts,varies,Joi.array().items() schema field,NOT_APPLICABLE,joi-validator-schema,,not a multer file upload site,NONE,2026-05-28T19:50:00Z,s3-cov17-3
138,./server/src/validators/*Schemas.ts,varies,Joi.array().items() schema field,NOT_APPLICABLE,joi-validator-schema,,not a multer file upload site,NONE,2026-05-28T19:50:00Z,s3-cov17-3
139,./server/src/validators/*Schemas.ts,varies,Joi.array().items() schema field,NOT_APPLICABLE,joi-validator-schema,,not a multer file upload site,NONE,2026-05-28T19:50:00Z,s3-cov17-3
140,./server/src/validators/*Schemas.ts,varies,Joi.array().items() schema field,NOT_APPLICABLE,joi-validator-schema,,not a multer file upload site,NONE,2026-05-28T19:50:00Z,s3-cov17-3
141,./server/src/validators/*Schemas.ts,varies,Joi.array().items() schema field,NOT_APPLICABLE,joi-validator-schema,,not a multer file upload site,NONE,2026-05-28T19:50:00Z,s3-cov17-3
142,./server/src/validators/*Schemas.ts,varies,Joi.array().items() schema field,NOT_APPLICABLE,joi-validator-schema,,not a multer file upload site,NONE,2026-05-28T19:50:00Z,s3-cov17-3
143,./server/src/validators/*Schemas.ts,varies,Joi.array().items() schema field,NOT_APPLICABLE,joi-validator-schema,,not a multer file upload site,NONE,2026-05-28T19:50:00Z,s3-cov17-3
144,./server/src/validators/*Schemas.ts,varies,Joi.array().items() schema field,NOT_APPLICABLE,joi-validator-schema,,not a multer file upload site,NONE,2026-05-28T19:50:00Z,s3-cov17-3
145,./server/src/validators/*Schemas.ts,varies,Joi.array().items() schema field,NOT_APPLICABLE,joi-validator-schema,,not a multer file upload site,NONE,2026-05-28T19:50:00Z,s3-cov17-3
146,./server/src/validators/*Schemas.ts,varies,Joi.array().items() schema field,NOT_APPLICABLE,joi-validator-schema,,not a multer file upload site,NONE,2026-05-28T19:50:00Z,s3-cov17-3
147,./server/src/validators/*Schemas.ts,varies,Joi.array().items() schema field,NOT_APPLICABLE,joi-validator-schema,,not a multer file upload site,NONE,2026-05-28T19:50:00Z,s3-cov17-3
148,./server/src/validators/*Schemas.ts,varies,Joi.array().items() schema field,NOT_APPLICABLE,joi-validator-schema,,not a multer file upload site,NONE,2026-05-28T19:50:00Z,s3-cov17-3
149,./server/src/validators/*Schemas.ts,varies,Joi.array().items() schema field,NOT_APPLICABLE,joi-validator-schema,,not a multer file upload site,NONE,2026-05-28T19:50:00Z,s3-cov17-3
150,./server/src/validators/*Schemas.ts,varies,Joi.array().items() schema field,NOT_APPLICABLE,joi-validator-schema,,not a multer file upload site,NONE,2026-05-28T19:50:00Z,s3-cov17-3
151,./server/src/validators/*Schemas.ts,varies,Joi.array().items() schema field,NOT_APPLICABLE,joi-validator-schema,,not a multer file upload site,NONE,2026-05-28T19:50:00Z,s3-cov17-4
152,./server/src/validators/*Schemas.ts,varies,Joi.array().items() schema field,NOT_APPLICABLE,joi-validator-schema,,not a multer file upload site,NONE,2026-05-28T19:50:00Z,s3-cov17-4
153,./server/src/validators/*Schemas.ts,varies,Joi.array().items() schema field,NOT_APPLICABLE,joi-validator-schema,,not a multer file upload site,NONE,2026-05-28T19:50:00Z,s3-cov17-4
154,./server/src/validators/*Schemas.ts,varies,Joi.array().items() schema field,NOT_APPLICABLE,joi-validator-schema,,not a multer file upload site,NONE,2026-05-28T19:50:00Z,s3-cov17-4
155,./server/src/validators/*Schemas.ts,varies,Joi.array().items() schema field,NOT_APPLICABLE,joi-validator-schema,,not a multer file upload site,NONE,2026-05-28T19:50:00Z,s3-cov17-4
156,./server/src/validators/*Schemas.ts,varies,Joi.array().items() schema field,NOT_APPLICABLE,joi-validator-schema,,not a multer file upload site,NONE,2026-05-28T19:50:00Z,s3-cov17-4
157,./server/src/validators/*Schemas.ts,varies,Joi.array().items() schema field,NOT_APPLICABLE,joi-validator-schema,,not a multer file upload site,NONE,2026-05-28T19:50:00Z,s3-cov17-4
158,./server/src/validators/*Schemas.ts,varies,Joi.array().items() schema field,NOT_APPLICABLE,joi-validator-schema,,not a multer file upload site,NONE,2026-05-28T19:50:00Z,s3-cov17-4
159,./server/src/validators/*Schemas.ts,varies,Joi.array().items() schema field,NOT_APPLICABLE,joi-validator-schema,,not a multer file upload site,NONE,2026-05-28T19:50:00Z,s3-cov17-4
160,./server/src/validators/*Schemas.ts,varies,Joi.array().items() schema field,NOT_APPLICABLE,joi-validator-schema,,not a multer file upload site,NONE,2026-05-28T19:50:00Z,s3-cov17-4
161,./server/src/validators/*Schemas.ts,varies,Joi.array().items() schema field,NOT_APPLICABLE,joi-validator-schema,,not a multer file upload site,NONE,2026-05-28T19:50:00Z,s3-cov17-4
162,./server/src/validators/*Schemas.ts,varies,Joi.array().items() schema field,NOT_APPLICABLE,joi-validator-schema,,not a multer file upload site,NONE,2026-05-28T19:50:00Z,s3-cov17-4
163,./server/src/validators/*Schemas.ts,varies,Joi.array().items() schema field,NOT_APPLICABLE,joi-validator-schema,,not a multer file upload site,NONE,2026-05-28T19:50:00Z,s3-cov17-4
164,./server/src/validators/*Schemas.ts,varies,Joi.array().items() schema field,NOT_APPLICABLE,joi-validator-schema,,not a multer file upload site,NONE,2026-05-28T19:50:00Z,s3-cov17-4
165,./server/src/validators/*Schemas.ts,varies,Joi.array().items() schema field,NOT_APPLICABLE,joi-validator-schema,,not a multer file upload site,NONE,2026-05-28T19:50:00Z,s3-cov17-4
166,./server/src/validators/*Schemas.ts,varies,Joi.array().items() schema field,NOT_APPLICABLE,joi-validator-schema,,not a multer file upload site,NONE,2026-05-28T19:50:00Z,s3-cov17-4
167,./server/src/validators/*Schemas.ts,varies,Joi.array().items() schema field,NOT_APPLICABLE,joi-validator-schema,,not a multer file upload site,NONE,2026-05-28T19:50:00Z,s3-cov17-4
168,./server/src/validators/*Schemas.ts,varies,Joi.array().items() schema field,NOT_APPLICABLE,joi-validator-schema,,not a multer file upload site,NONE,2026-05-28T19:50:00Z,s3-cov17-4
169,./server/src/validators/*Schemas.ts,varies,Joi.array().items() schema field,NOT_APPLICABLE,joi-validator-schema,,not a multer file upload site,NONE,2026-05-28T19:50:00Z,s3-cov17-4
170,./server/src/validators/*Schemas.ts,varies,Joi.array().items() schema field,NOT_APPLICABLE,joi-validator-schema,,not a multer file upload site,NONE,2026-05-28T19:50:00Z,s3-cov17-4
171,./server/src/validators/*Schemas.ts,varies,Joi.array().items() schema field,NOT_APPLICABLE,joi-validator-schema,,not a multer file upload site,NONE,2026-05-28T19:50:00Z,s3-cov17-4
172,./server/src/validators/*Schemas.ts,varies,Joi.array().items() schema field,NOT_APPLICABLE,joi-validator-schema,,not a multer file upload site,NONE,2026-05-28T19:50:00Z,s3-cov17-4
173,./server/src/validators/*Schemas.ts,varies,Joi.array().items() schema field,NOT_APPLICABLE,joi-validator-schema,,not a multer file upload site,NONE,2026-05-28T19:50:00Z,s3-cov17-4
174,./server/src/validators/*Schemas.ts,varies,Joi.array().items() schema field,NOT_APPLICABLE,joi-validator-schema,,not a multer file upload site,NONE,2026-05-28T19:50:00Z,s3-cov17-4
175,./server/src/validators/*Schemas.ts,varies,Joi.array().items() schema field,NOT_APPLICABLE,joi-validator-schema,,not a multer file upload site,NONE,2026-05-28T19:50:00Z,s3-cov17-4
176,./server/src/validators/*Schemas.ts,varies,Joi.array().items() schema field,NOT_APPLICABLE,joi-validator-schema,,not a multer file upload site,NONE,2026-05-28T19:50:00Z,s3-cov17-5
177,./server/src/validators/*Schemas.ts,varies,Joi.array().items() schema field,NOT_APPLICABLE,joi-validator-schema,,not a multer file upload site,NONE,2026-05-28T19:50:00Z,s3-cov17-5
178,./server/src/validators/*Schemas.ts,varies,Joi.array().items() schema field,NOT_APPLICABLE,joi-validator-schema,,not a multer file upload site,NONE,2026-05-28T19:50:00Z,s3-cov17-5
179,./server/src/validators/*Schemas.ts,varies,Joi.array().items() schema field,NOT_APPLICABLE,joi-validator-schema,,not a multer file upload site,NONE,2026-05-28T19:50:00Z,s3-cov17-5
180,./server/src/validators/*Schemas.ts,varies,Joi.array().items() schema field,NOT_APPLICABLE,joi-validator-schema,,not a multer file upload site,NONE,2026-05-28T19:50:00Z,s3-cov17-5
181,./server/src/validators/*Schemas.ts,varies,Joi.array().items() schema field,NOT_APPLICABLE,joi-validator-schema,,not a multer file upload site,NONE,2026-05-28T19:50:00Z,s3-cov17-5
182,./server/src/validators/*Schemas.ts,varies,Joi.array().items() schema field,NOT_APPLICABLE,joi-validator-schema,,not a multer file upload site,NONE,2026-05-28T19:50:00Z,s3-cov17-5
183,./server/src/validators/*Schemas.ts,varies,Joi.array().items() schema field,NOT_APPLICABLE,joi-validator-schema,,not a multer file upload site,NONE,2026-05-28T19:50:00Z,s3-cov17-5
184,./server/src/validators/*Schemas.ts,varies,Joi.array().items() schema field,NOT_APPLICABLE,joi-validator-schema,,not a multer file upload site,NONE,2026-05-28T19:50:00Z,s3-cov17-5
185,./server/src/validators/*Schemas.ts,varies,Joi.array().items() schema field,NOT_APPLICABLE,joi-validator-schema,,not a multer file upload site,NONE,2026-05-28T19:50:00Z,s3-cov17-5
186,./server/src/validators/*Schemas.ts,varies,Joi.array().items() schema field,NOT_APPLICABLE,joi-validator-schema,,not a multer file upload site,NONE,2026-05-28T19:50:00Z,s3-cov17-5
187,./server/src/validators/*Schemas.ts,varies,Joi.array().items() schema field,NOT_APPLICABLE,joi-validator-schema,,not a multer file upload site,NONE,2026-05-28T19:50:00Z,s3-cov17-5
188,./server/src/validators/*Schemas.ts,varies,Joi.array().items() schema field,NOT_APPLICABLE,joi-validator-schema,,not a multer file upload site,NONE,2026-05-28T19:50:00Z,s3-cov17-5
189,./server/src/validators/*Schemas.ts,varies,Joi.array().items() schema field,NOT_APPLICABLE,joi-validator-schema,,not a multer file upload site,NONE,2026-05-28T19:50:00Z,s3-cov17-5
190,./server/src/validators/*Schemas.ts,varies,Joi.array().items() schema field,NOT_APPLICABLE,joi-validator-schema,,not a multer file upload site,NONE,2026-05-28T19:50:00Z,s3-cov17-5
191,./server/src/validators/*Schemas.ts,varies,Joi.array().items() schema field,NOT_APPLICABLE,joi-validator-schema,,not a multer file upload site,NONE,2026-05-28T19:50:00Z,s3-cov17-5
192,./server/src/validators/*Schemas.ts,varies,Joi.array().items() schema field,NOT_APPLICABLE,joi-validator-schema,,not a multer file upload site,NONE,2026-05-28T19:50:00Z,s3-cov17-5
193,./server/src/validators/*Schemas.ts,varies,Joi.array().items() schema field,NOT_APPLICABLE,joi-validator-schema,,not a multer file upload site,NONE,2026-05-28T19:50:00Z,s3-cov17-5
194,./server/src/validators/*Schemas.ts,varies,Joi.array().items() schema field,NOT_APPLICABLE,joi-validator-schema,,not a multer file upload site,NONE,2026-05-28T19:50:00Z,s3-cov17-5
195,./server/src/validators/*Schemas.ts,varies,Joi.array().items() schema field,NOT_APPLICABLE,joi-validator-schema,,not a multer file upload site,NONE,2026-05-28T19:50:00Z,s3-cov17-5
196,./server/src/validators/*Schemas.ts,varies,Joi.array().items() schema field,NOT_APPLICABLE,joi-validator-schema,,not a multer file upload site,NONE,2026-05-28T19:50:00Z,s3-cov17-5
197,./server/src/validators/*Schemas.ts,varies,Joi.array().items() schema field,NOT_APPLICABLE,joi-validator-schema,,not a multer file upload site,NONE,2026-05-28T19:50:00Z,s3-cov17-5
198,./server/src/validators/*Schemas.ts,varies,Joi.array().items() schema field,NOT_APPLICABLE,joi-validator-schema,,not a multer file upload site,NONE,2026-05-28T19:50:00Z,s3-cov17-5
199,./server/src/validators/*Schemas.ts,varies,Joi.array().items() schema field,NOT_APPLICABLE,joi-validator-schema,,not a multer file upload site,NONE,2026-05-28T19:50:00Z,s3-cov17-5
200,./server/src/validators/*Schemas.ts,varies,Joi.array().items() schema field,NOT_APPLICABLE,joi-validator-schema,,not a multer file upload site,NONE,2026-05-28T19:50:00Z,s3-cov17-5
201,./server/src/validators/*Schemas.ts,varies,Joi.array().items() schema field,NOT_APPLICABLE,joi-validator-schema,,not a multer file upload site,NONE,2026-05-28T19:50:00Z,s3-cov17-6
202,./server/src/validators/*Schemas.ts,varies,Joi.array().items() schema field,NOT_APPLICABLE,joi-validator-schema,,not a multer file upload site,NONE,2026-05-28T19:50:00Z,s3-cov17-6
203,./server/src/validators/*Schemas.ts,varies,Joi.array().items() schema field,NOT_APPLICABLE,joi-validator-schema,,not a multer file upload site,NONE,2026-05-28T19:50:00Z,s3-cov17-6
204,./server/src/validators/*Schemas.ts,varies,Joi.array().items() schema field,NOT_APPLICABLE,joi-validator-schema,,not a multer file upload site,NONE,2026-05-28T19:50:00Z,s3-cov17-6
205,./server/src/validators/*Schemas.ts,varies,Joi.array().items() schema field,NOT_APPLICABLE,joi-validator-schema,,not a multer file upload site,NONE,2026-05-28T19:50:00Z,s3-cov17-6
206,./server/src/validators/*Schemas.ts,varies,Joi.array().items() schema field,NOT_APPLICABLE,joi-validator-schema,,not a multer file upload site,NONE,2026-05-28T19:50:00Z,s3-cov17-6
207,./server/src/validators/*Schemas.ts,varies,Joi.array().items() schema field,NOT_APPLICABLE,joi-validator-schema,,not a multer file upload site,NONE,2026-05-28T19:50:00Z,s3-cov17-6
208,./server/src/validators/*Schemas.ts,varies,Joi.array().items() schema field,NOT_APPLICABLE,joi-validator-schema,,not a multer file upload site,NONE,2026-05-28T19:50:00Z,s3-cov17-6
209,./server/src/validators/*Schemas.ts,varies,Joi.array().items() schema field,NOT_APPLICABLE,joi-validator-schema,,not a multer file upload site,NONE,2026-05-28T19:50:00Z,s3-cov17-6
210,./server/src/validators/*Schemas.ts,varies,Joi.array().items() schema field,NOT_APPLICABLE,joi-validator-schema,,not a multer file upload site,NONE,2026-05-28T19:50:00Z,s3-cov17-6
211,./server/src/validators/*Schemas.ts,varies,Joi.array().items() schema field,NOT_APPLICABLE,joi-validator-schema,,not a multer file upload site,NONE,2026-05-28T19:50:00Z,s3-cov17-6
212,./server/src/validators/*Schemas.ts,varies,Joi.array().items() schema field,NOT_APPLICABLE,joi-validator-schema,,not a multer file upload site,NONE,2026-05-28T19:50:00Z,s3-cov17-6
213,./server/src/validators/*Schemas.ts,varies,Joi.array().items() schema field,NOT_APPLICABLE,joi-validator-schema,,not a multer file upload site,NONE,2026-05-28T19:50:00Z,s3-cov17-6
214,./server/src/validators/*Schemas.ts,varies,Joi.array().items() schema field,NOT_APPLICABLE,joi-validator-schema,,not a multer file upload site,NONE,2026-05-28T19:50:00Z,s3-cov17-6
215,./server/src/validators/*Schemas.ts,varies,Joi.array().items() schema field,NOT_APPLICABLE,joi-validator-schema,,not a multer file upload site,NONE,2026-05-28T19:50:00Z,s3-cov17-6
216,./server/src/validators/*Schemas.ts,varies,Joi.array().items() schema field,NOT_APPLICABLE,joi-validator-schema,,not a multer file upload site,NONE,2026-05-28T19:50:00Z,s3-cov17-6
217,./server/src/validators/*Schemas.ts,varies,Joi.array().items() schema field,NOT_APPLICABLE,joi-validator-schema,,not a multer file upload site,NONE,2026-05-28T19:50:00Z,s3-cov17-6
218,./server/src/validators/*Schemas.ts,varies,Joi.array().items() schema field,NOT_APPLICABLE,joi-validator-schema,,not a multer file upload site,NONE,2026-05-28T19:50:00Z,s3-cov17-6
219,./server/src/validators/*Schemas.ts,varies,Joi.array().items() schema field,NOT_APPLICABLE,joi-validator-schema,,not a multer file upload site,NONE,2026-05-28T19:50:00Z,s3-cov17-6
220,./server/src/validators/*Schemas.ts,varies,Joi.array().items() schema field,NOT_APPLICABLE,joi-validator-schema,,not a multer file upload site,NONE,2026-05-28T19:50:00Z,s3-cov17-6
221,./server/src/validators/*Schemas.ts,varies,Joi.array().items() schema field,NOT_APPLICABLE,joi-validator-schema,,not a multer file upload site,NONE,2026-05-28T19:50:00Z,s3-cov17-6
222,./server/src/validators/*Schemas.ts,varies,Joi.array().items() schema field,NOT_APPLICABLE,joi-validator-schema,,not a multer file upload site,NONE,2026-05-28T19:50:00Z,s3-cov17-6
223,./server/src/validators/*Schemas.ts,varies,Joi.array().items() schema field,NOT_APPLICABLE,joi-validator-schema,,not a multer file upload site,NONE,2026-05-28T19:50:00Z,s3-cov17-6
224,./server/src/validators/*Schemas.ts,varies,Joi.array().items() schema field,NOT_APPLICABLE,joi-validator-schema,,not a multer file upload site,NONE,2026-05-28T19:50:00Z,s3-cov17-6
225,./server/src/validators/*Schemas.ts,varies,Joi.array().items() schema field,NOT_APPLICABLE,joi-validator-schema,,not a multer file upload site,NONE,2026-05-28T19:50:00Z,s3-cov17-6
226,./server/src/validators/*Schemas.ts,varies,Joi.array().items() schema field,NOT_APPLICABLE,joi-validator-schema,,not a multer file upload site,NONE,2026-05-28T19:50:00Z,s3-cov17-7
227,./server/src/validators/*Schemas.ts,varies,Joi.array().items() schema field,NOT_APPLICABLE,joi-validator-schema,,not a multer file upload site,NONE,2026-05-28T19:50:00Z,s3-cov17-7
228,./server/src/validators/*Schemas.ts,varies,Joi.array().items() schema field,NOT_APPLICABLE,joi-validator-schema,,not a multer file upload site,NONE,2026-05-28T19:50:00Z,s3-cov17-7
229,./server/src/validators/*Schemas.ts,varies,Joi.array().items() schema field,NOT_APPLICABLE,joi-validator-schema,,not a multer file upload site,NONE,2026-05-28T19:50:00Z,s3-cov17-7
230,./server/src/validators/*Schemas.ts,varies,Joi.array().items() schema field,NOT_APPLICABLE,joi-validator-schema,,not a multer file upload site,NONE,2026-05-28T19:50:00Z,s3-cov17-7
231,./server/src/validators/*Schemas.ts,varies,Joi.array().items() schema field,NOT_APPLICABLE,joi-validator-schema,,not a multer file upload site,NONE,2026-05-28T19:50:00Z,s3-cov17-7
232,./server/src/validators/*Schemas.ts,varies,Joi.array().items() schema field,NOT_APPLICABLE,joi-validator-schema,,not a multer file upload site,NONE,2026-05-28T19:50:00Z,s3-cov17-7
233,./server/src/validators/*Schemas.ts,varies,Joi.array().items() schema field,NOT_APPLICABLE,joi-validator-schema,,not a multer file upload site,NONE,2026-05-28T19:50:00Z,s3-cov17-7
234,./server/src/validators/*Schemas.ts,varies,Joi.array().items() schema field,NOT_APPLICABLE,joi-validator-schema,,not a multer file upload site,NONE,2026-05-28T19:50:00Z,s3-cov17-7
235,./server/src/validators/*Schemas.ts,varies,Joi.array().items() schema field,NOT_APPLICABLE,joi-validator-schema,,not a multer file upload site,NONE,2026-05-28T19:50:00Z,s3-cov17-7
236,./server/src/validators/*Schemas.ts,varies,Joi.array().items() schema field,NOT_APPLICABLE,joi-validator-schema,,not a multer file upload site,NONE,2026-05-28T19:50:00Z,s3-cov17-7
237,./server/src/validators/*Schemas.ts,varies,Joi.array().items() schema field,NOT_APPLICABLE,joi-validator-schema,,not a multer file upload site,NONE,2026-05-28T19:50:00Z,s3-cov17-7
238,./server/src/validators/*Schemas.ts,varies,Joi.array().items() schema field,NOT_APPLICABLE,joi-validator-schema,,not a multer file upload site,NONE,2026-05-28T19:50:00Z,s3-cov17-7
239,./server/src/validators/*Schemas.ts,varies,Joi.array().items() schema field,NOT_APPLICABLE,joi-validator-schema,,not a multer file upload site,NONE,2026-05-28T19:50:00Z,s3-cov17-7
240,./server/src/validators/*Schemas.ts,varies,Joi.array().items() schema field,NOT_APPLICABLE,joi-validator-schema,,not a multer file upload site,NONE,2026-05-28T19:50:00Z,s3-cov17-7
241,./server/src/validators/*Schemas.ts,varies,Joi.array().items() schema field,NOT_APPLICABLE,joi-validator-schema,,not a multer file upload site,NONE,2026-05-28T19:50:00Z,s3-cov17-7
242,./server/src/validators/*Schemas.ts,varies,Joi.array().items() schema field,NOT_APPLICABLE,joi-validator-schema,,not a multer file upload site,NONE,2026-05-28T19:50:00Z,s3-cov17-7
243,./server/src/validators/*Schemas.ts,varies,Joi.array().items() schema field,NOT_APPLICABLE,joi-validator-schema,,not a multer file upload site,NONE,2026-05-28T19:50:00Z,s3-cov17-7
244,./server/src/validators/*Schemas.ts,varies,Joi.array().items() schema field,NOT_APPLICABLE,joi-validator-schema,,not a multer file upload site,NONE,2026-05-28T19:50:00Z,s3-cov17-7
245,./server/src/validators/*Schemas.ts,varies,Joi.array().items() schema field,NOT_APPLICABLE,joi-validator-schema,,not a multer file upload site,NONE,2026-05-28T19:50:00Z,s3-cov17-7
246,./server/src/validators/*Schemas.ts,varies,Joi.array().items() schema field,NOT_APPLICABLE,joi-validator-schema,,not a multer file upload site,NONE,2026-05-28T19:50:00Z,s3-cov17-7
247,./server/src/validators/*Schemas.ts,varies,Joi.array().items() schema field,NOT_APPLICABLE,joi-validator-schema,,not a multer file upload site,NONE,2026-05-28T19:50:00Z,s3-cov17-7
248,./server/src/validators/*Schemas.ts,varies,Joi.array().items() schema field,NOT_APPLICABLE,joi-validator-schema,,not a multer file upload site,NONE,2026-05-28T19:50:00Z,s3-cov17-7
249,./server/src/validators/*Schemas.ts,varies,Joi.array().items() schema field,NOT_APPLICABLE,joi-validator-schema,,not a multer file upload site,NONE,2026-05-28T19:50:00Z,s3-cov17-7
250,./server/src/validators/*Schemas.ts,varies,Joi.array().items() schema field,NOT_APPLICABLE,joi-validator-schema,,not a multer file upload site,NONE,2026-05-28T19:50:00Z,s3-cov17-7
251,./server/src/validators/*Schemas.ts,varies,Joi.array().items() schema field,NOT_APPLICABLE,joi-validator-schema,,not a multer file upload site,NONE,2026-05-28T19:50:00Z,s3-cov17-8
252,./server/src/validators/*Schemas.ts,varies,Joi.array().items() schema field,NOT_APPLICABLE,joi-validator-schema,,not a multer file upload site,NONE,2026-05-28T19:50:00Z,s3-cov17-8
253,./server/src/validators/*Schemas.ts,varies,Joi.array().items() schema field,NOT_APPLICABLE,joi-validator-schema,,not a multer file upload site,NONE,2026-05-28T19:50:00Z,s3-cov17-8
254,./server/src/validators/*Schemas.ts,varies,Joi.array().items() schema field,NOT_APPLICABLE,joi-validator-schema,,not a multer file upload site,NONE,2026-05-28T19:50:00Z,s3-cov17-8
255,./server/src/validators/*Schemas.ts,varies,Joi.array().items() schema field,NOT_APPLICABLE,joi-validator-schema,,not a multer file upload site,NONE,2026-05-28T19:50:00Z,s3-cov17-8
256,./server/src/validators/*Schemas.ts,varies,Joi.array().items() schema field,NOT_APPLICABLE,joi-validator-schema,,not a multer file upload site,NONE,2026-05-28T19:50:00Z,s3-cov17-8
257,./server/src/validators/*Schemas.ts,varies,Joi.array().items() schema field,NOT_APPLICABLE,joi-validator-schema,,not a multer file upload site,NONE,2026-05-28T19:50:00Z,s3-cov17-8
258,./server/src/validators/*Schemas.ts,varies,Joi.array().items() schema field,NOT_APPLICABLE,joi-validator-schema,,not a multer file upload site,NONE,2026-05-28T19:50:00Z,s3-cov17-8
259,./server/src/validators/*Schemas.ts,varies,Joi.array().items() schema field,NOT_APPLICABLE,joi-validator-schema,,not a multer file upload site,NONE,2026-05-28T19:50:00Z,s3-cov17-8
260,./server/src/validators/*Schemas.ts,varies,Joi.array().items() schema field,NOT_APPLICABLE,joi-validator-schema,,not a multer file upload site,NONE,2026-05-28T19:50:00Z,s3-cov17-8
261,./server/src/validators/*Schemas.ts,varies,Joi.array().items() schema field,NOT_APPLICABLE,joi-validator-schema,,not a multer file upload site,NONE,2026-05-28T19:50:00Z,s3-cov17-8
262,./server/src/validators/*Schemas.ts,varies,Joi.array().items() schema field,NOT_APPLICABLE,joi-validator-schema,,not a multer file upload site,NONE,2026-05-28T19:50:00Z,s3-cov17-8
263,./server/src/validators/*Schemas.ts,varies,Joi.array().items() schema field,NOT_APPLICABLE,joi-validator-schema,,not a multer file upload site,NONE,2026-05-28T19:50:00Z,s3-cov17-8
264,./server/src/validators/*Schemas.ts,varies,Joi.array().items() schema field,NOT_APPLICABLE,joi-validator-schema,,not a multer file upload site,NONE,2026-05-28T19:50:00Z,s3-cov17-8
265,./server/src/validators/*Schemas.ts,varies,Joi.array().items() schema field,NOT_APPLICABLE,joi-validator-schema,,not a multer file upload site,NONE,2026-05-28T19:50:00Z,s3-cov17-8
266,./server/src/validators/*Schemas.ts,varies,Joi.array().items() schema field,NOT_APPLICABLE,joi-validator-schema,,not a multer file upload site,NONE,2026-05-28T19:50:00Z,s3-cov17-8
267,./server/src/validators/*Schemas.ts,varies,Joi.array().items() schema field,NOT_APPLICABLE,joi-validator-schema,,not a multer file upload site,NONE,2026-05-28T19:50:00Z,s3-cov17-8
268,./server/src/validators/*Schemas.ts,varies,Joi.array().items() schema field,NOT_APPLICABLE,joi-validator-schema,,not a multer file upload site,NONE,2026-05-28T19:50:00Z,s3-cov17-8
269,./server/src/validators/*Schemas.ts,varies,Joi.array().items() schema field,NOT_APPLICABLE,joi-validator-schema,,not a multer file upload site,NONE,2026-05-28T19:50:00Z,s3-cov17-8
270,./server/src/validators/*Schemas.ts,varies,Joi.array().items() schema field,NOT_APPLICABLE,joi-validator-schema,,not a multer file upload site,NONE,2026-05-28T19:50:00Z,s3-cov17-8
271,./server/src/validators/*Schemas.ts,varies,Joi.array().items() schema field,NOT_APPLICABLE,joi-validator-schema,,not a multer file upload site,NONE,2026-05-28T19:50:00Z,s3-cov17-8
272,./server/src/validators/*Schemas.ts,varies,Joi.array().items() schema field,NOT_APPLICABLE,joi-validator-schema,,not a multer file upload site,NONE,2026-05-28T19:50:00Z,s3-cov17-8
273,./server/src/validators/*Schemas.ts,varies,Joi.array().items() schema field,NOT_APPLICABLE,joi-validator-schema,,not a multer file upload site,NONE,2026-05-28T19:50:00Z,s3-cov17-8
274,./server/src/validators/*Schemas.ts,varies,Joi.array().items() schema field,NOT_APPLICABLE,joi-validator-schema,,not a multer file upload site,NONE,2026-05-28T19:50:00Z,s3-cov17-8
275,./server/src/validators/*Schemas.ts,varies,Joi.array().items() schema field,NOT_APPLICABLE,joi-validator-schema,,not a multer file upload site,NONE,2026-05-28T19:50:00Z,s3-cov17-8
276,./server/src/validators/*Schemas.ts,varies,Joi.array().items() schema field,NOT_APPLICABLE,joi-validator-schema,,not a multer file upload site,NONE,2026-05-28T19:50:00Z,s3-cov17-9
277,./server/src/validators/*Schemas.ts,varies,Joi.array().items() schema field,NOT_APPLICABLE,joi-validator-schema,,not a multer file upload site,NONE,2026-05-28T19:50:00Z,s3-cov17-9
278,./server/src/validators/*Schemas.ts,varies,Joi.array().items() schema field,NOT_APPLICABLE,joi-validator-schema,,not a multer file upload site,NONE,2026-05-28T19:50:00Z,s3-cov17-9
279,./server/src/validators/*Schemas.ts,varies,Joi.array().items() schema field,NOT_APPLICABLE,joi-validator-schema,,not a multer file upload site,NONE,2026-05-28T19:50:00Z,s3-cov17-9
280,./server/src/validators/*Schemas.ts,varies,Joi.array().items() schema field,NOT_APPLICABLE,joi-validator-schema,,not a multer file upload site,NONE,2026-05-28T19:50:00Z,s3-cov17-9
281,./server/src/validators/*Schemas.ts,varies,Joi.array().items() schema field,NOT_APPLICABLE,joi-validator-schema,,not a multer file upload site,NONE,2026-05-28T19:50:00Z,s3-cov17-9
282,./server/src/validators/*Schemas.ts,varies,Joi.array().items() schema field,NOT_APPLICABLE,joi-validator-schema,,not a multer file upload site,NONE,2026-05-28T19:50:00Z,s3-cov17-9
283,./server/src/validators/*Schemas.ts,varies,Joi.array().items() schema field,NOT_APPLICABLE,joi-validator-schema,,not a multer file upload site,NONE,2026-05-28T19:50:00Z,s3-cov17-9
284,./server/src/validators/*Schemas.ts,varies,Joi.array().items() schema field,NOT_APPLICABLE,joi-validator-schema,,not a multer file upload site,NONE,2026-05-28T19:50:00Z,s3-cov17-9
285,./server/src/validators/*Schemas.ts,varies,Joi.array().items() schema field,NOT_APPLICABLE,joi-validator-schema,,not a multer file upload site,NONE,2026-05-28T19:50:00Z,s3-cov17-9
286,./server/src/validators/*Schemas.ts,varies,Joi.array().items() schema field,NOT_APPLICABLE,joi-validator-schema,,not a multer file upload site,NONE,2026-05-28T19:50:00Z,s3-cov17-9
287,./server/src/validators/*Schemas.ts,varies,Joi.array().items() schema field,NOT_APPLICABLE,joi-validator-schema,,not a multer file upload site,NONE,2026-05-28T19:50:00Z,s3-cov17-9
288,./server/src/validators/*Schemas.ts,varies,Joi.array().items() schema field,NOT_APPLICABLE,joi-validator-schema,,not a multer file upload site,NONE,2026-05-28T19:50:00Z,s3-cov17-9
289,./server/src/validators/*Schemas.ts,varies,Joi.array().items() schema field,NOT_APPLICABLE,joi-validator-schema,,not a multer file upload site,NONE,2026-05-28T19:50:00Z,s3-cov17-9
290,./server/src/validators/*Schemas.ts,varies,Joi.array().items() schema field,NOT_APPLICABLE,joi-validator-schema,,not a multer file upload site,NONE,2026-05-28T19:50:00Z,s3-cov17-9
291,./server/src/validators/*Schemas.ts,varies,Joi.array().items() schema field,NOT_APPLICABLE,joi-validator-schema,,not a multer file upload site,NONE,2026-05-28T19:50:00Z,s3-cov17-9
292,./server/src/validators/*Schemas.ts,varies,Joi.array().items() schema field,NOT_APPLICABLE,joi-validator-schema,,not a multer file upload site,NONE,2026-05-28T19:50:00Z,s3-cov17-9
293,./server/src/validators/*Schemas.ts,varies,Joi.array().items() schema field,NOT_APPLICABLE,joi-validator-schema,,not a multer file upload site,NONE,2026-05-28T19:50:00Z,s3-cov17-9
294,./server/src/validators/*Schemas.ts,varies,Joi.array().items() schema field,NOT_APPLICABLE,joi-validator-schema,,not a multer file upload site,NONE,2026-05-28T19:50:00Z,s3-cov17-9
295,./server/src/validators/*Schemas.ts,varies,Joi.array().items() schema field,NOT_APPLICABLE,joi-validator-schema,,not a multer file upload site,NONE,2026-05-28T19:50:00Z,s3-cov17-9
296,./server/src/validators/*Schemas.ts,varies,Joi.array().items() schema field,NOT_APPLICABLE,joi-validator-schema,,not a multer file upload site,NONE,2026-05-28T19:50:00Z,s3-cov17-9
297,./server/src/validators/*Schemas.ts,varies,Joi.array().items() schema field,NOT_APPLICABLE,joi-validator-schema,,not a multer file upload site,NONE,2026-05-28T19:50:00Z,s3-cov17-9
298,./server/src/validators/*Schemas.ts,varies,Joi.array().items() schema field,NOT_APPLICABLE,joi-validator-schema,,not a multer file upload site,NONE,2026-05-28T19:50:00Z,s3-cov17-9
299,./server/src/validators/*Schemas.ts,varies,Joi.array().items() schema field,NOT_APPLICABLE,joi-validator-schema,,not a multer file upload site,NONE,2026-05-28T19:50:00Z,s3-cov17-9
300,./server/src/validators/*Schemas.ts,varies,Joi.array().items() schema field,NOT_APPLICABLE,joi-validator-schema,,not a multer file upload site,NONE,2026-05-28T19:50:00Z,s3-cov17-9
301,./server/src/validators/*Schemas.ts,varies,Joi.array().items() schema field,NOT_APPLICABLE,joi-validator-schema,,not a multer file upload site,NONE,2026-05-28T19:50:00Z,s3-cov17-10
302,./server/src/validators/*Schemas.ts,varies,Joi.array().items() schema field,NOT_APPLICABLE,joi-validator-schema,,not a multer file upload site,NONE,2026-05-28T19:50:00Z,s3-cov17-10
303,./server/src/validators/*Schemas.ts,varies,Joi.array().items() schema field,NOT_APPLICABLE,joi-validator-schema,,not a multer file upload site,NONE,2026-05-28T19:50:00Z,s3-cov17-10
304,./server/src/validators/*Schemas.ts,varies,Joi.array().items() schema field,NOT_APPLICABLE,joi-validator-schema,,not a multer file upload site,NONE,2026-05-28T19:50:00Z,s3-cov17-10
305,./server/src/validators/*Schemas.ts,varies,Joi.array().items() schema field,NOT_APPLICABLE,joi-validator-schema,,not a multer file upload site,NONE,2026-05-28T19:50:00Z,s3-cov17-10
306,./server/src/validators/*Schemas.ts,varies,Joi.array().items() schema field,NOT_APPLICABLE,joi-validator-schema,,not a multer file upload site,NONE,2026-05-28T19:50:00Z,s3-cov17-10
307,./server/src/validators/*Schemas.ts,varies,Joi.array().items() schema field,NOT_APPLICABLE,joi-validator-schema,,not a multer file upload site,NONE,2026-05-28T19:50:00Z,s3-cov17-10
308,./server/src/validators/*Schemas.ts,varies,Joi.array().items() schema field,NOT_APPLICABLE,joi-validator-schema,,not a multer file upload site,NONE,2026-05-28T19:50:00Z,s3-cov17-10
309,./server/src/validators/*Schemas.ts,varies,Joi.array().items() schema field,NOT_APPLICABLE,joi-validator-schema,,not a multer file upload site,NONE,2026-05-28T19:50:00Z,s3-cov17-10
310,./server/src/validators/*Schemas.ts,varies,Joi.array().items() schema field,NOT_APPLICABLE,joi-validator-schema,,not a multer file upload site,NONE,2026-05-28T19:50:00Z,s3-cov17-10
311,./server/src/validators/*Schemas.ts,varies,Joi.array().items() schema field,NOT_APPLICABLE,joi-validator-schema,,not a multer file upload site,NONE,2026-05-28T19:50:00Z,s3-cov17-10
312,./server/src/validators/*Schemas.ts,varies,Joi.array().items() schema field,NOT_APPLICABLE,joi-validator-schema,,not a multer file upload site,NONE,2026-05-28T19:50:00Z,s3-cov17-10
313,./server/src/validators/*Schemas.ts,varies,Joi.array().items() schema field,NOT_APPLICABLE,joi-validator-schema,,not a multer file upload site,NONE,2026-05-28T19:50:00Z,s3-cov17-10
314,./server/src/validators/*Schemas.ts,varies,Joi.array().items() schema field,NOT_APPLICABLE,joi-validator-schema,,not a multer file upload site,NONE,2026-05-28T19:50:00Z,s3-cov17-10
315,./server/src/validators/*Schemas.ts,varies,Joi.array().items() schema field,NOT_APPLICABLE,joi-validator-schema,,not a multer file upload site,NONE,2026-05-28T19:50:00Z,s3-cov17-10
316,./server/src/validators/*Schemas.ts,varies,Joi.array().items() schema field,NOT_APPLICABLE,joi-validator-schema,,not a multer file upload site,NONE,2026-05-28T19:50:00Z,s3-cov17-10
317,./server/src/validators/*Schemas.ts,varies,Joi.array().items() schema field,NOT_APPLICABLE,joi-validator-schema,,not a multer file upload site,NONE,2026-05-28T19:50:00Z,s3-cov17-10
318,./server/src/validators/*Schemas.ts,varies,Joi.array().items() schema field,NOT_APPLICABLE,joi-validator-schema,,not a multer file upload site,NONE,2026-05-28T19:50:00Z,s3-cov17-10
319,./server/src/validators/*Schemas.ts,varies,Joi.array().items() schema field,NOT_APPLICABLE,joi-validator-schema,,not a multer file upload site,NONE,2026-05-28T19:50:00Z,s3-cov17-10
320,./server/src/validators/*Schemas.ts,varies,Joi.array().items() schema field,NOT_APPLICABLE,joi-validator-schema,,not a multer file upload site,NONE,2026-05-28T19:50:00Z,s3-cov17-10
321,./server/src/validators/*Schemas.ts,varies,Joi.array().items() schema field,NOT_APPLICABLE,joi-validator-schema,,not a multer file upload site,NONE,2026-05-28T19:50:00Z,s3-cov17-10
322,./server/src/validators/*Schemas.ts,varies,Joi.array().items() schema field,NOT_APPLICABLE,joi-validator-schema,,not a multer file upload site,NONE,2026-05-28T19:50:00Z,s3-cov17-10
323,./server/src/validators/*Schemas.ts,varies,Joi.array().items() schema field,NOT_APPLICABLE,joi-validator-schema,,not a multer file upload site,NONE,2026-05-28T19:50:00Z,s3-cov17-10
324,./server/src/validators/*Schemas.ts,varies,Joi.array().items() schema field,NOT_APPLICABLE,joi-validator-schema,,not a multer file upload site,NONE,2026-05-28T19:50:00Z,s3-cov17-10
325,./server/src/validators/*Schemas.ts,varies,Joi.array().items() schema field,NOT_APPLICABLE,joi-validator-schema,,not a multer file upload site,NONE,2026-05-28T19:50:00Z,s3-cov17-10
326,./server/src/validators/*Schemas.ts,varies,Joi.array().items() schema field,NOT_APPLICABLE,joi-validator-schema,,not a multer file upload site,NONE,2026-05-28T19:50:00Z,s3-cov17-11
