site_number,file,line,call_signature,verdict,leaks,evidence_quote,severity,verified_at,verified_by
1,./server/src/config/database.ts,162,      logger.info('✅ Database connection established');,UNCLASSIFIED,,,UNCLASSIFIED,,
2,./server/src/config/database.ts,166,        logger.warn(`Database connection attempt ${i + 1} failed; retrying in ${delay}ms...`);,UNCLASSIFIED,,,UNCLASSIFIED,,
3,./server/src/config/database.ts,169,        logger.error('❌ Database connection failed after retries:'; error.message);,UNCLASSIFIED,,,UNCLASSIFIED,,
4,./server/src/config/database.ts,180,    logger.debug(`Query: ${e.query}`);,UNCLASSIFIED,,,UNCLASSIFIED,,
5,./server/src/config/database.ts,181,    logger.debug(`Duration: ${e.duration}ms`);,UNCLASSIFIED,,,UNCLASSIFIED,,
6,./server/src/config/database.ts,188,  logger.info('Database connection closed');,UNCLASSIFIED,,,UNCLASSIFIED,,
7,./server/src/config/monitoring.ts,18,  logger.warn('Sentry packages not installed. Install with: npm install @sentry/node @sentry/profiling-node');,UNCLASSIFIED,,,UNCLASSIFIED,,
8,./server/src/config/monitoring.ts,70,    logger.info('Sentry disabled or DSN not configured');,UNCLASSIFIED,,,UNCLASSIFIED,,
9,./server/src/config/monitoring.ts,75,    logger.warn('Sentry packages not installed. Install with: npm install @sentry/node @sentry/profiling-node');,UNCLASSIFIED,,,UNCLASSIFIED,,
10,./server/src/config/monitoring.ts,140,    logger.info('Sentry initialized successfully');,UNCLASSIFIED,,,UNCLASSIFIED,,
11,./server/src/config/monitoring.ts,142,    logger.error('Failed to initialize Sentry:'; error);,UNCLASSIFIED,,,UNCLASSIFIED,,
12,./server/src/config/monitoring.ts,151,    logger.info('APM disabled');,UNCLASSIFIED,,,UNCLASSIFIED,,
13,./server/src/config/monitoring.ts,169,      logger.info('APM initialized (Elastic APM)');,UNCLASSIFIED,,,UNCLASSIFIED,,
14,./server/src/config/monitoring.ts,171,      logger.error('Failed to initialize Elastic APM:'; error);,UNCLASSIFIED,,,UNCLASSIFIED,,
15,./server/src/config/monitoring.ts,180,      logger.info('APM initialized (New Relic)');,UNCLASSIFIED,,,UNCLASSIFIED,,
16,./server/src/config/monitoring.ts,184,        logger.warn('NEW_RELIC_LICENSE_KEY set but newrelic package not installed — skipping. Add "newrelic" to dependencies to enable.');,UNCLASSIFIED,,,UNCLASSIFIED,,
17,./server/src/config/monitoring.ts,186,        logger.error('Failed to initialize New Relic:'; error);,UNCLASSIFIED,,,UNCLASSIFIED,,
18,./server/src/config/monitoring.ts,276,          logger.warn('Failed to start Sentry transaction (old API):'; error);,UNCLASSIFIED,,,UNCLASSIFIED,,
19,./server/src/config/monitoring.ts,283,      logger.warn('Sentry transaction API not available:'; error);,UNCLASSIFIED,,,UNCLASSIFIED,,
20,./server/src/config/performanceMonitoring.ts,76,      logger.warn(,UNCLASSIFIED,,,UNCLASSIFIED,,
21,./server/src/config/performanceMonitoring.ts,106,      logger.warn(,UNCLASSIFIED,,,UNCLASSIFIED,,
22,./server/src/config/regions/multiRegionConfig.ts,311,      logger.warn(`[MultiRegion] Unknown region ${this.currentRegion}; defaulting to us-east-1`);,UNCLASSIFIED,,,UNCLASSIFIED,,
23,./server/src/config/regions/multiRegionConfig.ts,315,    logger.info(`[MultiRegion] Initialized in region: ${REGIONS[this.currentRegion].name}`);,UNCLASSIFIED,,,UNCLASSIFIED,,
24,./server/src/config/regions/multiRegionConfig.ts,335,          logger.debug('[MultiRegion] Failed to sync initial health state to Redis; using local state');,UNCLASSIFIED,,,UNCLASSIFIED,,
25,./server/src/config/regions/multiRegionConfig.ts,491,    logger.info('[MultiRegion] Cross-region health checks started');,UNCLASSIFIED,,,UNCLASSIFIED,,
26,./server/src/config/regions/multiRegionConfig.ts,528,        logger.error(`[MultiRegion] Region ${regionCode} is unhealthy (${consecutiveFailures} consecutive failures)`);,UNCLASSIFIED,,,UNCLASSIFIED,,
27,./server/src/config/regions/multiRegionConfig.ts,530,          logger.warn(`[MultiRegion] Auto-failover triggered for ${regionCode} -> ${config.failover.target}`);,UNCLASSIFIED,,,UNCLASSIFIED,,
28,./server/src/config/regions/multiRegionConfig.ts,545,      logger.debug('[MultiRegion] Failed to sync health state to Redis; using local state');,UNCLASSIFIED,,,UNCLASSIFIED,,
29,./server/src/config/regions/multiRegionConfig.ts,582,    logger.info('[MultiRegion] Health checks stopped');,UNCLASSIFIED,,,UNCLASSIFIED,,
30,./server/src/controllers/acosController.ts,34,      logger.error('Create goal error'; error);,UNCLASSIFIED,,,UNCLASSIFIED,,
31,./server/src/controllers/acosController.ts,36,      logger.error('Create goal error details:'; { error: errorMessage; stack: error?.stack });,UNCLASSIFIED,,,UNCLASSIFIED,,
32,./server/src/controllers/acosController.ts,52,      logger.error('Get goals error'; error);,UNCLASSIFIED,,,UNCLASSIFIED,,
33,./server/src/controllers/acosController.ts,64,      logger.error('Get goal error'; error);,UNCLASSIFIED,,,UNCLASSIFIED,,
34,./server/src/controllers/acosController.ts,81,      logger.error('Update goal error'; error);,UNCLASSIFIED,,,UNCLASSIFIED,,
35,./server/src/controllers/acosController.ts,93,      logger.error('Delete goal error'; error);,UNCLASSIFIED,,,UNCLASSIFIED,,
36,./server/src/controllers/acosController.ts,105,      logger.error('Restore goal error'; error);,UNCLASSIFIED,,,UNCLASSIFIED,,
37,./server/src/controllers/acosController.ts,134,      logger.error('Create control loop error'; error);,UNCLASSIFIED,,,UNCLASSIFIED,,
38,./server/src/controllers/acosController.ts,136,      logger.error('Create control loop error details:'; { error: errorMessage; stack: error?.stack });,UNCLASSIFIED,,,UNCLASSIFIED,,
39,./server/src/controllers/acosController.ts,152,      logger.error('Execute control loop error'; error);,UNCLASSIFIED,,,UNCLASSIFIED,,
40,./server/src/controllers/acosController.ts,166,      logger.error('Get control loop error'; error);,UNCLASSIFIED,,,UNCLASSIFIED,,
41,./server/src/controllers/acosController.ts,178,      logger.error('Get control loop history error'; error);,UNCLASSIFIED,,,UNCLASSIFIED,,
42,./server/src/controllers/acosController.ts,190,      logger.error('Pause control loop error'; error);,UNCLASSIFIED,,,UNCLASSIFIED,,
43,./server/src/controllers/acosController.ts,202,      logger.error('Resume control loop error'; error);,UNCLASSIFIED,,,UNCLASSIFIED,,
44,./server/src/controllers/acosController.ts,214,      logger.error('Update control loop error'; error);,UNCLASSIFIED,,,UNCLASSIFIED,,
45,./server/src/controllers/acosController.ts,226,      logger.error('Delete control loop error'; error);,UNCLASSIFIED,,,UNCLASSIFIED,,
46,./server/src/controllers/acosController.ts,241,      logger.error('Estimate blast radius error'; error);,UNCLASSIFIED,,,UNCLASSIFIED,,
47,./server/src/controllers/acosController.ts,257,      logger.error('Execute action error'; error);,UNCLASSIFIED,,,UNCLASSIFIED,,
48,./server/src/controllers/acosController.ts,273,      logger.error('Rollback action error'; error);,UNCLASSIFIED,,,UNCLASSIFIED,,
49,./server/src/controllers/acosController.ts,292,      logger.error('Rollback multiple actions error'; error);,UNCLASSIFIED,,,UNCLASSIFIED,,
50,./server/src/controllers/acosController.ts,316,      logger.error('Analyze evidence error'; error);,UNCLASSIFIED,,,UNCLASSIFIED,,
51,./server/src/controllers/acosController.ts,334,      logger.error('Get evidence analysis error'; error);,UNCLASSIFIED,,,UNCLASSIFIED,,
52,./server/src/controllers/acosController.ts,358,      logger.error('Re-analyze evidence error'; error);,UNCLASSIFIED,,,UNCLASSIFIED,,
53,./server/src/controllers/acosController.ts,373,      logger.error('Get analysis history error'; error);,UNCLASSIFIED,,,UNCLASSIFIED,,
54,./server/src/controllers/acosController.ts,393,      logger.error('Bulk analyze evidence error'; error);,UNCLASSIFIED,,,UNCLASSIFIED,,
55,./server/src/controllers/acosController.ts,412,      logger.error('Export analysis report error'; error);,UNCLASSIFIED,,,UNCLASSIFIED,,
56,./server/src/controllers/acosController.ts,433,      logger.error('Verify file hash error'; error);,UNCLASSIFIED,,,UNCLASSIFIED,,
57,./server/src/controllers/acosController.ts,454,      logger.error('Sign evidence error'; error);,UNCLASSIFIED,,,UNCLASSIFIED,,
58,./server/src/controllers/acosController.ts,476,      logger.error('Verify evidence signature error'; error);,UNCLASSIFIED,,,UNCLASSIFIED,,
59,./server/src/controllers/acosController.ts,497,      logger.error('Timestamp evidence error'; error);,UNCLASSIFIED,,,UNCLASSIFIED,,
60,./server/src/controllers/acosController.ts,521,      logger.error('Create chain of custody error'; error);,UNCLASSIFIED,,,UNCLASSIFIED,,
61,./server/src/controllers/acosController.ts,545,      logger.error('Create multi-party attestation error'; error);,UNCLASSIFIED,,,UNCLASSIFIED,,
62,./server/src/controllers/acosController.ts,584,      logger.error('Analyze and anchor error'; error);,UNCLASSIFIED,,,UNCLASSIFIED,,
63,./server/src/controllers/acosController.ts,607,      logger.error('Verify integrity error'; error);,UNCLASSIFIED,,,UNCLASSIFIED,,
64,./server/src/controllers/acosController.ts,623,      logger.error('Get provenance report error'; error);,UNCLASSIFIED,,,UNCLASSIFIED,,
65,./server/src/controllers/acosController.ts,634,      logger.error('Get anchor SLA error'; error);,UNCLASSIFIED,,,UNCLASSIFIED,,
66,./server/src/controllers/acosController.ts,662,      logger.error('Ingest regulation error'; error);,UNCLASSIFIED,,,UNCLASSIFIED,,
67,./server/src/controllers/acosController.ts,678,      logger.error('Detect regulatory changes error'; error);,UNCLASSIFIED,,,UNCLASSIFIED,,
68,./server/src/controllers/acosController.ts,693,      logger.error('Bulk conflict analysis error'; error);,UNCLASSIFIED,,,UNCLASSIFIED,,
69,./server/src/controllers/acosController.ts,708,      logger.error('Get conflict history error'; error);,UNCLASSIFIED,,,UNCLASSIFIED,,
70,./server/src/controllers/acosController.ts,725,      logger.error('Resolve conflict error'; error);,UNCLASSIFIED,,,UNCLASSIFIED,,
71,./server/src/controllers/acosController.ts,742,      logger.error('Rollback auto-update error'; error);,UNCLASSIFIED,,,UNCLASSIFIED,,
72,./server/src/controllers/acosController.ts,759,      logger.error('Batch auto-update error'; error);,UNCLASSIFIED,,,UNCLASSIFIED,,
73,./server/src/controllers/acosController.ts,774,      logger.error('Add feed error'; error);,UNCLASSIFIED,,,UNCLASSIFIED,,
74,./server/src/controllers/acosController.ts,790,      logger.error('Remove feed error'; error);,UNCLASSIFIED,,,UNCLASSIFIED,,
75,./server/src/controllers/acosController.ts,803,      logger.error('Get feed status dashboard error'; error);,UNCLASSIFIED,,,UNCLASSIFIED,,
76,./server/src/controllers/acosController.ts,819,      logger.error('Auto update controls error'; error);,UNCLASSIFIED,,,UNCLASSIFIED,,
77,./server/src/controllers/acosController.ts,840,      logger.error('Predict future risks error'; error);,UNCLASSIFIED,,,UNCLASSIFIED,,
78,./server/src/controllers/acosController.ts,853,      logger.error('Get historical accuracy error'; error);,UNCLASSIFIED,,,UNCLASSIFIED,,
79,./server/src/controllers/acosController.ts,868,      logger.error('Refresh risk predictions error'; error);,UNCLASSIFIED,,,UNCLASSIFIED,,
80,./server/src/controllers/acosController.ts,902,      logger.error('Predict compliance trajectory error'; error);,UNCLASSIFIED,,,UNCLASSIFIED,,
81,./server/src/controllers/acosController.ts,919,      logger.error('Recalculate trajectory error'; error);,UNCLASSIFIED,,,UNCLASSIFIED,,
82,./server/src/controllers/acosController.ts,940,      logger.error('Get early warnings error'; error);,UNCLASSIFIED,,,UNCLASSIFIED,,
83,./server/src/controllers/acosController.ts,958,      logger.error('Acknowledge warning error'; error);,UNCLASSIFIED,,,UNCLASSIFIED,,
84,./server/src/controllers/acosController.ts,978,      logger.error('Get warning history error'; error);,UNCLASSIFIED,,,UNCLASSIFIED,,
85,./server/src/controllers/acosController.ts,991,      logger.error('Get false positive rate error'; error);,UNCLASSIFIED,,,UNCLASSIFIED,,
86,./server/src/controllers/acosController.ts,1007,      logger.error('Run simulation error'; error);,UNCLASSIFIED,,,UNCLASSIFIED,,
87,./server/src/controllers/acosController.ts,1024,      logger.error('Run simulation with constraints error'; error);,UNCLASSIFIED,,,UNCLASSIFIED,,
88,./server/src/controllers/acosController.ts,1040,      logger.error('Compare scenarios error'; error);,UNCLASSIFIED,,,UNCLASSIFIED,,
89,./server/src/controllers/acosController.ts,1058,      logger.error('Save simulation state error'; error);,UNCLASSIFIED,,,UNCLASSIFIED,,
90,./server/src/controllers/acosController.ts,1073,      logger.error('Load simulation state error'; error);,UNCLASSIFIED,,,UNCLASSIFIED,,
91,./server/src/controllers/acosController.ts,1089,      logger.error('Rollback simulation error'; error);,UNCLASSIFIED,,,UNCLASSIFIED,,
92,./server/src/controllers/acosController.ts,1113,      logger.error('Run Monte Carlo error'; error);,UNCLASSIFIED,,,UNCLASSIFIED,,
93,./server/src/controllers/acosController.ts,1129,      logger.error('Run red team simulation error'; error);,UNCLASSIFIED,,,UNCLASSIFIED,,
94,./server/src/controllers/acosController.ts,1144,      logger.error('Run automated scan error'; error);,UNCLASSIFIED,,,UNCLASSIFIED,,
95,./server/src/controllers/acosController.ts,1159,      logger.error('Scan for compliance gaps error'; error);,UNCLASSIFIED,,,UNCLASSIFIED,,
96,./server/src/controllers/acosController.ts,1172,      logger.error('Scan for misconfigurations error'; error);,UNCLASSIFIED,,,UNCLASSIFIED,,
97,./server/src/controllers/acosController.ts,1185,      logger.error('Scan for policy violations error'; error);,UNCLASSIFIED,,,UNCLASSIFIED,,
98,./server/src/controllers/acosController.ts,1200,      logger.error('Schedule scan error'; error);,UNCLASSIFIED,,,UNCLASSIFIED,,
99,./server/src/controllers/acosController.ts,1214,      logger.error('Export scan results error'; error);,UNCLASSIFIED,,,UNCLASSIFIED,,
100,./server/src/controllers/acosController.ts,1228,      logger.error('Compare scan results error'; error);,UNCLASSIFIED,,,UNCLASSIFIED,,
101,./server/src/controllers/acosController.ts,1245,      logger.error('Mark false positive error'; error);,UNCLASSIFIED,,,UNCLASSIFIED,,
102,./server/src/controllers/acosController.ts,1260,      logger.error('Join federation error'; error);,UNCLASSIFIED,,,UNCLASSIFIED,,
103,./server/src/controllers/acosController.ts,1275,      logger.error('Leave federation error'; error);,UNCLASSIFIED,,,UNCLASSIFIED,,
104,./server/src/controllers/acosController.ts,1290,      logger.error('Contribute to federation error'; error);,UNCLASSIFIED,,,UNCLASSIFIED,,
105,./server/src/controllers/acosController.ts,1306,      logger.error('Receive federated model error'; error);,UNCLASSIFIED,,,UNCLASSIFIED,,
106,./server/src/controllers/acosController.ts,1320,      logger.error('Recover federation error'; error);,UNCLASSIFIED,,,UNCLASSIFIED,,
107,./server/src/controllers/acosController.ts,1345,      logger.error('Get swarm insights error'; error);,UNCLASSIFIED,,,UNCLASSIFIED,,
108,./server/src/controllers/acosController.ts,1360,      logger.error('Get industry insights error'; error);,UNCLASSIFIED,,,UNCLASSIFIED,,
109,./server/src/controllers/acosController.ts,1375,      logger.error('Get sector insights error'; error);,UNCLASSIFIED,,,UNCLASSIFIED,,
110,./server/src/controllers/acosController.ts,1390,      logger.error('Get framework insights error'; error);,UNCLASSIFIED,,,UNCLASSIFIED,,
111,./server/src/controllers/acosController.ts,1405,      logger.error('Benchmark against peers error'; error);,UNCLASSIFIED,,,UNCLASSIFIED,,
112,./server/src/controllers/acosController.ts,1420,      logger.error('Identify trends error'; error);,UNCLASSIFIED,,,UNCLASSIFIED,,
113,./server/src/controllers/acosController.ts,1434,      logger.error('Export insights error'; error);,UNCLASSIFIED,,,UNCLASSIFIED,,
114,./server/src/controllers/acosController.ts,1451,      logger.error('Rollback model error'; error);,UNCLASSIFIED,,,UNCLASSIFIED,,
115,./server/src/controllers/acosController.ts,1466,      logger.error('Distribute model error'; error);,UNCLASSIFIED,,,UNCLASSIFIED,,
116,./server/src/controllers/acosController.ts,1480,      logger.error('Get model audit trail error'; error);,UNCLASSIFIED,,,UNCLASSIFIED,,
117,./server/src/controllers/acosController.ts,1501,      logger.error('Transcribe audio error'; error);,UNCLASSIFIED,,,UNCLASSIFIED,,
118,./server/src/controllers/acosController.ts,1521,      logger.error('Analyze video error'; error);,UNCLASSIFIED,,,UNCLASSIFIED,,
119,./server/src/controllers/acosController.ts,1537,      logger.error('Register device error'; error);,UNCLASSIFIED,,,UNCLASSIFIED,,
120,./server/src/controllers/acosController.ts,1552,      logger.error('Perform edge compliance check error'; error);,UNCLASSIFIED,,,UNCLASSIFIED,,
121,./server/src/controllers/acosController.ts,1568,      logger.error('Bulk register devices error'; error);,UNCLASSIFIED,,,UNCLASSIFIED,,
122,./server/src/controllers/acosController.ts,1584,      logger.error('Deregister device error'; error);,UNCLASSIFIED,,,UNCLASSIFIED,,
123,./server/src/controllers/acosController.ts,1600,      logger.error('Monitor device heartbeat error'; error);,UNCLASSIFIED,,,UNCLASSIFIED,,
124,./server/src/controllers/acosController.ts,1613,      logger.error('Detect offline devices error'; error);,UNCLASSIFIED,,,UNCLASSIFIED,,
125,./server/src/controllers/acosController.ts,1628,      logger.error('Monitor battery level error'; error);,UNCLASSIFIED,,,UNCLASSIFIED,,
126,./server/src/controllers/acosController.ts,1643,      logger.error('Monitor connectivity error'; error);,UNCLASSIFIED,,,UNCLASSIFIED,,
127,./server/src/controllers/acosController.ts,1658,      logger.error('Track firmware version error'; error);,UNCLASSIFIED,,,UNCLASSIFIED,,
128,./server/src/controllers/acosController.ts,1671,      logger.error('Get health dashboard error'; error);,UNCLASSIFIED,,,UNCLASSIFIED,,
129,./server/src/controllers/acosController.ts,1688,      logger.error('Get health history error'; error);,UNCLASSIFIED,,,UNCLASSIFIED,,
130,./server/src/controllers/acosController.ts,1703,      logger.error('Perform predictive maintenance error'; error);,UNCLASSIFIED,,,UNCLASSIFIED,,
131,./server/src/controllers/acosController.ts,1716,      logger.error('Bulk health check error'; error);,UNCLASSIFIED,,,UNCLASSIFIED,,
132,./server/src/controllers/acosController.ts,1727,      logger.error('Get devices error'; error);,UNCLASSIFIED,,,UNCLASSIFIED,,
133,./server/src/controllers/acosController.ts,1743,      logger.error('Create VR session error'; error);,UNCLASSIFIED,,,UNCLASSIFIED,,
134,./server/src/controllers/acosController.ts,1761,      logger.error('Join VR session error'; error);,UNCLASSIFIED,,,UNCLASSIFIED,,
135,./server/src/controllers/acosController.ts,1789,      logger.error('Start VR session error'; error);,UNCLASSIFIED,,,UNCLASSIFIED,,
136,./server/src/controllers/acosController.ts,1804,      logger.error('End VR session error'; error);,UNCLASSIFIED,,,UNCLASSIFIED,,
137,./server/src/controllers/acosController.ts,1819,      logger.error('Leave VR session error'; error);,UNCLASSIFIED,,,UNCLASSIFIED,,
138,./server/src/controllers/acosController.ts,1834,      logger.error('Get VR session details error'; error);,UNCLASSIFIED,,,UNCLASSIFIED,,
139,./server/src/controllers/acosController.ts,1850,      logger.error('Add VR annotation error'; error);,UNCLASSIFIED,,,UNCLASSIFIED,,
140,./server/src/controllers/acosController.ts,1866,      logger.error('Add VR voice annotation error'; error);,UNCLASSIFIED,,,UNCLASSIFIED,,
141,./server/src/controllers/acosController.ts,1883,      logger.error('Edit VR annotation error'; error);,UNCLASSIFIED,,,UNCLASSIFIED,,
142,./server/src/controllers/acosController.ts,1900,      logger.error('Delete VR annotation error'; error);,UNCLASSIFIED,,,UNCLASSIFIED,,
143,./server/src/controllers/acosController.ts,1915,      logger.error('Get VR annotation history error'; error);,UNCLASSIFIED,,,UNCLASSIFIED,,
144,./server/src/controllers/acosController.ts,1931,      logger.error('Export VR annotations error'; error);,UNCLASSIFIED,,,UNCLASSIFIED,,
145,./server/src/controllers/acosController.ts,1944,      logger.error('Get active VR sessions error'; error);,UNCLASSIFIED,,,UNCLASSIFIED,,
146,./server/src/controllers/acosController.ts,1955,      logger.error('VR session health check error'; error);,UNCLASSIFIED,,,UNCLASSIFIED,,
147,./server/src/controllers/acosController.ts,1970,      logger.error('Create VR training scenario error'; error);,UNCLASSIFIED,,,UNCLASSIFIED,,
148,./server/src/controllers/acosController.ts,1986,      logger.error('Start VR training error'; error);,UNCLASSIFIED,,,UNCLASSIFIED,,
149,./server/src/controllers/acosController.ts,2004,      logger.error('Track VR training progress error'; error);,UNCLASSIFIED,,,UNCLASSIFIED,,
150,./server/src/controllers/acosController.ts,2019,      logger.error('Evaluate VR training error'; error);,UNCLASSIFIED,,,UNCLASSIFIED,,
151,./server/src/controllers/acosController.ts,2034,      logger.error('Complete VR training error'; error);,UNCLASSIFIED,,,UNCLASSIFIED,,
152,./server/src/controllers/acosController.ts,2048,      logger.error('Get VR training history error'; error);,UNCLASSIFIED,,,UNCLASSIFIED,,
153,./server/src/controllers/acosController.ts,2065,      logger.error('Send VR chat message error'; error);,UNCLASSIFIED,,,UNCLASSIFIED,,
154,./server/src/controllers/acosController.ts,2077,      logger.error('Get VR chat history error'; error);,UNCLASSIFIED,,,UNCLASSIFIED,,
155,./server/src/controllers/acosController.ts,2094,      logger.error('Toggle VR voice chat error'; error);,UNCLASSIFIED,,,UNCLASSIFIED,,
156,./server/src/controllers/acosController.ts,2113,      logger.error('Mute VR participant error'; error);,UNCLASSIFIED,,,UNCLASSIFIED,,
157,./server/src/controllers/acosController.ts,2131,      logger.error('Update VR pointer error'; error);,UNCLASSIFIED,,,UNCLASSIFIED,,
158,./server/src/controllers/acosController.ts,2148,      logger.error('Enable VR screen sharing error'; error);,UNCLASSIFIED,,,UNCLASSIFIED,,
159,./server/src/controllers/acosController.ts,2163,      logger.error('Disable VR screen sharing error'; error);,UNCLASSIFIED,,,UNCLASSIFIED,,
160,./server/src/controllers/acosController.ts,2179,      logger.error('Enable VR follow mode error'; error);,UNCLASSIFIED,,,UNCLASSIFIED,,
161,./server/src/controllers/acosController.ts,2195,      logger.error('Disable VR follow mode error'; error);,UNCLASSIFIED,,,UNCLASSIFIED,,
162,./server/src/controllers/acosController.ts,2210,      logger.error('Enable VR presenter mode error'; error);,UNCLASSIFIED,,,UNCLASSIFIED,,
163,./server/src/controllers/acosController.ts,2226,      logger.error('Update VR environment error'; error);,UNCLASSIFIED,,,UNCLASSIFIED,,
164,./server/src/controllers/acosController.ts,2239,      logger.error('Set VR environment theme error'; error);,UNCLASSIFIED,,,UNCLASSIFIED,,
165,./server/src/controllers/acosController.ts,2255,      logger.error('Register swarm agent error'; error);,UNCLASSIFIED,,,UNCLASSIFIED,,
166,./server/src/controllers/acosController.ts,2270,      logger.error('Submit swarm task error'; error);,UNCLASSIFIED,,,UNCLASSIFIED,,
167,./server/src/controllers/acosController.ts,2284,      logger.error('Get swarm task status error'; error);,UNCLASSIFIED,,,UNCLASSIFIED,,
168,./server/src/controllers/acosController.ts,2296,      logger.error('Get active swarm tasks error'; error);,UNCLASSIFIED,,,UNCLASSIFIED,,
169,./server/src/controllers/acosController.ts,2312,      logger.error('Cancel swarm task error'; error);,UNCLASSIFIED,,,UNCLASSIFIED,,
170,./server/src/controllers/acosController.ts,2323,      logger.error('Get all swarm tasks error'; error);,UNCLASSIFIED,,,UNCLASSIFIED,,
171,./server/src/controllers/acosController.ts,2339,      logger.error('Bulk submit swarm tasks error'; error);,UNCLASSIFIED,,,UNCLASSIFIED,,
172,./server/src/controllers/acosController.ts,2351,      logger.error('Report swarm task progress error'; error);,UNCLASSIFIED,,,UNCLASSIFIED,,
173,./server/src/controllers/acosController.ts,2370,      logger.error('Complete swarm task error'; error);,UNCLASSIFIED,,,UNCLASSIFIED,,
174,./server/src/controllers/acosController.ts,2382,      logger.error('Get swarm metrics error'; error);,UNCLASSIFIED,,,UNCLASSIFIED,,
175,./server/src/controllers/acosController.ts,2398,      logger.error('Get swarm historical metrics error'; error);,UNCLASSIFIED,,,UNCLASSIFIED,,
176,./server/src/controllers/acosController.ts,2413,      logger.error('Get swarm metric alerts error'; error);,UNCLASSIFIED,,,UNCLASSIFIED,,
177,./server/src/controllers/acosController.ts,2429,      logger.error('Resolve swarm metric alert error'; error);,UNCLASSIFIED,,,UNCLASSIFIED,,
178,./server/src/controllers/acosController.ts,2446,      logger.error('Export swarm metrics error'; error);,UNCLASSIFIED,,,UNCLASSIFIED,,
179,./server/src/controllers/acosController.ts,2457,      logger.error('Get swarm dashboard error'; error);,UNCLASSIFIED,,,UNCLASSIFIED,,
180,./server/src/controllers/acosController.ts,2467,      logger.error('Get swarm agents error'; error);,UNCLASSIFIED,,,UNCLASSIFIED,,
181,./server/src/controllers/acosController.ts,2481,      logger.error('Get swarm agent by ID error'; error);,UNCLASSIFIED,,,UNCLASSIFIED,,
182,./server/src/controllers/acosController.ts,2498,      logger.error('Update swarm agent status error'; error);,UNCLASSIFIED,,,UNCLASSIFIED,,
183,./server/src/controllers/acosController.ts,2514,      logger.error('Deactivate swarm agent error'; error);,UNCLASSIFIED,,,UNCLASSIFIED,,
184,./server/src/controllers/acosController.ts,2530,      logger.error('Reactivate swarm agent error'; error);,UNCLASSIFIED,,,UNCLASSIFIED,,
185,./server/src/controllers/acosController.ts,2542,      logger.error('Get swarm agent workload error'; error);,UNCLASSIFIED,,,UNCLASSIFIED,,
186,./server/src/controllers/acosController.ts,2555,      logger.error('Get federation status error'; error);,UNCLASSIFIED,,,UNCLASSIFIED,,
187,./server/src/controllers/acosController.ts,2570,      logger.error('Participate in swarm error'; error);,UNCLASSIFIED,,,UNCLASSIFIED,,
188,./server/src/controllers/acosController.ts,2584,      logger.error('Monitor regulatory feeds error'; error);,UNCLASSIFIED,,,UNCLASSIFIED,,
189,./server/src/controllers/acosController.ts,2599,      logger.error('Get regulatory changes error'; error);,UNCLASSIFIED,,,UNCLASSIFIED,,
190,./server/src/controllers/acosController.ts,2611,      logger.error('Get control loops error'; error);,UNCLASSIFIED,,,UNCLASSIFIED,,
191,./server/src/controllers/acosController.ts,2635,      logger.error('Get compliance debts error'; error);,UNCLASSIFIED,,,UNCLASSIFIED,,
192,./server/src/controllers/acosController.ts,2650,      logger.error('Track compliance debt error'; error);,UNCLASSIFIED,,,UNCLASSIFIED,,
193,./server/src/controllers/acosController.ts,2666,      logger.error('Calculate debt from gap analysis error'; error);,UNCLASSIFIED,,,UNCLASSIFIED,,
194,./server/src/controllers/acosController.ts,2682,      logger.error('Resolve compliance debt error'; error);,UNCLASSIFIED,,,UNCLASSIFIED,,
195,./server/src/controllers/acosController.ts,2697,      logger.error('Export debt report error'; error);,UNCLASSIFIED,,,UNCLASSIFIED,,
196,./server/src/controllers/acosController.ts,2711,      logger.error('Get change impacts error'; error);,UNCLASSIFIED,,,UNCLASSIFIED,,
197,./server/src/controllers/acosController.ts,2726,      logger.error('Forecast change impact error'; error);,UNCLASSIFIED,,,UNCLASSIFIED,,
198,./server/src/controllers/acosController.ts,2742,      logger.error('Resolve change impact error'; error);,UNCLASSIFIED,,,UNCLASSIFIED,,
199,./server/src/controllers/acosController.ts,2758,      logger.error('Hybrid reasoning error'; error);,UNCLASSIFIED,,,UNCLASSIFIED,,
200,./server/src/controllers/acosController.ts,2772,      logger.error('Rule inference error'; error);,UNCLASSIFIED,,,UNCLASSIFIED,,
201,./server/src/controllers/acosController.ts,2786,      logger.error('Causal reasoning error'; error);,UNCLASSIFIED,,,UNCLASSIFIED,,
202,./server/src/controllers/acosController.ts,2800,      logger.error('Explainable decision error'; error);,UNCLASSIFIED,,,UNCLASSIFIED,,
203,./server/src/controllers/acosController.ts,2815,      logger.error('Get reasoning history error'; error);,UNCLASSIFIED,,,UNCLASSIFIED,,
204,./server/src/controllers/acosController.ts,2833,      logger.error('Validate inferred rule error'; error);,UNCLASSIFIED,,,UNCLASSIFIED,,
205,./server/src/controllers/acosController.ts,2844,      logger.info('JIT Access request received'; {,UNCLASSIFIED,,,UNCLASSIFIED,,
206,./server/src/controllers/acosController.ts,2862,      logger.error('Request JIT access error'; {,UNCLASSIFIED,,,UNCLASSIFIED,,
207,./server/src/controllers/acosController.ts,2878,      logger.error('Get JIT access sessions error'; error);,UNCLASSIFIED,,,UNCLASSIFIED,,
208,./server/src/controllers/acosController.ts,2892,      logger.error('Revoke JIT session error'; error);,UNCLASSIFIED,,,UNCLASSIFIED,,
209,./server/src/controllers/acosController.ts,2905,      logger.error('Cancel JIT access request error'; error);,UNCLASSIFIED,,,UNCLASSIFIED,,
210,./server/src/controllers/acosController.ts,2938,      logger.error('Get pending JIT access requests error'; error);,UNCLASSIFIED,,,UNCLASSIFIED,,
211,./server/src/controllers/acosController.ts,2979,      logger.error('Get all JIT access requests error'; error);,UNCLASSIFIED,,,UNCLASSIFIED,,
212,./server/src/controllers/acosController.ts,3002,      logger.error('Approve JIT access request error'; error);,UNCLASSIFIED,,,UNCLASSIFIED,,
213,./server/src/controllers/acosController.ts,3030,      logger.error('Deny JIT access request error'; error);,UNCLASSIFIED,,,UNCLASSIFIED,,
214,./server/src/controllers/acosController.ts,3051,      logger.info(`Generated ${scheme} homomorphic keys for user ${authReq.user!.id}`);,UNCLASSIFIED,,,UNCLASSIFIED,,
215,./server/src/controllers/acosController.ts,3055,      logger.error('Generate homomorphic keys error'; error);,UNCLASSIFIED,,,UNCLASSIFIED,,
216,./server/src/controllers/acosController.ts,3083,      logger.error('Encrypt data error'; error);,UNCLASSIFIED,,,UNCLASSIFIED,,
217,./server/src/controllers/acosController.ts,3103,      logger.error('Decrypt data error'; error);,UNCLASSIFIED,,,UNCLASSIFIED,,
218,./server/src/controllers/acosController.ts,3132,      logger.error('Encrypted linear regression error'; error);,UNCLASSIFIED,,,UNCLASSIFIED,,
219,./server/src/controllers/acosController.ts,3156,      logger.error('Encrypted statistics error'; error);,UNCLASSIFIED,,,UNCLASSIFIED,,
220,./server/src/controllers/acosController.ts,3185,      logger.error('Encrypted neural network error'; error);,UNCLASSIFIED,,,UNCLASSIFIED,,
221,./server/src/controllers/aiController.ts,27,      logger.error('Generate report error'; {,UNCLASSIFIED,,,UNCLASSIFIED,,
222,./server/src/controllers/aiController.ts,57,      logger.error('Generate policy error'; {,UNCLASSIFIED,,,UNCLASSIFIED,,
223,./server/src/controllers/aiController.ts,82,      logger.error('Analyze contract error'; error);,UNCLASSIFIED,,,UNCLASSIFIED,,
224,./server/src/controllers/aiController.ts,95,      logger.error('Gap analysis error'; error);,UNCLASSIFIED,,,UNCLASSIFIED,,
225,./server/src/controllers/aiController.ts,108,      logger.error('RFP response error'; error);,UNCLASSIFIED,,,UNCLASSIFIED,,
226,./server/src/controllers/aiController.ts,127,      logger.error('Generate phishing error'; error);,UNCLASSIFIED,,,UNCLASSIFIED,,
227,./server/src/controllers/aiController.ts,140,      logger.error('Score vendor error'; error);,UNCLASSIFIED,,,UNCLASSIFIED,,
228,./server/src/controllers/aiController.ts,152,      logger.error('Generate data map error'; error);,UNCLASSIFIED,,,UNCLASSIFIED,,
229,./server/src/controllers/aiController.ts,170,      logger.error('Generate BCP error'; error);,UNCLASSIFIED,,,UNCLASSIFIED,,
230,./server/src/controllers/aiController.ts,198,      logger.error('Chat error'; {,UNCLASSIFIED,,,UNCLASSIFIED,,
231,./server/src/controllers/aiController.ts,235,      logger.error('Cross-framework mapping error'; { error: error.message; userId: (req as AuthRequest).user?.id });,UNCLASSIFIED,,,UNCLASSIFIED,,
232,./server/src/controllers/aiController.ts,259,      logger.error('Auto-remediation error'; { error: error.message; userId: (req as AuthRequest).user?.id });,UNCLASSIFIED,,,UNCLASSIFIED,,
233,./server/src/controllers/aiController.ts,282,      logger.error('Evidence completeness error'; { error: error.message; userId: (req as AuthRequest).user?.id });,UNCLASSIFIED,,,UNCLASSIFIED,,
234,./server/src/controllers/aiController.ts,305,      logger.error('Agentic vendor risk error'; { error: error.message; userId: (req as AuthRequest).user?.id });,UNCLASSIFIED,,,UNCLASSIFIED,,
235,./server/src/controllers/aiController.ts,330,      logger.error('Audit simulation error'; { error: error.message; userId: (req as AuthRequest).user?.id });,UNCLASSIFIED,,,UNCLASSIFIED,,
236,./server/src/controllers/aiController.ts,353,      logger.error('NL query error'; { error: error.message; userId: (req as AuthRequest).user?.id });,UNCLASSIFIED,,,UNCLASSIFIED,,
237,./server/src/controllers/aiController.ts,377,      logger.error('Copilot error'; { error: error.message; userId: (req as AuthRequest).user?.id });,UNCLASSIFIED,,,UNCLASSIFIED,,
238,./server/src/controllers/aiController.ts,401,      logger.error('Forecasting error'; { error: error.message; userId: (req as AuthRequest).user?.id });,UNCLASSIFIED,,,UNCLASSIFIED,,
239,./server/src/controllers/aiController.ts,425,      logger.error('Process analysis error'; { error: error.message; userId: (req as AuthRequest).user?.id });,UNCLASSIFIED,,,UNCLASSIFIED,,
240,./server/src/controllers/aiRmfController.ts,31,      logger.error('Create AI system error:'; error);,UNCLASSIFIED,,,UNCLASSIFIED,,
241,./server/src/controllers/aiRmfController.ts,52,      logger.error('Get AI systems error:'; error);,UNCLASSIFIED,,,UNCLASSIFIED,,
242,./server/src/controllers/aiRmfController.ts,68,      logger.error('Get AI system error:'; error);,UNCLASSIFIED,,,UNCLASSIFIED,,
243,./server/src/controllers/aiRmfController.ts,92,      logger.error('Update AI system error:'; error);,UNCLASSIFIED,,,UNCLASSIFIED,,
244,./server/src/controllers/aiRmfController.ts,115,      logger.error('Delete AI system error:'; error);,UNCLASSIFIED,,,UNCLASSIFIED,,
245,./server/src/controllers/aiRmfController.ts,144,      logger.error('Update core function error:'; error);,UNCLASSIFIED,,,UNCLASSIFIED,,
246,./server/src/controllers/aiRmfController.ts,172,      logger.error('Update category error:'; error);,UNCLASSIFIED,,,UNCLASSIFIED,,
247,./server/src/controllers/aiRmfController.ts,196,      logger.error('Update subcategory error:'; error);,UNCLASSIFIED,,,UNCLASSIFIED,,
248,./server/src/controllers/aiRmfController.ts,225,      logger.error('Update trustworthiness characteristic error:'; error);,UNCLASSIFIED,,,UNCLASSIFIED,,
249,./server/src/controllers/aiRmfController.ts,254,      logger.error('Update lifecycle stage error:'; error);,UNCLASSIFIED,,,UNCLASSIFIED,,
250,./server/src/controllers/aiRmfController.ts,274,      logger.error('Add actor error:'; error);,UNCLASSIFIED,,,UNCLASSIFIED,,
251,./server/src/controllers/aiRmfController.ts,290,      logger.error('Remove actor error:'; error);,UNCLASSIFIED,,,UNCLASSIFIED,,
252,./server/src/controllers/aiRmfController.ts,318,      logger.error('Create assessment error:'; error);,UNCLASSIFIED,,,UNCLASSIFIED,,
253,./server/src/controllers/aiRmfController.ts,334,      logger.error('Get assessments error:'; error);,UNCLASSIFIED,,,UNCLASSIFIED,,
254,./server/src/controllers/aiRmfController.ts,357,      logger.error('Delete assessment error:'; error);,UNCLASSIFIED,,,UNCLASSIFIED,,
255,./server/src/controllers/aiRmfController.ts,377,      logger.error('Create profile error:'; error);,UNCLASSIFIED,,,UNCLASSIFIED,,
256,./server/src/controllers/aiRmfController.ts,405,      logger.error('Create risk activity error:'; error);,UNCLASSIFIED,,,UNCLASSIFIED,,
257,./server/src/controllers/aiRmfController.ts,429,      logger.error('Update risk activity error:'; error);,UNCLASSIFIED,,,UNCLASSIFIED,,
258,./server/src/controllers/aiRmfController.ts,449,      logger.error('Calculate trustworthiness score error:'; error);,UNCLASSIFIED,,,UNCLASSIFIED,,
259,./server/src/controllers/aiRmfController.ts,464,      logger.error('Get dashboard data error:'; error);,UNCLASSIFIED,,,UNCLASSIFIED,,
260,./server/src/controllers/auditController.ts,54,      logger.error('List audit logs error'; error);,UNCLASSIFIED,,,UNCLASSIFIED,,
261,./server/src/controllers/auditController.ts,125,            logger.error('Failed to update audit log with blockchain info'; error);,UNCLASSIFIED,,,UNCLASSIFIED,,
262,./server/src/controllers/auditController.ts,128,          logger.info(`Audit log ${auditLog.id} submitted to blockchain: ${blockchainRecord.transactionHash}`);,UNCLASSIFIED,,,UNCLASSIFIED,,
263,./server/src/controllers/auditController.ts,131,          logger.warn('Failed to submit audit log to blockchain'; error);,UNCLASSIFIED,,,UNCLASSIFIED,,
264,./server/src/controllers/auditController.ts,137,      logger.error('Create audit log error'; error);,UNCLASSIFIED,,,UNCLASSIFIED,,
265,./server/src/controllers/auditController.ts,187,      logger.error('Export audit logs error'; error);,UNCLASSIFIED,,,UNCLASSIFIED,,
266,./server/src/controllers/auditController.ts,242,      logger.error('Archive audit logs error'; error);,UNCLASSIFIED,,,UNCLASSIFIED,,
267,./server/src/controllers/authController.ts,62,      logger.warn('[Auth] No CAPTCHA secret configured (dev mode)');,UNCLASSIFIED,,,UNCLASSIFIED,,
268,./server/src/controllers/authController.ts,90,        logger.warn('[Auth] CAPTCHA verification failed'; { errors: result['error-codes'] });,UNCLASSIFIED,,,UNCLASSIFIED,,
269,./server/src/controllers/authController.ts,95,      logger.error('[Auth] CAPTCHA verification service error'; error);,UNCLASSIFIED,,,UNCLASSIFIED,,
270,./server/src/controllers/authController.ts,178,        logger.info(`New user registered: ${email}`);,UNCLASSIFIED,,,UNCLASSIFIED,,
271,./server/src/controllers/authController.ts,198,          logger.warn(`Failed to send magic link email to ${email}; but continuing with token generation`);,UNCLASSIFIED,,,UNCLASSIFIED,,
272,./server/src/controllers/authController.ts,202,        logger.error(`Failed to send magic link email to ${email}:`; error.message);,UNCLASSIFIED,,,UNCLASSIFIED,,
273,./server/src/controllers/authController.ts,218,        logger.debug(`[DEV] Magic link token for ${response.email || 'user'}: ${token}`);,UNCLASSIFIED,,,UNCLASSIFIED,,
274,./server/src/controllers/authController.ts,223,      logger.error('Request magic link error'; {,UNCLASSIFIED,,,UNCLASSIFIED,,
275,./server/src/controllers/authController.ts,344,        logger.warn('Failed to update lastLogin; continuing with login'; updateErr?.message);,UNCLASSIFIED,,,UNCLASSIFIED,,
276,./server/src/controllers/authController.ts,360,        logger.warn('Failed to create audit log; continuing with login'; auditErr?.message);,UNCLASSIFIED,,,UNCLASSIFIED,,
277,./server/src/controllers/authController.ts,394,      logger.info(`User logged in: ${user.email}`);,UNCLASSIFIED,,,UNCLASSIFIED,,
278,./server/src/controllers/authController.ts,396,      logger.error('Verify magic link error'; error);,UNCLASSIFIED,,,UNCLASSIFIED,,
279,./server/src/controllers/authController.ts,449,      logger.error('Refresh token error'; error);,UNCLASSIFIED,,,UNCLASSIFIED,,
280,./server/src/controllers/authController.ts,554,          logger.info(`[Auth] Migrated password hash to PBKDF2-SHA256 for user ${user.id}`);,UNCLASSIFIED,,,UNCLASSIFIED,,
281,./server/src/controllers/authController.ts,556,          logger.warn('[Auth] Failed to rehash password during login'; err?.message);,UNCLASSIFIED,,,UNCLASSIFIED,,
282,./server/src/controllers/authController.ts,567,        logger.warn('[Auth] Failed to update lastLogin'; err?.message);,UNCLASSIFIED,,,UNCLASSIFIED,,
283,./server/src/controllers/authController.ts,599,        logger.warn('[Auth] Session management not available; continuing without it'; error?.message);,UNCLASSIFIED,,,UNCLASSIFIED,,
284,./server/src/controllers/authController.ts,615,        logger.warn('[Auth] Failed to write audit log'; auditErr?.message);,UNCLASSIFIED,,,UNCLASSIFIED,,
285,./server/src/controllers/authController.ts,650,      logger.error('Login error'; error);,UNCLASSIFIED,,,UNCLASSIFIED,,
286,./server/src/controllers/authController.ts,706,        logger.info(`User ${email} already exists; sending magic link for login`);,UNCLASSIFIED,,,UNCLASSIFIED,,
287,./server/src/controllers/authController.ts,725,            logger.warn(`Failed to send magic link email to ${email}; but continuing with token generation`);,UNCLASSIFIED,,,UNCLASSIFIED,,
288,./server/src/controllers/authController.ts,728,          logger.error(`Failed to send magic link email to ${email}:`; error.message);,UNCLASSIFIED,,,UNCLASSIFIED,,
289,./server/src/controllers/authController.ts,744,          logger.debug(`[Dev] Magic link token for existing user ${email}: ${token}`);,UNCLASSIFIED,,,UNCLASSIFIED,,
290,./server/src/controllers/authController.ts,801,        logger.warn('Registration: email send failed'; { email; error: emailError?.message });,UNCLASSIFIED,,,UNCLASSIFIED,,
291,./server/src/controllers/authController.ts,819,        logger.debug(`[DEV] Magic link token for ${email}: ${token}`);,UNCLASSIFIED,,,UNCLASSIFIED,,
292,./server/src/controllers/authController.ts,824,      logger.info(`New user registered: ${email}`);,UNCLASSIFIED,,,UNCLASSIFIED,,
293,./server/src/controllers/authController.ts,826,      logger.error('Registration error'; error);,UNCLASSIFIED,,,UNCLASSIFIED,,
294,./server/src/controllers/authController.ts,963,      logger.info(`User completed 2FA login: ${user.email}`);,UNCLASSIFIED,,,UNCLASSIFIED,,
295,./server/src/controllers/authController.ts,965,      logger.error('Complete 2FA login error'; error);,UNCLASSIFIED,,,UNCLASSIFIED,,
296,./server/src/controllers/authController.ts,1022,          logger.warn('Failed to send email confirmation; but profile was updated'; emailError);,UNCLASSIFIED,,,UNCLASSIFIED,,
297,./server/src/controllers/authController.ts,1059,      logger.info(`User profile updated: ${userId}`);,UNCLASSIFIED,,,UNCLASSIFIED,,
298,./server/src/controllers/authController.ts,1061,      logger.error('Update profile error'; error);,UNCLASSIFIED,,,UNCLASSIFIED,,
299,./server/src/controllers/authController.ts,1141,      logger.info(`Password changed for user: ${userId}`);,UNCLASSIFIED,,,UNCLASSIFIED,,
300,./server/src/controllers/authController.ts,1143,      logger.error('Change password error'; error);,UNCLASSIFIED,,,UNCLASSIFIED,,
301,./server/src/controllers/authController.ts,1208,      logger.info(`Avatar uploaded for user: ${userId}`);,UNCLASSIFIED,,,UNCLASSIFIED,,
302,./server/src/controllers/authController.ts,1210,      logger.error('Upload avatar error'; error);,UNCLASSIFIED,,,UNCLASSIFIED,,
303,./server/src/controllers/authController.ts,1278,        logger.warn('[Auth] Session termination not available'; error);,UNCLASSIFIED,,,UNCLASSIFIED,,
304,./server/src/controllers/authController.ts,1286,      logger.error('Logout error'; error);,UNCLASSIFIED,,,UNCLASSIFIED,,
305,./server/src/controllers/authController.ts,1315,        logger.info(`[Auth] Password reset requested for ${email}`);,UNCLASSIFIED,,,UNCLASSIFIED,,
306,./server/src/controllers/authController.ts,1317,        logger.info(`[Auth] Password reset requested for unknown/inactive email: ${email}`);,UNCLASSIFIED,,,UNCLASSIFIED,,
307,./server/src/controllers/authController.ts,1320,      logger.error('[Auth] Error processing forgot password'; error);,UNCLASSIFIED,,,UNCLASSIFIED,,
308,./server/src/controllers/authController.ts,1363,    logger.info(`[Auth] Password reset completed for user ${user.email}`);,UNCLASSIFIED,,,UNCLASSIFIED,,
309,./server/src/controllers/billingController.ts,92,      logger.error('Create checkout error'; error);,UNCLASSIFIED,,,UNCLASSIFIED,,
310,./server/src/controllers/billingController.ts,123,      logger.error('Create portal session error'; error);,UNCLASSIFIED,,,UNCLASSIFIED,,
311,./server/src/controllers/billingController.ts,175,      logger.error('Stripe webhook error'; error);,UNCLASSIFIED,,,UNCLASSIFIED,,
312,./server/src/controllers/billingController.ts,197,      logger.error('Get subscription error'; error);,UNCLASSIFIED,,,UNCLASSIFIED,,
313,./server/src/controllers/billingController.ts,218,      logger.error('Get available tiers error'; error);,UNCLASSIFIED,,,UNCLASSIFIED,,
314,./server/src/controllers/billingController.ts,263,      logger.error('Preview tier change error'; error);,UNCLASSIFIED,,,UNCLASSIFIED,,
315,./server/src/controllers/billingController.ts,315,      logger.error('Change tier error'; error);,UNCLASSIFIED,,,UNCLASSIFIED,,
316,./server/src/controllers/billingController.ts,353,      logger.error('Cancel subscription error'; error);,UNCLASSIFIED,,,UNCLASSIFIED,,
317,./server/src/controllers/billingController.ts,379,      logger.error('Reactivate subscription error'; error);,UNCLASSIFIED,,,UNCLASSIFIED,,
318,./server/src/controllers/billingController.ts,423,      logger.error('Add add-on error'; error);,UNCLASSIFIED,,,UNCLASSIFIED,,
319,./server/src/controllers/billingController.ts,454,      logger.error('Remove add-on error'; error);,UNCLASSIFIED,,,UNCLASSIFIED,,
320,./server/src/controllers/billingController.ts,475,      logger.error('Get usage metrics error'; error);,UNCLASSIFIED,,,UNCLASSIFIED,,
321,./server/src/controllers/billingController.ts,502,      logger.error('Get subscription history error'; error);,UNCLASSIFIED,,,UNCLASSIFIED,,
322,./server/src/controllers/billingController.ts,533,      logger.error('Request quote error'; error);,UNCLASSIFIED,,,UNCLASSIFIED,,
323,./server/src/controllers/billingController.ts,603,      logger.error('Process refund error'; error);,UNCLASSIFIED,,,UNCLASSIFIED,,
324,./server/src/controllers/billingController.ts,640,      logger.error('Get available features error'; error);,UNCLASSIFIED,,,UNCLASSIFIED,,
325,./server/src/controllers/billingController.ts,679,      logger.error('Get feature subscriptions error'; error);,UNCLASSIFIED,,,UNCLASSIFIED,,
326,./server/src/controllers/billingController.ts,708,      logger.error('Subscribe to feature error'; error);,UNCLASSIFIED,,,UNCLASSIFIED,,
327,./server/src/controllers/billingController.ts,728,      logger.error('Unsubscribe from feature error'; error);,UNCLASSIFIED,,,UNCLASSIFIED,,
328,./server/src/controllers/billingController.ts,757,      logger.error('Subscribe to bundle error'; error);,UNCLASSIFIED,,,UNCLASSIFIED,,
329,./server/src/controllers/billingController.ts,790,      logger.error('Get available bundles error'; error);,UNCLASSIFIED,,,UNCLASSIFIED,,
330,./server/src/controllers/billingController.ts,818,      logger.error('Check feature access error'; error);,UNCLASSIFIED,,,UNCLASSIFIED,,
331,./server/src/controllers/controlMappingsController.ts,92,      logger.error('Create mapping error'; error);,UNCLASSIFIED,,,UNCLASSIFIED,,
332,./server/src/controllers/controlMappingsController.ts,129,      logger.error('List mappings error'; error);,UNCLASSIFIED,,,UNCLASSIFIED,,
333,./server/src/controllers/controlMappingsController.ts,189,      logger.error('Get mappings error'; error);,UNCLASSIFIED,,,UNCLASSIFIED,,
334,./server/src/controllers/controlMappingsController.ts,259,      logger.error('Update mapping error'; error);,UNCLASSIFIED,,,UNCLASSIFIED,,
335,./server/src/controllers/controlMappingsController.ts,316,      logger.error('Delete mapping error'; error);,UNCLASSIFIED,,,UNCLASSIFIED,,
336,./server/src/controllers/controlMappingsController.ts,394,      logger.error('Export mappings error'; error);,UNCLASSIFIED,,,UNCLASSIFIED,,
337,./server/src/controllers/demoController.ts,110,      logger.info(`Demo request submitted: ${demoRequest.email} (${demoRequest.company})`);,UNCLASSIFIED,,,UNCLASSIFIED,,
338,./server/src/controllers/demoController.ts,259,      logger.info(`Demo request updated: ${id} - Status: ${status}`);,UNCLASSIFIED,,,UNCLASSIFIED,,
339,./server/src/controllers/demoController.ts,299,      logger.info(`Demo scheduled for ${demoRequest.email} at ${scheduledAt}`);,UNCLASSIFIED,,,UNCLASSIFIED,,
340,./server/src/controllers/demoController.ts,341,      logger.info(`Demo request converted: ${id} -> User ${userId}`);,UNCLASSIFIED,,,UNCLASSIFIED,,
341,./server/src/controllers/demoController.ts,458,      logger.info(`Demo request deleted: ${id}`);,UNCLASSIFIED,,,UNCLASSIFIED,,
342,./server/src/controllers/demoController.ts,629,      logger.info(`Demo request email sent to contact@complyeasyai.com for ${demoRequest.email}`);,UNCLASSIFIED,,,UNCLASSIFIED,,
343,./server/src/controllers/demoController.ts,631,      logger.error('Failed to send demo request email'; error);,UNCLASSIFIED,,,UNCLASSIFIED,,
344,./server/src/controllers/demoController.ts,634,        logger.error(`Email error details: ${error.message}`);,UNCLASSIFIED,,,UNCLASSIFIED,,
345,./server/src/controllers/demoController.ts,692,      logger.info(`Welcome email webhook dispatched for ${demoRequest.email}`);,UNCLASSIFIED,,,UNCLASSIFIED,,
346,./server/src/controllers/demoController.ts,694,      logger.error('Failed to dispatch welcome email webhook'; error);,UNCLASSIFIED,,,UNCLASSIFIED,,
347,./server/src/controllers/demoController.ts,743,      logger.info(`Demo request notification webhook dispatched for ${demoRequest.email}`);,UNCLASSIFIED,,,UNCLASSIFIED,,
348,./server/src/controllers/demoController.ts,745,      logger.error('Failed to dispatch demo request notification webhook'; error);,UNCLASSIFIED,,,UNCLASSIFIED,,
349,./server/src/controllers/demoController.ts,785,      logger.error('Failed to dispatch status change webhook'; error);,UNCLASSIFIED,,,UNCLASSIFIED,,
350,./server/src/controllers/demoController.ts,825,      logger.info(`Schedule confirmation webhook dispatched for ${demoRequest.email}`);,UNCLASSIFIED,,,UNCLASSIFIED,,
351,./server/src/controllers/demoController.ts,827,      logger.error('Failed to dispatch schedule confirmation webhook'; error);,UNCLASSIFIED,,,UNCLASSIFIED,,
352,./server/src/controllers/demoController.ts,867,      logger.info(`Conversion webhook dispatched for ${demoRequest.email}`);,UNCLASSIFIED,,,UNCLASSIFIED,,
353,./server/src/controllers/demoController.ts,869,      logger.error('Failed to dispatch conversion webhook'; error);,UNCLASSIFIED,,,UNCLASSIFIED,,
354,./server/src/controllers/evidenceVersioningController.ts,51,      logger.error('Get versions error'; { error: error.message; stack: error.stack; controlId: controlId });,UNCLASSIFIED,,,UNCLASSIFIED,,
355,./server/src/controllers/evidenceVersioningController.ts,96,      logger.error('Get version error'; { error: error.message; stack: error.stack });,UNCLASSIFIED,,,UNCLASSIFIED,,
356,./server/src/controllers/evidenceVersioningController.ts,172,      logger.error('Create version error'; error);,UNCLASSIFIED,,,UNCLASSIFIED,,
357,./server/src/controllers/evidenceVersioningController.ts,238,      logger.error('Restore version error'; error);,UNCLASSIFIED,,,UNCLASSIFIED,,
358,./server/src/controllers/evidenceVersioningController.ts,293,      logger.error('Delete version error'; error);,UNCLASSIFIED,,,UNCLASSIFIED,,
359,./server/src/controllers/featureModulesController.ts,289,    logger.error('Error fetching CE products:'; error);,UNCLASSIFIED,,,UNCLASSIFIED,,
360,./server/src/controllers/featureModulesController.ts,382,    logger.error('Error fetching CE documents:'; error);,UNCLASSIFIED,,,UNCLASSIFIED,,
361,./server/src/controllers/featureModulesController.ts,397,    logger.error('Error fetching CE risk items:'; error);,UNCLASSIFIED,,,UNCLASSIFIED,,
362,./server/src/controllers/featureModulesController.ts,443,    logger.error('Error fetching CE surveillance checks:'; error);,UNCLASSIFIED,,,UNCLASSIFIED,,
363,./server/src/controllers/featureModulesController.ts,460,    logger.error('Error fetching digital product passports:'; error);,UNCLASSIFIED,,,UNCLASSIFIED,,
364,./server/src/controllers/featureModulesController.ts,524,    logger.error('Error fetching DPP materials:'; error);,UNCLASSIFIED,,,UNCLASSIFIED,,
365,./server/src/controllers/featureModulesController.ts,546,    logger.error('Error fetching DPP carbon data:'; error);,UNCLASSIFIED,,,UNCLASSIFIED,,
366,./server/src/controllers/featureModulesController.ts,565,    logger.error('Error fetching DPP supply chain:'; error);,UNCLASSIFIED,,,UNCLASSIFIED,,
367,./server/src/controllers/featureModulesController.ts,590,    logger.error('Error fetching DPP sustainability:'; error);,UNCLASSIFIED,,,UNCLASSIFIED,,
368,./server/src/controllers/featureModulesController.ts,607,    logger.error('Error fetching DPP certifications:'; error);,UNCLASSIFIED,,,UNCLASSIFIED,,
369,./server/src/controllers/featureModulesController.ts,898,    logger.error('Error aggregating SBOM licenses:'; error);,UNCLASSIFIED,,,UNCLASSIFIED,,
370,./server/src/controllers/featureModulesController.ts,916,    logger.error('Error fetching surveillance plans:'; error);,UNCLASSIFIED,,,UNCLASSIFIED,,
371,./server/src/controllers/featureModulesController.ts,977,    logger.error('Error fetching product recalls:'; error);,UNCLASSIFIED,,,UNCLASSIFIED,,
372,./server/src/controllers/frameworksController.ts,54,      logger.error('List frameworks error'; error);,UNCLASSIFIED,,,UNCLASSIFIED,,
373,./server/src/controllers/frameworksController.ts,118,      logger.error('Get framework error'; error);,UNCLASSIFIED,,,UNCLASSIFIED,,
374,./server/src/controllers/frameworksController.ts,171,          logger.info(`Auto-created ${controlsCreated.length} controls for EU framework: ${sanitizedName}`; {,UNCLASSIFIED,,,UNCLASSIFIED,,
375,./server/src/controllers/frameworksController.ts,176,          logger.error(`Failed to auto-create controls for EU framework: ${sanitizedName}`; controlError);,UNCLASSIFIED,,,UNCLASSIFIED,,
376,./server/src/controllers/frameworksController.ts,192,      logger.info(`Framework created: ${framework.id}`);,UNCLASSIFIED,,,UNCLASSIFIED,,
377,./server/src/controllers/frameworksController.ts,194,      logger.error('Create framework error'; error);,UNCLASSIFIED,,,UNCLASSIFIED,,
378,./server/src/controllers/frameworksController.ts,263,          logger.warn(`Framework ${id} audit date set to past date: ${auditDate.toISOString()}`);,UNCLASSIFIED,,,UNCLASSIFIED,,
379,./server/src/controllers/frameworksController.ts,295,      logger.error('Update framework error'; error);,UNCLASSIFIED,,,UNCLASSIFIED,,
380,./server/src/controllers/frameworksController.ts,382,          logger.warn('[Framework] Notification service not available'; notifError);,UNCLASSIFIED,,,UNCLASSIFIED,,
381,./server/src/controllers/frameworksController.ts,398,      logger.error('Resolve conflict error'; error);,UNCLASSIFIED,,,UNCLASSIFIED,,
382,./server/src/controllers/frameworksController.ts,431,      logger.error('Delete framework error'; error);,UNCLASSIFIED,,,UNCLASSIFIED,,
383,./server/src/controllers/frameworksController.ts,498,      logger.error('Export control error'; error);,UNCLASSIFIED,,,UNCLASSIFIED,,
384,./server/src/controllers/frameworksController.ts,567,      logger.error('Create control error'; error);,UNCLASSIFIED,,,UNCLASSIFIED,,
385,./server/src/controllers/frameworksController.ts,631,          logger.warn('Failed to update control loop confidence'; acosError);,UNCLASSIFIED,,,UNCLASSIFIED,,
386,./server/src/controllers/frameworksController.ts,653,          logger.warn('Failed to send owner assignment notification'; notificationError);,UNCLASSIFIED,,,UNCLASSIFIED,,
387,./server/src/controllers/frameworksController.ts,660,        logger.warn(`Control ${control.id} status updated to ${updateData.status} but evidence is required and not uploaded`);,UNCLASSIFIED,,,UNCLASSIFIED,,
388,./server/src/controllers/frameworksController.ts,687,      logger.error('Update control error'; error);,UNCLASSIFIED,,,UNCLASSIFIED,,
389,./server/src/controllers/frameworksController.ts,750,      logger.error('Bulk update controls error'; error);,UNCLASSIFIED,,,UNCLASSIFIED,,
390,./server/src/controllers/frameworksController.ts,762,      logger.info(`Upload evidence request: frameworkId=${frameworkId}; controlId=${controlId}; organizationId=${organizationId}`);,UNCLASSIFIED,,,UNCLASSIFIED,,
391,./server/src/controllers/frameworksController.ts,770,        logger.warn(`Framework not found: ${frameworkId} for organization ${organizationId}`);,UNCLASSIFIED,,,UNCLASSIFIED,,
392,./server/src/controllers/frameworksController.ts,779,        logger.warn(`Control not found: ${controlId} for framework ${frameworkId}`);,UNCLASSIFIED,,,UNCLASSIFIED,,
393,./server/src/controllers/frameworksController.ts,786,        logger.warn('No file uploaded in request');,UNCLASSIFIED,,,UNCLASSIFIED,,
394,./server/src/controllers/frameworksController.ts,790,      logger.info(`File received: ${file.originalname}; size: ${file.size}; type: ${file.mimetype}`);,UNCLASSIFIED,,,UNCLASSIFIED,,
395,./server/src/controllers/frameworksController.ts,802,        logger.info(`File uploaded to S3: ${uploadResult.url}`);,UNCLASSIFIED,,,UNCLASSIFIED,,
396,./server/src/controllers/frameworksController.ts,804,        logger.error('S3 upload error'; s3Error);,UNCLASSIFIED,,,UNCLASSIFIED,,
397,./server/src/controllers/frameworksController.ts,828,        logger.warn('Failed to create evidence version'; versionError);,UNCLASSIFIED,,,UNCLASSIFIED,,
398,./server/src/controllers/frameworksController.ts,850,        logger.info(`Evidence updated for control: ${controlId}`);,UNCLASSIFIED,,,UNCLASSIFIED,,
399,./server/src/controllers/frameworksController.ts,861,        logger.error('Database update error'; dbError);,UNCLASSIFIED,,,UNCLASSIFIED,,
400,./server/src/controllers/frameworksController.ts,865,      logger.error('Upload evidence error'; error);,UNCLASSIFIED,,,UNCLASSIFIED,,
401,./server/src/controllers/frameworksController.ts,928,        logger.error('Failed to generate signed URL'; s3Error);,UNCLASSIFIED,,,UNCLASSIFIED,,
402,./server/src/controllers/frameworksController.ts,931,        logger.error('S3 Key used:'; s3Key);,UNCLASSIFIED,,,UNCLASSIFIED,,
403,./server/src/controllers/frameworksController.ts,932,        logger.error('Original evidence URL:'; control.evidence);,UNCLASSIFIED,,,UNCLASSIFIED,,
404,./server/src/controllers/frameworksController.ts,936,      logger.error('Get evidence URL error'; error);,UNCLASSIFIED,,,UNCLASSIFIED,,
405,./server/src/controllers/frameworksController.ts,1077,      logger.error('Smart upload error'; error);,UNCLASSIFIED,,,UNCLASSIFIED,,
406,./server/src/controllers/frameworksController.ts,1148,      logger.error('Accept suggestion error'; error);,UNCLASSIFIED,,,UNCLASSIFIED,,
407,./server/src/controllers/frameworksController.ts,1197,      logger.error('Reject suggestion error'; error);,UNCLASSIFIED,,,UNCLASSIFIED,,
408,./server/src/controllers/frameworksController.ts,1241,      logger.error('Get suggestions error'; error);,UNCLASSIFIED,,,UNCLASSIFIED,,
409,./server/src/controllers/frameworksController.ts,1291,      logger.error('Delete control error'; error);,UNCLASSIFIED,,,UNCLASSIFIED,,
410,./server/src/controllers/integrationsController.ts,155,    logger.error('Error generating Google auth URL'; error);,UNCLASSIFIED,,,UNCLASSIFIED,,
411,./server/src/controllers/integrationsController.ts,198,          logger.warn(`Google OAuth token exchange attempt ${attempt + 1} failed; retrying in ${delay}ms...`);,UNCLASSIFIED,,,UNCLASSIFIED,,
412,./server/src/controllers/integrationsController.ts,220,        logger.error('Error in Google OAuth callback (non-retryable)'; error);,UNCLASSIFIED,,,UNCLASSIFIED,,
413,./server/src/controllers/integrationsController.ts,234,        logger.warn(`Google OAuth callback attempt ${attempt + 1} failed; retrying in ${delay}ms...`; error.message);,UNCLASSIFIED,,,UNCLASSIFIED,,
414,./server/src/controllers/integrationsController.ts,242,  logger.error('Error in Google OAuth callback after retries'; lastError);,UNCLASSIFIED,,,UNCLASSIFIED,,
415,./server/src/controllers/integrationsController.ts,273,    logger.error('Error syncing Google data'; error);,UNCLASSIFIED,,,UNCLASSIFIED,,
416,./server/src/controllers/integrationsController.ts,286,    logger.error('Error disconnecting Google'; error);,UNCLASSIFIED,,,UNCLASSIFIED,,
417,./server/src/controllers/integrationsController.ts,305,    logger.error('Error generating GitHub auth URL'; error);,UNCLASSIFIED,,,UNCLASSIFIED,,
418,./server/src/controllers/integrationsController.ts,336,    logger.error('Error in GitHub OAuth callback'; error);,UNCLASSIFIED,,,UNCLASSIFIED,,
419,./server/src/controllers/integrationsController.ts,374,    logger.error('Error syncing GitHub data'; error);,UNCLASSIFIED,,,UNCLASSIFIED,,
420,./server/src/controllers/integrationsController.ts,387,    logger.error('Error disconnecting GitHub'; error);,UNCLASSIFIED,,,UNCLASSIFIED,,
421,./server/src/controllers/integrationsController.ts,406,    logger.error('Error generating Slack auth URL'; error);,UNCLASSIFIED,,,UNCLASSIFIED,,
422,./server/src/controllers/integrationsController.ts,434,    logger.error('Error in Slack OAuth callback'; error);,UNCLASSIFIED,,,UNCLASSIFIED,,
423,./server/src/controllers/integrationsController.ts,466,    logger.error('Error syncing Slack data'; error);,UNCLASSIFIED,,,UNCLASSIFIED,,
424,./server/src/controllers/integrationsController.ts,485,    logger.error('Error posting Slack message'; error);,UNCLASSIFIED,,,UNCLASSIFIED,,
425,./server/src/controllers/integrationsController.ts,498,    logger.error('Error disconnecting Slack'; error);,UNCLASSIFIED,,,UNCLASSIFIED,,
426,./server/src/controllers/integrationsController.ts,517,    logger.error('Error generating Jira auth URL'; error);,UNCLASSIFIED,,,UNCLASSIFIED,,
427,./server/src/controllers/integrationsController.ts,562,    logger.error('Error in Jira OAuth callback'; error);,UNCLASSIFIED,,,UNCLASSIFIED,,
428,./server/src/controllers/integrationsController.ts,594,    logger.error('Error syncing Jira data'; error);,UNCLASSIFIED,,,UNCLASSIFIED,,
429,./server/src/controllers/integrationsController.ts,619,    logger.error('Error creating Jira issue'; error);,UNCLASSIFIED,,,UNCLASSIFIED,,
430,./server/src/controllers/integrationsController.ts,632,    logger.error('Error disconnecting Jira'; error);,UNCLASSIFIED,,,UNCLASSIFIED,,
431,./server/src/controllers/integrationsController.ts,673,    logger.error('Error connecting AWS'; error);,UNCLASSIFIED,,,UNCLASSIFIED,,
432,./server/src/controllers/integrationsController.ts,712,    logger.error('Error syncing AWS data'; error);,UNCLASSIFIED,,,UNCLASSIFIED,,
433,./server/src/controllers/integrationsController.ts,725,    logger.error('Error disconnecting AWS'; error);,UNCLASSIFIED,,,UNCLASSIFIED,,
434,./server/src/controllers/integrationsController.ts,756,    logger.error('Error listing integrations'; error);,UNCLASSIFIED,,,UNCLASSIFIED,,
435,./server/src/controllers/integrationsController.ts,793,    logger.error('Error getting integration status'; error);,UNCLASSIFIED,,,UNCLASSIFIED,,
436,./server/src/controllers/integrationsController.ts,846,      logger.info(`Azure credentials validated for tenant ${tenantId}; subscription ${subscriptionId}`);,UNCLASSIFIED,,,UNCLASSIFIED,,
437,./server/src/controllers/integrationsController.ts,853,      logger.error('Azure credential validation failed'; errorMsg);,UNCLASSIFIED,,,UNCLASSIFIED,,
438,./server/src/controllers/integrationsController.ts,904,    logger.error('Error connecting Azure'; error);,UNCLASSIFIED,,,UNCLASSIFIED,,
439,./server/src/controllers/integrationsController.ts,962,    logger.error('Error syncing Azure data'; error);,UNCLASSIFIED,,,UNCLASSIFIED,,
440,./server/src/controllers/integrationsController.ts,999,    logger.error('Error disconnecting Azure'; error);,UNCLASSIFIED,,,UNCLASSIFIED,,
441,./server/src/controllers/integrationsController.ts,1046,    logger.error('Error running Azure full sync'; error);,UNCLASSIFIED,,,UNCLASSIFIED,,
442,./server/src/controllers/integrationsController.ts,1061,    logger.error('Error getting Azure sync status'; error);,UNCLASSIFIED,,,UNCLASSIFIED,,
443,./server/src/controllers/integrationsController.ts,1081,    logger.error('Error getting Azure sync history'; error);,UNCLASSIFIED,,,UNCLASSIFIED,,
444,./server/src/controllers/integrationsController.ts,1109,    logger.error('Error getting Azure synced resources'; error);,UNCLASSIFIED,,,UNCLASSIFIED,,
445,./server/src/controllers/integrationsController.ts,1137,    logger.error('Error getting Azure synced security findings'; error);,UNCLASSIFIED,,,UNCLASSIFIED,,
446,./server/src/controllers/integrationsController.ts,1165,    logger.error('Error getting Azure synced security alerts'; error);,UNCLASSIFIED,,,UNCLASSIFIED,,
447,./server/src/controllers/integrationsController.ts,1193,    logger.error('Error getting Azure synced users'; error);,UNCLASSIFIED,,,UNCLASSIFIED,,
448,./server/src/controllers/integrationsController.ts,1220,    logger.error('Error getting Azure synced policies'; error);,UNCLASSIFIED,,,UNCLASSIFIED,,
449,./server/src/controllers/integrationsController.ts,1332,          logger.info(`API key validated successfully for ${provider}`; {,UNCLASSIFIED,,,UNCLASSIFIED,,
450,./server/src/controllers/integrationsController.ts,1348,          logger.error(`API key validation failed for ${provider}:`; { message: errorMessage; status: validationError?.response?.status });,UNCLASSIFIED,,,UNCLASSIFIED,,
451,./server/src/controllers/integrationsController.ts,1390,          logger.info(`API key and secret validated successfully for ${provider}`; {,UNCLASSIFIED,,,UNCLASSIFIED,,
452,./server/src/controllers/integrationsController.ts,1395,          logger.error(`API key validation failed for ${provider}:`; validationError);,UNCLASSIFIED,,,UNCLASSIFIED,,
453,./server/src/controllers/integrationsController.ts,1446,        logger.info(`PAT validated successfully for ${provider}`; {,UNCLASSIFIED,,,UNCLASSIFIED,,
454,./server/src/controllers/integrationsController.ts,1462,        logger.error(`PAT validation failed for ${provider}:`; { message: errorMessage; status: validationError?.response?.status });,UNCLASSIFIED,,,UNCLASSIFIED,,
455,./server/src/controllers/integrationsController.ts,1580,    logger.error('Error connecting provider'; error);,UNCLASSIFIED,,,UNCLASSIFIED,,
456,./server/src/controllers/integrationsController.ts,1606,    logger.error('Error in generic authorize'; error);,UNCLASSIFIED,,,UNCLASSIFIED,,
457,./server/src/controllers/integrationsController.ts,1667,        logger.info(`Integration sync collected ${syncResult.evidenceCollected.length} evidence artifacts from ${integration.name}`);,UNCLASSIFIED,,,UNCLASSIFIED,,
458,./server/src/controllers/integrationsController.ts,1670,      logger.info(,UNCLASSIFIED,,,UNCLASSIFIED,,
459,./server/src/controllers/integrationsController.ts,1716,    logger.info(`Integration synced: ${provider} for organization ${organizationId}`);,UNCLASSIFIED,,,UNCLASSIFIED,,
460,./server/src/controllers/integrationsController.ts,1718,    logger.error('Error syncing provider'; error);,UNCLASSIFIED,,,UNCLASSIFIED,,
461,./server/src/controllers/integrationsController.ts,1781,    logger.error('Error testing provider connection'; error);,UNCLASSIFIED,,,UNCLASSIFIED,,
462,./server/src/controllers/integrationsController.ts,1820,    logger.info(`Collected ${evidence.length} evidence items from ${integration.name}`);,UNCLASSIFIED,,,UNCLASSIFIED,,
463,./server/src/controllers/integrationsController.ts,1846,    logger.error('Error collecting provider evidence'; error);,UNCLASSIFIED,,,UNCLASSIFIED,,
464,./server/src/controllers/integrationsController.ts,1923,    logger.error('Error bulk testing connections'; error);,UNCLASSIFIED,,,UNCLASSIFIED,,
465,./server/src/controllers/integrationsController.ts,1951,    logger.error('Error getting registry stats'; error);,UNCLASSIFIED,,,UNCLASSIFIED,,
466,./server/src/controllers/integrationsController.ts,1999,    logger.info(`Integration disconnected: ${provider} for organization ${organizationId}`);,UNCLASSIFIED,,,UNCLASSIFIED,,
467,./server/src/controllers/integrationsController.ts,2001,    logger.error('Error disconnecting provider'; error);,UNCLASSIFIED,,,UNCLASSIFIED,,
468,./server/src/controllers/onboardingController.ts,50,      logger.error('Failed to get onboarding progress:'; error);,UNCLASSIFIED,,,UNCLASSIFIED,,
469,./server/src/controllers/onboardingController.ts,131,      logger.error('Failed to update onboarding progress:'; error);,UNCLASSIFIED,,,UNCLASSIFIED,,
470,./server/src/controllers/onboardingController.ts,163,      logger.error('Failed to track onboarding event:'; error);,UNCLASSIFIED,,,UNCLASSIFIED,,
471,./server/src/controllers/onboardingController.ts,259,      logger.error('Failed to complete milestone:'; error);,UNCLASSIFIED,,,UNCLASSIFIED,,
472,./server/src/controllers/onboardingController.ts,294,      logger.error('Failed to update onboarding preferences:'; error);,UNCLASSIFIED,,,UNCLASSIFIED,,
473,./server/src/controllers/onboardingController.ts,353,      logger.error('Failed to skip flow:'; error);,UNCLASSIFIED,,,UNCLASSIFIED,,
474,./server/src/controllers/onboardingController.ts,402,      logger.error('Failed to reset onboarding:'; error);,UNCLASSIFIED,,,UNCLASSIFIED,,
475,./server/src/controllers/onboardingController.ts,425,      logger.error('Failed to get onboarding checklist:'; error);,UNCLASSIFIED,,,UNCLASSIFIED,,
476,./server/src/controllers/onboardingController.ts,499,      logger.error('Failed to update onboarding checklist:'; error);,UNCLASSIFIED,,,UNCLASSIFIED,,
477,./server/src/controllers/organizationController.ts,33,      logger.error('Get organization error'; error);,UNCLASSIFIED,,,UNCLASSIFIED,,
478,./server/src/controllers/organizationController.ts,96,      logger.info(`Organization updated: ${organizationId}`);,UNCLASSIFIED,,,UNCLASSIFIED,,
479,./server/src/controllers/organizationController.ts,98,      logger.error('Update organization error'; error);,UNCLASSIFIED,,,UNCLASSIFIED,,
480,./server/src/controllers/risksController.ts,66,      logger.error('List risks error'; error);,UNCLASSIFIED,,,UNCLASSIFIED,,
481,./server/src/controllers/risksController.ts,100,      logger.error('Get risk error'; error);,UNCLASSIFIED,,,UNCLASSIFIED,,
482,./server/src/controllers/risksController.ts,165,      logger.info(`Risk created: ${risk.id}`);,UNCLASSIFIED,,,UNCLASSIFIED,,
483,./server/src/controllers/risksController.ts,167,      logger.error('Create risk error'; error);,UNCLASSIFIED,,,UNCLASSIFIED,,
484,./server/src/controllers/risksController.ts,280,      logger.info(`Risk updated: ${risk.id}`);,UNCLASSIFIED,,,UNCLASSIFIED,,
485,./server/src/controllers/risksController.ts,282,      logger.error('Update risk error'; error);,UNCLASSIFIED,,,UNCLASSIFIED,,
486,./server/src/controllers/risksController.ts,319,      logger.info(`Risk deleted: ${id}`);,UNCLASSIFIED,,,UNCLASSIFIED,,
487,./server/src/controllers/risksController.ts,321,      logger.error('Delete risk error'; error);,UNCLASSIFIED,,,UNCLASSIFIED,,
488,./server/src/controllers/risksController.ts,371,      logger.info(`Risks prioritized: ${prioritized.length}`);,UNCLASSIFIED,,,UNCLASSIFIED,,
489,./server/src/controllers/risksController.ts,373,      logger.error('Prioritize risks error'; error);,UNCLASSIFIED,,,UNCLASSIFIED,,
490,./server/src/controllers/risksController.ts,405,      logger.info(`Remediation plan generated for risk: ${id}`);,UNCLASSIFIED,,,UNCLASSIFIED,,
491,./server/src/controllers/risksController.ts,407,      logger.error('Generate remediation error'; error);,UNCLASSIFIED,,,UNCLASSIFIED,,
492,./server/src/controllers/risksController.ts,607,      logger.info(`Risk scan completed for organization: ${organizationId}; found ${newRisks.length} new risks`);,UNCLASSIFIED,,,UNCLASSIFIED,,
493,./server/src/controllers/risksController.ts,609,      logger.error('Risk scan error'; error);,UNCLASSIFIED,,,UNCLASSIFIED,,
494,./server/src/controllers/securityController.ts,56,      logger.error('Verify device trust error'; error);,UNCLASSIFIED,,,UNCLASSIFIED,,
495,./server/src/controllers/securityController.ts,89,      logger.error('Evaluate access request error'; error);,UNCLASSIFIED,,,UNCLASSIFIED,,
496,./server/src/controllers/securityController.ts,103,      logger.error('Create Zero Trust policy error'; error);,UNCLASSIFIED,,,UNCLASSIFIED,,
497,./server/src/controllers/securityController.ts,114,      logger.error('Get Zero Trust policies error'; error);,UNCLASSIFIED,,,UNCLASSIFIED,,
498,./server/src/controllers/securityController.ts,130,      logger.error('Get Zero Trust policy error'; error);,UNCLASSIFIED,,,UNCLASSIFIED,,
499,./server/src/controllers/securityController.ts,165,      logger.error('Update Zero Trust policy error'; error);,UNCLASSIFIED,,,UNCLASSIFIED,,
500,./server/src/controllers/securityController.ts,197,      logger.error('Delete Zero Trust policy error'; error);,UNCLASSIFIED,,,UNCLASSIFIED,,
